# TrinityCore - WowPacketParser
# File name: Gorgrond
# Detected build: V9_0_5_38134
# Detected locale: enUS
# Targeted database: Shadowlands
# Parsing date: 08/25/2021 14:17:41


UPDATE `gameobject_template_addon` SET `flags`=2113552, `WorldEffectID`=2437 WHERE `entry`=233504; -- Remains of Grimnir Ashpick
UPDATE `gameobject_template_addon` SET `flags`=1048608 WHERE `entry`=231582; -- Lumber Mill
UPDATE `gameobject_template_addon` SET `faction`=114 WHERE `entry`=236856; -- Trophy Table
UPDATE `gameobject_template_addon` SET `faction`=1375 WHERE `entry`=214975; -- Lumber
UPDATE `gameobject_template_addon` SET `flags`=2113540 WHERE `entry`=231769; -- Glowing Mushroom
UPDATE `gameobject_template_addon` SET `faction`=114 WHERE `entry`=231618; -- Goren Sinkhole
UPDATE `gameobject_template_addon` SET `flags`=2113552, `WorldEffectID`=2437 WHERE `entry`=233501; -- Mysterious Petrified Pod
UPDATE `gameobject_template_addon` SET `faction`=114, `flags`=32 WHERE `entry`=234206; -- Barrier Stone
UPDATE `gameobject_template_addon` SET `flags`=8192 WHERE `entry`=233024; -- Orc Skeleton
UPDATE `gameobject_template_addon` SET `flags`=8192, `WorldEffectID`=2437 WHERE `entry`=236096; -- Remains of Balldir Deeprock
UPDATE `gameobject_template_addon` SET `faction`=35 WHERE `entry`=231617; -- Campfire
UPDATE `gameobject_template_addon` SET `faction`=94, `flags`=32800 WHERE `entry`=233635; -- Large Timber
UPDATE `gameobject_template_addon` SET `flags`=32 WHERE `entry`=236717; -- Odd Boulder
UPDATE `gameobject_template_addon` SET `AIAnimKitID`=835 WHERE `entry`=231171; -- The Tank
UPDATE `gameobject_template_addon` SET `flags`=2113552, `WorldEffectID`=2437 WHERE `entry`=235127; -- Mysterious Petrified Pod
UPDATE `gameobject_template_addon` SET `flags`=8192 WHERE `entry`=231228; -- Fungal Heart
UPDATE `gameobject_template_addon` SET `flags`=262176 WHERE `entry`=234425; -- Dark Iron Mole Machine
UPDATE `gameobject_template_addon` SET `flags`=32 WHERE `entry`=233046; -- Drained Fungal Heart
UPDATE `gameobject_template_addon` SET `faction`=114, `flags`=32 WHERE `entry`=236145; -- Rylak Nest
UPDATE `gameobject_template_addon` SET `flags`=32, `WorldEffectID`=2437 WHERE `entry`=236147; -- Vindicator's Hammer
UPDATE `gameobject_template_addon` SET `flags`=8192, `AIAnimKitID`=4173 WHERE `entry`=234551; -- Gylza's Glider
UPDATE `gameobject_template_addon` SET `flags`=16, `WorldEffectID`=2437 WHERE `entry`=236400; -- Ancient Ogre Cache
UPDATE `gameobject_template_addon` SET `flags`=8192, `WorldEffectID`=2437 WHERE `entry`=236170; -- Remains of Balik Orecrusher
UPDATE `gameobject_template_addon` SET `faction`=94, `flags`=32800 WHERE `entry`=233604; -- Small Timber
UPDATE `gameobject_template_addon` SET `flags`=2113552, `WorldEffectID`=2437 WHERE `entry`=233507; -- Forgotten Ogre Cache
UPDATE `gameobject_template_addon` SET `flags`=2113536 WHERE `entry`=233296; -- Ancient Ogre Hoard Jar
UPDATE `gameobject_template_addon` SET `flags`=16, `WorldEffectID`=2437 WHERE `entry`=236402; -- Ancient Titan Chest
UPDATE `gameobject_template_addon` SET `flags`=32 WHERE `entry`=232015; -- Draenei Tent
UPDATE `gameobject_template_addon` SET `flags`=278528 WHERE `entry`=228573; -- Gorgrond Flytrap
UPDATE `gameobject_template_addon` SET `flags`=2113552, `WorldEffectID`=2437 WHERE `entry`=233559; -- Forgotten Skull Cache
UPDATE `gameobject_template_addon` SET `flags`=16, `WorldEffectID`=2437 WHERE `entry`=236404; -- Aged Stone Container
UPDATE `gameobject_template_addon` SET `faction`=94, `flags`=32800 WHERE `entry`=234080; -- Small Timber
UPDATE `gameobject_template_addon` SET `WorldEffectID`=2100 WHERE `entry`=236173; -- Climbing Rope
UPDATE `gameobject_template_addon` SET `WorldEffectID`=569 WHERE `entry`=227998; -- Ockbar's Pack
UPDATE `gameobject_template_addon` SET `flags`=32 WHERE `entry`=233138; -- Hardened Thornvine
UPDATE `gameobject_template_addon` SET `flags`=16, `WorldEffectID`=2437 WHERE `entry`=236406; -- Ancient Ogre Cache
UPDATE `gameobject_template_addon` SET `faction`=114, `flags`=8192 WHERE `entry`=236172; -- Climbing Rope
UPDATE `gameobject_template_addon` SET `flags`=32 WHERE `entry`=236256; -- Odd Boulder
UPDATE `gameobject_template_addon` SET `faction`=114, `flags`=32 WHERE `entry`=231678; -- Stonemaul Slave Cage
UPDATE `gameobject_template_addon` SET `flags`=8192 WHERE `entry`=236629; -- Skeleton
UPDATE `gameobject_template_addon` SET `flags`=8192 WHERE `entry`=236631; -- Beer Keg
UPDATE `gameobject_template_addon` SET `flags`=8192 WHERE `entry`=235380; -- Barricade
UPDATE `gameobject_template_addon` SET `flags`=8192 WHERE `entry`=235383; -- Ammo Box
UPDATE `gameobject_template_addon` SET `flags`=8192 WHERE `entry`=235382; -- Barrel
UPDATE `gameobject_template_addon` SET `flags`=8192 WHERE `entry`=231911; -- Iron Horde Tent 02
UPDATE `gameobject_template_addon` SET `flags`=2113540 WHERE `entry`=230752; -- Footman Longsword
UPDATE `gameobject_template_addon` SET `flags`=2113540 WHERE `entry`=230751; -- Footman Longsword
UPDATE `gameobject_template_addon` SET `flags`=2113540 WHERE `entry`=230753; -- Thunderbrew Keg
UPDATE `gameobject_template_addon` SET `flags`=1048608 WHERE `entry`=231810; -- Construction Plot
UPDATE `gameobject_template_addon` SET `flags`=1048608 WHERE `entry`=231731; -- Construction Plot
UPDATE `gameobject_template_addon` SET `flags`=36 WHERE `entry`=222690; -- Shrouding Stone

DELETE FROM `creature_template_addon` WHERE `entry` IN (74959 /*74959 (The Tank)*/, 81119 /*81119 (Drafting Table)*/, 81535 /*81535 (Tarlna the Ageless)*/, 84766 /*84766 (Glirin)*/, 80721 /*80721 (Fungus Covered Shambler) - Cosmetic - Amber Gas State*/, 81020 /*81020 (Rangari Jonaa)*/, 80714 /*80714 (Fungal Lurcher) - Fungal Decay, Cosmetic - Amber Gas State*/, 81252 /*81252 (Drov the Ruiner)*/, 81005 /*81005 (Silent Watcher)*/, 85979 /*85979 (Gorgrond Water Snake)*/, 81013 /*81013 (Rangari Rajess)*/, 86262 /*86262 (Lumbering Ancient)*/, 80762 /*80762 (Khaano)*/, 86360 /*86360 (Lazybop Riverbeast)*/, 81018 /*81018 (Rangari Kolaan)*/, 75136 /*75136 (Thaelin Darkanvil)*/, 80987 /*80987 (Rangari Kaalya)*/, 84373 /*84373 (Harvester Ommru)*/, 84864 /*84864 (Naielle's Watch - Cave Entrance)*/, 84867 /*84867 (Rangari Elekk) - Permanent Feign Death (NO Stun, Untrackable, Immune)*/, 80874 /*80874 (Thaelin Darkanvil) - Ride Vehicle Hardcoded*/, 84451 /*84451 (Aggressive Growth)*/, 84862 /*84862 (Podling Trapper)*/, 84391 /*84391 (Crimson Mandragora) - Vile Blood*/, 80922 /*80922 (Rangari Kaalya)*/, 84402 /*84402 (Podling Scavenger) - Mod Scale 95-100%*/, 88479 /*88479 (Podling Scavenger) - Mod Scale 95-100%, Permanent Feign Death (NO Stun, Untrackable, Immune), Riddled With Arrows*/, 84663 /*84663 (Fallen Rangari) - Permanent Feign Death (NO Stun, Untrackable, Immune)*/, 80921 /*80921 (Rangari D'kaan)*/, 85807 /*85807 (Weald Stinger)*/, 85809 /*85809 (Thorny Leafling)*/, 75207 /*75207 (Biolante) - Vile Blood*/, 81884 /*81884 (Rangari Thewe)*/, 86410 /*86410 (Sylldross)*/, 86417 /*86417 (Vicious Sea Serpent)*/, 82493 /*82493 (Sappy)*/, 83560 /*83560 (Boneyard Tunneler)*/, 80731 /*80731 (Fungal Ooze)*/, 80739 /*80739 (Fungal Stomper)*/, 80716 /*80716 (Engorged Mushroom)*/, 82437 /*82437 (Tangled Sapling)*/, 82322 /*82322 (Tangleheart Cultivator)*/, 82360 /*82360 (Greenbough Ancient)*/, 85207 /*85207 (General Purpose Stalker)*/, 86074 /*86074 (Lil' Roardan)*/, 80785 /*80785 (Fungal Praetorian) - Cosmetic - Orange Gas State (12.00)*/, 84852 /*84852 (Heartsting Pollinator)*/, 77150 /*77150 (Salt Elemental)*/, 85250 /*85250 (Fossilwood the Petrified)*/, 82284 /*82284 (Emberbark Ancient)*/, 82569 /*82569 (Frenna)*/, 78572 /*78572 (Wild Witherhide Bull)*/, 83522 /*83522 (Hive Queen Skrikka)*/, 86520 /*86520 (Stompalupagus)*/, 78571 /*78571 (Witherhide Mother)*/, 61438 /*61438 (Gold Beetle)*/, 32258 /*32258 (Gold Beetle)*/, 86134 /*86134 (Vicious Cave Basilisk)*/, 78570 /*78570 (Witherhide Calf)*/, 76465 /*76465 (Pale Flinger) - Dementia*/, 76534 /*76534 (Pale Spiderwalker)*/, 76548 /*76548 (Spider Egg Sac)*/, 86423 /*86423 (Jungle Wastetalon)*/, 83448 /*83448 (Scavenging Crawler)*/, 85254 /*85254 (Wood Wasp)*/, 83447 /*83447 (Scavenger Wasp)*/, 88431 /*88431 (Wood Wasp)*/, 83449 /*83449 (Frenzied Forager)*/, 83450 /*83450 (Frenzied Spitter)*/, 85267 /*85267 (Grom'kar Shieldbearer) - Permanent Feign Death (NO Stun, Untrackable, Immune), Dual Wield*/, 80744 /*80744 (Thorny Stabber)*/, 85762 /*85762 (Highlands Calfling)*/, 77561 /*77561 (Dr. Gloom) - Carrying Flash Bomb, Carrying Noxious Bomb, Carrying Smoke Bomb, Flamethrower Backpack*/);
INSERT INTO `creature_template_addon` (`entry`, `path_id`, `mount`, `bytes1`, `bytes2`, `emote`, `aiAnimKit`, `movementAnimKit`, `meleeAnimKit`, `auras`) VALUES
(74959, 0, 0, 1, 1, 0, 0, 0, 0, ''), -- 74959 (The Tank)
(81119, 0, 0, 0, 1, 0, 0, 0, 0, ''), -- 81119 (Drafting Table)
(81535, 0, 0, 0, 1, 0, 0, 0, 0, ''), -- 81535 (Tarlna the Ageless)
(84766, 0, 0, 0, 1, 0, 0, 0, 0, ''), -- 84766 (Glirin)
(80721, 0, 0, 0, 1, 0, 1078, 0, 0, ''), -- 80721 (Fungus Covered Shambler) - Cosmetic - Amber Gas State
(81020, 0, 0, 0, 258, 0, 0, 0, 0, ''), -- 81020 (Rangari Jonaa)
(80714, 0, 0, 0, 1, 0, 0, 0, 0, ''), -- 80714 (Fungal Lurcher) - Fungal Decay, Cosmetic - Amber Gas State
(81252, 0, 0, 0, 1, 0, 0, 0, 0, ''), -- 81252 (Drov the Ruiner)
(81005, 0, 0, 0, 1, 0, 0, 0, 0, ''), -- 81005 (Silent Watcher)
(85979, 0, 0, 0, 1, 0, 0, 0, 0, ''), -- 85979 (Gorgrond Water Snake)
(81013, 0, 0, 8, 257, 0, 0, 0, 0, ''), -- 81013 (Rangari Rajess)
(86262, 0, 0, 0, 1, 0, 0, 0, 0, ''), -- 86262 (Lumbering Ancient)
(80762, 0, 0, 0, 1, 0, 0, 0, 0, ''), -- 80762 (Khaano)
(86360, 0, 0, 0, 1, 0, 0, 0, 0, ''), -- 86360 (Lazybop Riverbeast)
(81018, 0, 0, 8, 257, 0, 0, 0, 0, ''), -- 81018 (Rangari Kolaan)
(75136, 0, 0, 0, 1, 0, 0, 0, 0, ''), -- 75136 (Thaelin Darkanvil)
(80987, 0, 0, 0, 258, 0, 0, 0, 0, ''), -- 80987 (Rangari Kaalya)
(84373, 0, 0, 0, 1, 0, 0, 0, 0, ''), -- 84373 (Harvester Ommru)
(84864, 0, 0, 50331648, 1, 0, 0, 0, 0, ''), -- 84864 (Naielle's Watch - Cave Entrance)
(84867, 0, 0, 262144, 1, 0, 0, 0, 0, ''), -- 84867 (Rangari Elekk) - Permanent Feign Death (NO Stun, Untrackable, Immune)
(80874, 0, 0, 0, 1, 0, 0, 0, 0, ''), -- 80874 (Thaelin Darkanvil) - Ride Vehicle Hardcoded
(84451, 0, 0, 0, 1, 0, 0, 0, 0, ''), -- 84451 (Aggressive Growth)
(84862, 0, 0, 0, 1, 0, 0, 0, 0, ''), -- 84862 (Podling Trapper)
(84391, 0, 0, 0, 1, 0, 0, 0, 0, ''), -- 84391 (Crimson Mandragora) - Vile Blood
(80922, 0, 0, 0, 258, 0, 0, 0, 0, ''), -- 80922 (Rangari Kaalya)
(84402, 0, 0, 0, 1, 0, 0, 0, 0, ''), -- 84402 (Podling Scavenger) - Mod Scale 95-100%
(88479, 0, 0, 262144, 1, 0, 0, 0, 0, ''), -- 88479 (Podling Scavenger) - Mod Scale 95-100%, Permanent Feign Death (NO Stun, Untrackable, Immune), Riddled With Arrows
(84663, 0, 0, 262144, 1, 0, 0, 0, 0, ''), -- 84663 (Fallen Rangari) - Permanent Feign Death (NO Stun, Untrackable, Immune)
(80921, 0, 0, 0, 2, 0, 0, 0, 0, ''), -- 80921 (Rangari D'kaan)
(85807, 0, 0, 50331648, 1, 0, 0, 0, 0, ''), -- 85807 (Weald Stinger)
(85809, 0, 0, 0, 1, 0, 0, 0, 0, ''), -- 85809 (Thorny Leafling)
(75207, 0, 0, 0, 1, 0, 0, 0, 0, ''), -- 75207 (Biolante) - Vile Blood
(81884, 0, 0, 0, 257, 0, 0, 0, 0, ''), -- 81884 (Rangari Thewe)
(86410, 0, 0, 0, 1, 0, 0, 0, 0, ''), -- 86410 (Sylldross)
(86417, 0, 0, 0, 1, 0, 0, 0, 0, ''), -- 86417 (Vicious Sea Serpent)
(82493, 0, 0, 0, 1, 0, 0, 0, 0, ''), -- 82493 (Sappy)
(83560, 0, 0, 262144, 1, 0, 0, 0, 0, ''), -- 83560 (Boneyard Tunneler)
(80731, 0, 0, 0, 1, 0, 0, 0, 0, ''), -- 80731 (Fungal Ooze)
(80739, 0, 0, 0, 1, 0, 0, 0, 0, ''), -- 80739 (Fungal Stomper)
(80716, 0, 0, 0, 1, 0, 0, 0, 0, ''), -- 80716 (Engorged Mushroom)
(82437, 0, 0, 0, 1, 0, 0, 0, 0, ''), -- 82437 (Tangled Sapling)
(82322, 0, 0, 0, 1, 0, 0, 0, 0, ''), -- 82322 (Tangleheart Cultivator)
(82360, 0, 0, 0, 1, 0, 0, 0, 0, ''), -- 82360 (Greenbough Ancient)
(85207, 0, 0, 0, 1, 0, 0, 0, 0, ''), -- 85207 (General Purpose Stalker)
(86074, 0, 0, 0, 1, 0, 0, 0, 0, ''), -- 86074 (Lil' Roardan)
(80785, 0, 0, 0, 1, 0, 0, 0, 0, ''), -- 80785 (Fungal Praetorian) - Cosmetic - Orange Gas State (12.00)
(84852, 0, 0, 50331648, 1, 0, 0, 0, 0, ''), -- 84852 (Heartsting Pollinator)
(77150, 0, 0, 0, 1, 0, 0, 0, 0, ''), -- 77150 (Salt Elemental)
(85250, 0, 0, 0, 1, 0, 0, 0, 0, ''), -- 85250 (Fossilwood the Petrified)
(82284, 0, 0, 0, 1, 0, 0, 0, 0, ''), -- 82284 (Emberbark Ancient)
(82569, 0, 0, 262144, 1, 0, 0, 0, 0, ''), -- 82569 (Frenna)
(78572, 0, 0, 0, 1, 0, 0, 0, 0, ''), -- 78572 (Wild Witherhide Bull)
(83522, 0, 0, 0, 1, 0, 0, 0, 0, ''), -- 83522 (Hive Queen Skrikka)
(86520, 0, 0, 0, 1, 0, 0, 0, 0, ''), -- 86520 (Stompalupagus)
(78571, 0, 0, 0, 1, 0, 0, 0, 0, ''), -- 78571 (Witherhide Mother)
(61438, 0, 0, 0, 1, 0, 0, 0, 0, ''), -- 61438 (Gold Beetle)
(32258, 0, 0, 0, 1, 0, 0, 0, 0, ''), -- 32258 (Gold Beetle)
(86134, 0, 0, 0, 1, 0, 0, 0, 0, ''), -- 86134 (Vicious Cave Basilisk)
(78570, 0, 0, 0, 1, 0, 0, 0, 0, ''), -- 78570 (Witherhide Calf)
(76465, 0, 0, 0, 1, 0, 0, 0, 0, ''), -- 76465 (Pale Flinger) - Dementia
(76534, 0, 0, 0, 1, 0, 0, 0, 0, ''), -- 76534 (Pale Spiderwalker)
(76548, 0, 0, 0, 1, 0, 0, 0, 0, ''), -- 76548 (Spider Egg Sac)
(86423, 0, 0, 0, 1, 0, 0, 0, 0, ''), -- 86423 (Jungle Wastetalon)
(83448, 0, 0, 0, 1, 0, 0, 0, 0, ''), -- 83448 (Scavenging Crawler)
(85254, 0, 0, 50331648, 1, 0, 0, 0, 0, ''), -- 85254 (Wood Wasp)
(83447, 0, 0, 50331648, 1, 0, 0, 0, 0, ''), -- 83447 (Scavenger Wasp)
(88431, 0, 0, 33554432, 1, 0, 0, 0, 0, ''), -- 88431 (Wood Wasp)
(83449, 0, 0, 0, 1, 0, 0, 0, 0, ''), -- 83449 (Frenzied Forager)
(83450, 0, 0, 0, 1, 0, 0, 0, 0, ''), -- 83450 (Frenzied Spitter)
(85267, 0, 0, 262144, 1, 0, 0, 0, 0, ''), -- 85267 (Grom'kar Shieldbearer) - Permanent Feign Death (NO Stun, Untrackable, Immune), Dual Wield
(80744, 0, 0, 0, 1, 0, 0, 0, 0, ''), -- 80744 (Thorny Stabber)
(85762, 0, 0, 0, 1, 0, 0, 0, 0, ''), -- 85762 (Highlands Calfling)
(77561, 0, 0, 0, 1, 0, 0, 0, 0, ''); -- 77561 (Dr. Gloom) - Carrying Flash Bomb, Carrying Noxious Bomb, Carrying Smoke Bomb; Flamethrower Backpack


UPDATE `creature_template_addon` SET `bytes2`=2 WHERE `entry`=75146; -- 75146 (Rangari D'kaan)
UPDATE `creature_template_addon` SET `bytes1`=50331648 WHERE `entry`=81548; -- 81548 (Charl Doomwing)
UPDATE `creature_template_addon` SET `bytes1`=50331648 WHERE `entry`=77093; -- 77093 (Roardan the Sky Terror)
UPDATE `creature_template_addon` SET `bytes1`=8 WHERE `entry`=85718; -- 85718 (Tailthrasher Stalker)
UPDATE `creature_template_addon` SET `bytes2`=2 WHERE `entry`=85450; -- 85450 (Grom'kar Deadeye)
UPDATE `creature_template_addon` SET `bytes1`=262144 WHERE `entry`=79909; -- 79909 (Elder Ridge Prowler)
UPDATE `creature_template_addon` SET `bytes2`=0 WHERE `entry`=79929; -- 79929 (Daggerjaw Raider)
UPDATE `creature_template_addon` SET `bytes2`=1 WHERE `entry`=79665; -- 79665 (Laborer)
UPDATE `creature_template_addon` SET `bytes1`=0 WHERE `entry`=79923; -- 79923 (Shimmerwing Mothling)
UPDATE `creature_template_addon` SET `bytes1`=262144, `aiAnimKit`=0 WHERE `entry`=75313; -- 75313 (Aruuna Refugee)
UPDATE `creature_template_addon` SET `bytes1`=0 WHERE `entry`=75290; -- 75290 (Adherent Squallbringer)
UPDATE `creature_template_addon` SET `aiAnimKit`=0 WHERE `entry`=81654; -- 81654 (Garrison Laborer)
UPDATE `creature_template_addon` SET `aiAnimKit`=547 WHERE `entry`=81653; -- 81653 (Lunarfall Laborer)
UPDATE `creature_template_addon` SET `bytes1`=5, `bytes2`=256 WHERE `entry`=77617; -- 77617 (Lunarfall Worker)
UPDATE `creature_template_addon` SET `bytes1`=8 WHERE `entry`=84267; -- 84267 (Jongan Haphurst)
UPDATE `creature_template_addon` SET `bytes1`=5, `bytes2`=1 WHERE `entry`=77376; -- 77376 (Lunarfall Woodcutter)

DELETE FROM `creature_template_scaling` WHERE (`DifficultyID`=0 AND `Entry` IN (74959,81119,81535,84766,80721,81020,80714,81252,81005,85979,81013,86262,80762,86360,81018,75136,80987,84373,84864,84867,80874,84451,84862,84391,80922,84402,88479,84663,80921,85807,85809,75207,81884,86410,86417,82493,83560,80731,80739,80716,82437,82322,82360,85207,86074,80785,84852,77150,85250,82284,82569,78572,83522,86520,78571,86134,78570,76465,76534,76548,86423,83448,85254,83447,88431,83449,83450,85267,80744,85762,77561));
INSERT INTO `creature_template_scaling` (`Entry`, `DifficultyID`, `LevelScalingDeltaMin`, `LevelScalingDeltaMax`, `ContentTuningID`, `VerifiedBuild`) VALUES
(74959, 0, 0, 0, 65, 38134),
(81119, 0, 0, 0, 302, 38134),
(81535, 0, 3, 3, 1037, 38134),
(84766, 0, 0, 0, 65, 38134),
(80721, 0, 0, 0, 65, 38134),
(81020, 0, 0, 0, 65, 38134),
(80714, 0, 0, 0, 65, 38134),
(81252, 0, 3, 3, 1037, 38134),
(81005, 0, 0, 0, 65, 38134),
(85979, 0, 0, 0, 65, 38134),
(81013, 0, 0, 0, 65, 38134),
(86262, 0, 0, 0, 65, 38134),
(80762, 0, 0, 0, 65, 38134),
(86360, 0, 0, 0, 65, 38134),
(81018, 0, 0, 0, 65, 38134),
(75136, 0, 0, 0, 65, 38134),
(80987, 0, 0, 0, 65, 38134),
(84373, 0, 0, 0, 65, 38134),
(84864, 0, 0, 0, 65, 38134),
(84867, 0, 0, 0, 65, 38134),
(80874, 0, 0, 0, 65, 38134),
(84451, 0, 0, 0, 65, 38134),
(84862, 0, 0, 0, 65, 38134),
(84391, 0, 0, 0, 65, 38134),
(80922, 0, 0, 0, 65, 38134),
(84402, 0, 0, 0, 65, 38134),
(88479, 0, 0, 0, 65, 38134),
(84663, 0, 0, 0, 65, 38134),
(80921, 0, 0, 0, 65, 38134),
(85807, 0, 0, 0, 65, 38134),
(85809, 0, 0, 0, 65, 38134),
(75207, 0, 0, 0, 65, 38134),
(81884, 0, 0, 0, 881, 38134),
(86410, 0, 0, 0, 65, 38134),
(86417, 0, 0, 0, 65, 38134),
(82493, 0, 0, 0, 65, 38134),
(83560, 0, 0, 0, 65, 38134),
(80731, 0, 0, 0, 65, 38134),
(80739, 0, 0, 0, 65, 38134),
(80716, 0, 0, 0, 65, 38134),
(82437, 0, 0, 0, 65, 38134),
(82322, 0, 0, 0, 65, 38134),
(82360, 0, 0, 0, 65, 38134),
(85207, 0, 0, 0, 65, 38134),
(86074, 0, 0, 0, 65, 38134),
(80785, 0, 0, 0, 65, 38134),
(84852, 0, 0, 0, 65, 38134),
(77150, 0, 0, 0, 65, 38134),
(85250, 0, 0, 0, 65, 38134),
(82284, 0, 0, 0, 65, 38134),
(82569, 0, 0, 0, 65, 38134),
(78572, 0, 0, 0, 65, 38134),
(83522, 0, 0, 0, 65, 38134),
(86520, 0, 0, 0, 65, 38134),
(78571, 0, 0, 0, 65, 38134),
(86134, 0, 0, 0, 65, 38134),
(78570, 0, 0, 0, 65, 38134),
(76465, 0, 0, 0, 65, 38134),
(76534, 0, 0, 0, 65, 38134),
(76548, 0, 0, 0, 65, 38134),
(86423, 0, 0, 0, 65, 38134),
(83448, 0, 0, 0, 65, 38134),
(85254, 0, 0, 0, 371, 38134),
(83447, 0, 0, 0, 65, 38134),
(88431, 0, 0, 0, 81, 38134),
(83449, 0, 0, 0, 65, 38134),
(83450, 0, 0, 0, 65, 38134),
(85267, 0, 0, 0, 65, 38134),
(80744, 0, 0, 0, 65, 38134),
(85762, 0, 0, 0, 65, 38134),
(77561, 0, 0, 0, 66, 38134);


DELETE FROM `creature_equip_template` WHERE (`ID`=2 AND `CreatureID`=75136) OR (`ID`=1 AND `CreatureID` IN (81020,81013,80762,81018,75136,80987,80874,80922,84402,88479,84663,80921,81884));
INSERT INTO `creature_equip_template` (`CreatureID`, `ID`, `ItemID1`, `AppearanceModID1`, `ItemVisual1`, `ItemID2`, `AppearanceModID2`, `ItemVisual2`, `ItemID3`, `AppearanceModID3`, `ItemVisual3`) VALUES
(75136, 2, 1911, 0, 0, 0, 0, 0, 0, 0, 0), -- Thaelin Darkanvil
(81020, 1, 108717, 0, 0, 0, 0, 0, 109234, 0, 0), -- Rangari Jonaa
(81013, 1, 1906, 0, 0, 0, 0, 0, 109234, 0, 0), -- Rangari Rajess
(80762, 1, 109606, 0, 0, 0, 0, 0, 108641, 0, 0), -- Khaano
(81018, 1, 108717, 0, 0, 0, 0, 0, 109234, 0, 0), -- Rangari Kolaan
(75136, 1, 5956, 0, 0, 0, 0, 0, 0, 0, 0), -- Thaelin Darkanvil
(80987, 1, 108717, 0, 0, 0, 0, 0, 109234, 0, 0), -- Rangari Kaalya
(80874, 1, 1911, 0, 0, 0, 0, 0, 0, 0, 0), -- Thaelin Darkanvil
(80922, 1, 108717, 0, 0, 0, 0, 0, 109234, 0, 0), -- Rangari Kaalya
(84402, 1, 111862, 0, 0, 0, 0, 0, 0, 0, 0), -- Podling Scavenger
(88479, 1, 111862, 0, 0, 0, 0, 0, 0, 0, 0), -- Podling Scavenger
(84663, 1, 108493, 0, 0, 0, 0, 0, 108491, 0, 0), -- Fallen Rangari
(80921, 1, 108493, 0, 0, 0, 0, 0, 108491, 0, 0), -- Rangari D'kaan
(81884, 1, 108717, 0, 0, 0, 0, 0, 109234, 0, 0); -- Rangari Thewe



UPDATE `creature_template` SET `unit_flags`=0 WHERE `entry`=80697; -- Creeping Vine
UPDATE `creature_template` SET `RangeAttackTime`=0 WHERE `entry`=85968; -- Trader Yula
UPDATE `creature_template` SET `RangeAttackTime`=0 WHERE `entry`=86043; -- Rangari Jonaa
UPDATE `creature_template` SET `RangeAttackTime`=0 WHERE `entry`=74959; -- The Tank
UPDATE `creature_template` SET `minlevel`=40, `maxlevel`=40, `RangeAttackTime`=0 WHERE `entry`=81119; -- Drafting Table
UPDATE `creature_template` SET `minlevel`=40, `maxlevel`=40, `RangeAttackTime`=0 WHERE `entry`=84766; -- Glirin
UPDATE `creature_template` SET `RangeAttackTime`=0 WHERE `entry`=81020; -- Rangari Jonaa
UPDATE `creature_template` SET `unit_flags`=536903680 WHERE `entry`=81022; -- Highland Breacher
UPDATE `creature_template` SET `RangeAttackTime`=0 WHERE `entry`=81013; -- Rangari Rajess
UPDATE `creature_template` SET `unit_flags`=537166592, `unit_flags2`=2049, `unit_flags3`=8193 WHERE `entry`=84549; -- Podling Nibbler
UPDATE `creature_template` SET `minlevel`=40, `maxlevel`=40, `faction`=16, `BaseAttackTime`=2000, `unit_flags`=32768, `unit_flags2`=2099200 WHERE `entry`=86262; -- Lumbering Ancient
UPDATE `creature_template` SET `minlevel`=40, `maxlevel`=40, `RangeAttackTime`=0 WHERE `entry`=80762; -- Khaano
UPDATE `creature_template` SET `minlevel`=40, `maxlevel`=40, `RangeAttackTime`=0 WHERE `entry`=86360; -- Lazybop Riverbeast
UPDATE `creature_template` SET `RangeAttackTime`=0 WHERE `entry`=81018; -- Rangari Kolaan
UPDATE `creature_template` SET `RangeAttackTime`=0 WHERE `entry`=75136; -- Thaelin Darkanvil
UPDATE `creature_template` SET `RangeAttackTime`=0 WHERE `entry`=80987; -- Rangari Kaalya
UPDATE `creature_template` SET `RangeAttackTime`=0 WHERE `entry`=75146; -- Rangari D'kaan
UPDATE `creature_template` SET `minlevel`=40, `maxlevel`=40, `RangeAttackTime`=0, `dynamicflags`=0 WHERE `entry`=84373; -- Harvester Ommru
UPDATE `creature_template` SET `minlevel`=40, `maxlevel`=40, `RangeAttackTime`=0 WHERE `entry`=84864; -- Naielle's Watch - Cave Entrance
UPDATE `creature_template` SET `minlevel`=40, `maxlevel`=40, `RangeAttackTime`=0 WHERE `entry`=84867; -- Rangari Elekk
UPDATE `creature_template` SET `RangeAttackTime`=0 WHERE `entry`=80874; -- Thaelin Darkanvil
UPDATE `creature_template` SET `minlevel`=40, `maxlevel`=40, `RangeAttackTime`=0 WHERE `entry`=84451; -- Aggressive Growth
UPDATE `creature_template` SET `minlevel`=40, `maxlevel`=40, `RangeAttackTime`=0 WHERE `entry`=84862; -- Podling Trapper
UPDATE `creature_template` SET `minlevel`=40, `maxlevel`=40, `RangeAttackTime`=0, `unit_flags`=67141632, `dynamicflags`=0 WHERE `entry`=84391; -- Crimson Mandragora
UPDATE `creature_template` SET `RangeAttackTime`=0 WHERE `entry`=80922; -- Rangari Kaalya
UPDATE `creature_template` SET `minlevel`=40, `maxlevel`=40, `RangeAttackTime`=0 WHERE `entry`=84402; -- Podling Scavenger
UPDATE `creature_template` SET `minlevel`=40, `maxlevel`=40, `RangeAttackTime`=0 WHERE `entry`=88479; -- Podling Scavenger
UPDATE `creature_template` SET `RangeAttackTime`=0 WHERE `entry`=84663; -- Fallen Rangari
UPDATE `creature_template` SET `RangeAttackTime`=0 WHERE `entry`=80921; -- Rangari D'kaan
UPDATE `creature_template` SET `minlevel`=40, `maxlevel`=40, `RangeAttackTime`=0, `dynamicflags`=0 WHERE `entry`=85807; -- Weald Stinger
UPDATE `creature_template` SET `minlevel`=40, `maxlevel`=40, `npcflag`=16777216, `RangeAttackTime`=0 WHERE `entry`=85809; -- Thorny Leafling
UPDATE `creature_template` SET `minlevel`=60, `maxlevel`=60, `RangeAttackTime`=0 WHERE `entry`=81884; -- Rangari Thewe
UPDATE `creature_template` SET `minlevel`=40, `maxlevel`=40, `RangeAttackTime`=0 WHERE `entry`=86410; -- Sylldross
UPDATE `creature_template` SET `minlevel`=40, `maxlevel`=40, `RangeAttackTime`=0 WHERE `entry`=82493; -- Sappy
UPDATE `creature_template` SET `minlevel`=40, `maxlevel`=40, `RangeAttackTime`=0 WHERE `entry`=83560; -- Boneyard Tunneler
UPDATE `creature_template` SET `minlevel`=40, `maxlevel`=40 WHERE `entry`=80744; -- Thorny Stabber
UPDATE `creature_template` SET `minlevel`=40, `maxlevel`=40, `RangeAttackTime`=0 WHERE `entry`=77561; -- Dr. Gloom
UPDATE `creature_template` SET `unit_flags`=536904448, `unit_flags2`=2049, `unit_flags3`=8192 WHERE `entry`=79909; -- Elder Ridge Prowler
UPDATE `creature_template` SET `BaseAttackTime`=2000, `unit_flags`=32768 WHERE `entry`=79929; -- Daggerjaw Raider
UPDATE `creature_template` SET `unit_flags`=32768 WHERE `entry`=80345; -- Furious Glowgullet
UPDATE `creature_template` SET `unit_flags`=537166592, `unit_flags2`=2049, `unit_flags3`=8192 WHERE `entry`=75313; -- Aruuna Refugee
UPDATE `creature_template` SET `unit_flags`=0 WHERE `entry`=73105; -- Cursed Tentacle
UPDATE `creature_template` SET `npcflag`=0 WHERE `entry`=81546; -- Command Table


UPDATE `gameobject_template` SET `Data19`=2, `ContentTuningId`=65, `VerifiedBuild`=38134 WHERE `entry`=233504; -- Remains of Grimnir Ashpick
UPDATE `gameobject_template` SET `ContentTuningId`=66, `VerifiedBuild`=38134 WHERE `entry`=230752; -- Footman Longsword
UPDATE `gameobject_template` SET `ContentTuningId`=66, `VerifiedBuild`=38134 WHERE `entry`=230751; -- Footman Longsword
UPDATE `gameobject_template` SET `ContentTuningId`=65, `VerifiedBuild`=38134 WHERE `entry`=239152; -- Anvil
UPDATE `gameobject_template` SET `ContentTuningId`=63, `VerifiedBuild`=38134 WHERE `entry`=222690; -- Shrouding Stone
UPDATE `gameobject_template` SET `ContentTuningId`=65, `VerifiedBuild`=38134 WHERE `entry`=239160; -- Forge
UPDATE `gameobject_template` SET `Data19`=2, `ContentTuningId`=65, `VerifiedBuild`=38134 WHERE `entry`=235127; -- Mysterious Petrified Pod
UPDATE `gameobject_template` SET `ContentTuningId`=65, `VerifiedBuild`=38134 WHERE `entry`=233046; -- Drained Fungal Heart
UPDATE `gameobject_template` SET `Data19`=2, `ContentTuningId`=65, `VerifiedBuild`=38134 WHERE `entry`=236406; -- Ancient Ogre Cache
UPDATE `gameobject_template` SET `ContentTuningId`=65, `VerifiedBuild`=38134 WHERE `entry`=227998; -- Ockbar's Pack
UPDATE `gameobject_template` SET `ContentTuningId`=66, `VerifiedBuild`=38134 WHERE `entry`=230753; -- Thunderbrew Keg
UPDATE `gameobject_template` SET `Data19`=2, `ContentTuningId`=65, `VerifiedBuild`=38134 WHERE `entry`=236402; -- Ancient Titan Chest

