# TrinityCore - WowPacketParser
# File name: Wizards Sanctum
# Detected build: V9_1_0_40000
# Detected locale: enUS
# Targeted database: Shadowlands
# Parsing date: 09/08/2021 13:20:27

SET @CGUID := 850000;
SET @OGUID := 500000;

DELETE FROM `creature` WHERE `guid` BETWEEN @CGUID+0 AND @CGUID+52;
INSERT INTO `creature` (`guid`, `id`, `map`, `zoneId`, `areaId`, `spawnDifficulties`, `PhaseId`, `PhaseGroup`, `modelid`, `equipment_id`, `position_x`, `position_y`, `position_z`, `orientation`, `spawntimesecs`, `spawndist`, `currentwaypoint`, `curhealth`, `curmana`, `MovementType`, `npcflag`, `unit_flags`, `dynamicflags`, `VerifiedBuild`) VALUES
(@CGUID+0, 331, 0, 1519, 10523, '0', '0', 0, 0, 0, -9045.4970703125, 923.5242919921875, 66.535980224609375, 5.380890369415283203, 120, 0, 0, 15918, 0, 0, 0, 0, 0, 40000), -- 331 (Area: 10523 - Difficulty: 0)
(@CGUID+1, 103033, 0, 1519, 10523, '0', '0', 0, 0, 0, -9078.919921875, 875.21063232421875, 68.09693145751953125, 1.7756730318069458, 120, 10, 0, 3236, 0, 1, 0, 0, 0, 40000), -- 103033 (Area: 10523 - Difficulty: 0) (possible waypoints or random movement)
(@CGUID+2, 148124, 0, 1519, 10523, '0', '0', 0, 0, 0, -8992.9169921875, 942.873291015625, 68.1258392333984375, 6.139392852783203125, 120, 0, 0, 1732, 2175, 0, 0, 0, 0, 40000), -- 148124 (Area: 10523 - Difficulty: 0) (Auras: 287187 - 287187)
(@CGUID+3, 149099, 0, 1519, 10523, '0', '0', 0, 0, 0, -9022.9306640625, 946.88018798828125, 68.12575531005859375, 1.745332956314086914, 120, 0, 0, 1732, 2175, 0, 0, 0, 0, 40000), -- 149099 (Area: 10523 - Difficulty: 0) (Auras: 289141 - 289141)
(@CGUID+4, 103033, 0, 1519, 10523, '0', '0', 0, 0, 0, -9048.0654296875, 917.09429931640625, 66.3679351806640625, 4.452918052673339843, 120, 10, 0, 3236, 0, 1, 0, 0, 0, 40000), -- 103033 (Area: 10523 - Difficulty: 0) (possible waypoints or random movement)
(@CGUID+5, 148124, 0, 1519, 10523, '0', '0', 0, 0, 0, -8987.453125, 946.4444580078125, 68.12579345703125, 4.60310983657836914, 120, 0, 0, 1732, 2175, 0, 0, 0, 0, 40000), -- 148124 (Area: 10523 - Difficulty: 0) (Auras: 287187 - 287187)
(@CGUID+6, 2485, 0, 1519, 10523, '0', '0', 0, 0, 0, -9041.888671875, 930.90106201171875, 66.24102783203125, 5.778738975524902343, 120, 0, 0, 14739, 0, 0, 0, 0, 0, 40000), -- 2485 (Area: 10523 - Difficulty: 0)
(@CGUID+7, 147785, 0, 1519, 10523, '0', '0', 0, 0, 0, -9078.22265625, 905.32464599609375, 68.1258544921875, 1.853898286819458007, 120, 0, 0, 3494, 3801, 0, 0, 0, 0, 40000), -- 147785 (Area: 10523 - Difficulty: 0) (Auras: 287193 - 287193)
(@CGUID+8, 147785, 0, 1519, 10523, '0', '0', 0, 0, 0, -9074.1318359375, 908.6961669921875, 68.12567901611328125, 2.86431288719177246, 120, 0, 0, 3494, 3801, 0, 0, 0, 0, 40000), -- 147785 (Area: 10523 - Difficulty: 0) (Auras: 287193 - 287193)
(@CGUID+9, 89174, 0, 1519, 10523, '0', '0', 0, 0, 0, -9023.326171875, 924.61114501953125, 66.307708740234375, 0.223169699311256408, 120, 0, 0, 3663, 4393, 0, 0, 0, 0, 40000), -- 89174 (Area: 10523 - Difficulty: 0) (Auras: 290095 - 290095)
(@CGUID+10, 103033, 0, 1519, 10523, '0', '0', 0, 0, 0, -9008.029296875, 940.7310791015625, 67.85674285888671875, 5.217235565185546875, 120, 10, 0, 3236, 0, 1, 0, 0, 0, 40000), -- 103033 (Area: 10523 - Difficulty: 0) (possible waypoints or random movement)
(@CGUID+11, 5497, 0, 1519, 10523, '0', '0', 0, 0, 0, -9052.326171875, 922.03302001953125, 66.24102783203125, 5.530740737915039062, 120, 0, 0, 13560, 0, 0, 0, 0, 0, 40000), -- 5497 (Area: 10523 - Difficulty: 0)
(@CGUID+12, 149099, 0, 1519, 10523, '0', '0', 0, 0, 0, -9018.1669921875, 950.640625, 68.12569427490234375, 2.593385696411132812, 120, 0, 0, 1732, 2175, 0, 0, 0, 0, 40000), -- 149099 (Area: 10523 - Difficulty: 0) (Auras: 289141 - 289141)
(@CGUID+13, 149121, 0, 1519, 10523, '0', '0', 0, 0, 0, -9056.4580078125, 921.279541015625, 66.24102783203125, 5.28158426284790039, 120, 0, 0, 11791, 0, 0, 0, 0, 0, 40000), -- 149121 (Area: 10523 - Difficulty: 0)
(@CGUID+14, 149433, 0, 1519, 10523, '0', '0', 0, 0, 0, -9010.0888671875, 940.603271484375, 67.70204925537109375, 3.76845097541809082, 120, 0, 0, 2165, 0, 0, 0, 0, 0, 40000), -- 149433 (Area: 10523 - Difficulty: 0)
(@CGUID+15, 147741, 0, 1519, 10523, '0', '0', 0, 0, 0, -9005.375, 933.8836669921875, 68.12587738037109375, 4.855130195617675781, 120, 0, 0, 2148, 2680, 0, 0, 0, 0, 40000), -- 147741 (Area: 10523 - Difficulty: 0) (Auras: 286709 - 286709)
(@CGUID+16, 149121, 0, 1519, 10523, '0', '0', 0, 0, 0, -9039.658203125, 933.9149169921875, 66.24102783203125, 5.21697092056274414, 120, 0, 0, 11791, 0, 0, 0, 0, 0, 40000), -- 149121 (Area: 10523 - Difficulty: 0)
(@CGUID+17, 147741, 0, 1519, 10523, '0', '0', 0, 0, 0, -9010.357421875, 929.8194580078125, 68.12579345703125, 5.963459968566894531, 120, 0, 0, 2148, 2680, 0, 0, 0, 0, 40000), -- 147741 (Area: 10523 - Difficulty: 0) (Auras: 286709 - 286709)
(@CGUID+18, 148796, 0, 1519, 10523, '0', '0', 0, 0, 0, -9094.4375, 874.8819580078125, 68.125732421875, 3.059573650360107421, 120, 0, 0, 4945, 4393, 0, 0, 0, 0, 40000), -- 148796 (Area: 10523 - Difficulty: 0) (Auras: 287413 - 287413)
(@CGUID+19, 155739, 0, 1519, 10523, '0', '0', 0, 0, 0, -8985.4794921875, 959.72393798828125, 68.57037353515625, 1.391814827919006347, 120, 0, 0, 1732, 2175, 0, 0, 0, 0, 40000), -- 155739 (Area: 10523 - Difficulty: 0) (Auras: 303508 - 303508)
(@CGUID+20, 1347, 0, 1519, 10523, '0', '0', 0, 0, 0, -8942.8408203125, 799.54437255859375, 91.025146484375, 4.921828269958496093, 120, 0, 0, 12381, 0, 0, 0, 0, 0, 40000), -- 1347 (Area: 10523 - Difficulty: 0)
(@CGUID+21, 147714, 0, 1519, 10523, '0', '0', 0, 0, 0, -9006.017578125, 960.73614501953125, 68.12577056884765625, 1.710482358932495117, 120, 0, 0, 12735, 5751, 0, 0, 0, 0, 40000), -- 147714 (Area: 10523 - Difficulty: 0) (Auras: 286636 - 286636)
(@CGUID+22, 1314, 0, 1519, 10523, '0', '0', 0, 0, 0, -8946.146484375, 798.84320068359375, 91.025146484375, 5.009094715118408203, 120, 0, 0, 12381, 0, 0, 0, 0, 0, 40000), -- 1314 (Area: 10523 - Difficulty: 0)
(@CGUID+23, 148796, 0, 1519, 10523, '0', '0', 0, 0, 0, -9098.607421875, 880.2430419921875, 68.1257171630859375, 4.564074516296386718, 120, 0, 0, 4945, 4393, 0, 0, 0, 0, 40000), -- 148796 (Area: 10523 - Difficulty: 0) (Auras: 287413 - 287413)
(@CGUID+24, 155739, 0, 1519, 10523, '0', '0', 0, 0, 0, -8988.3837890625, 963.09375, 68.570281982421875, 0.295933663845062255, 120, 0, 0, 1732, 2175, 0, 0, 0, 0, 40000), -- 155739 (Area: 10523 - Difficulty: 0) (Auras: 303508 - 303508)
(@CGUID+25, 147714, 0, 1519, 10523, '0', '0', 0, 0, 0, -9001.611328125, 964.25347900390625, 68.125701904296875, 2.60289311408996582, 120, 0, 0, 12735, 5751, 0, 0, 0, 0, 40000), -- 147714 (Area: 10523 - Difficulty: 0) (Auras: 286636 - 286636)
(@CGUID+26, 62821, 0, 1519, 10523, '0', '0', 0, 0, 0, -0.20000000298023223, 0, -0.20000000298023223, 0, 120, 0, 0, 14150, 8626, 0, 0, 0, 0, 40000), -- 62821 (Area: 10523 - Difficulty: 0) (Auras: 122729 - 122729)
(@CGUID+27, 62822, 0, 1519, 10523, '0', '0', 0, 0, 0, -0.20000000298023223, 0, -0.20000000298023223, 0, 120, 0, 0, 11791, 0, 0, 0, 0, 0, 40000), -- 62822 (Area: 10523 - Difficulty: 0) (Auras: 122729 - 122729)
(@CGUID+28, 32638, 0, 1519, 10523, '0', '0', 0, 0, 0, 0, 0, 0, 0, 120, 0, 0, 11791, 0, 0, 0, 0, 0, 40000), -- 32638 (Area: 10523 - Difficulty: 0)
(@CGUID+29, 32639, 0, 1519, 10523, '0', '0', 0, 0, 0, 0, 0, 0, 0, 120, 0, 0, 11791, 0, 0, 0, 0, 0, 40000), -- 32639 (Area: 10523 - Difficulty: 0)
(@CGUID+30, 1976, 0, 1519, 10523, '0', '0', 0, 0, 0, -8955.0498046875, 960.905029296875, 117.8026885986328125, 3.418345451354980468, 120, 10, 0, 17687, 0, 1, 0, 0, 0, 40000), -- 1976 (Area: 10523 - Difficulty: 0) (Auras: ) (possible waypoints or random movement)
(@CGUID+31, 4075, 0, 1519, 10523, '0', '0', 0, 0, 0, -8990.646484375, 1026.143798828125, 101.6666717529296875, 5.372742176055908203, 120, 10, 0, 5, 0, 1, 0, 0, 0, 40000), -- 4075 (Area: 10523 - Difficulty: 0) (possible waypoints or random movement)
(@CGUID+32, 4075, 0, 1519, 10523, '0', '0', 0, 0, 0, -8993.23828125, 1029.16552734375, 102.9745025634765625, 1.775968551635742187, 120, 10, 0, 5, 0, 1, 0, 0, 0, 40000), -- 4075 (Area: 10523 - Difficulty: 0) (possible waypoints or random movement)
(@CGUID+33, 4075, 0, 1519, 10523, '0', '0', 0, 0, 0, -8976.9267578125, 1044.5892333984375, 101.78082275390625, 2.284446239471435546, 120, 10, 0, 5, 0, 1, 0, 0, 0, 40000), -- 4075 (Area: 10523 - Difficulty: 0) (possible waypoints or random movement)
(@CGUID+34, 149469, 0, 1519, 10523, '0', '0', 0, 0, 0, -8999.83984375, 865.14599609375, 65.89739990234375, 5.432250022888183593, 120, 0, 0, 15918, 0, 0, 0, 0, 0, 40000), -- 149469 (Area: 10523 - Difficulty: 0)
(@CGUID+35, 1976, 0, 1519, 10523, '0', '0', 0, 0, 0, -8987.08984375, 987.2703857421875, 150.974517822265625, 3.401065587997436523, 120, 10, 0, 17687, 0, 1, 0, 0, 0, 40000), -- 1976 (Area: 10523 - Difficulty: 0) (Auras: ) (possible waypoints or random movement)
(@CGUID+36, 9584, 0, 1519, 10523, '0', '0', 0, 0, 0, -8975.6220703125, 1021.77227783203125, 101.4869384765625, 1.29154360294342041, 120, 0, 0, 14149, 0, 0, 0, 0, 0, 40000), -- 9584 (Area: 10523 - Difficulty: 0)
(@CGUID+37, 5520, 0, 1519, 10523, '0', '0', 0, 0, 0, -8974.8544921875, 1035.970458984375, 101.4869384765625, 3.874630928039550781, 120, 0, 0, 10848, 5751, 0, 0, 0, 0, 40000), -- 5520 (Area: 10523 - Difficulty: 0)
(@CGUID+38, 5496, 0, 1519, 10523, '0', '0', 0, 0, 0, -8988.783203125, 1033.8785400390625, 101.4869766235351562, 6.056292533874511718, 120, 0, 0, 14739, 0, 0, 0, 0, 0, 40000), -- 5496 (Area: 10523 - Difficulty: 0)
(@CGUID+39, 1305, 0, 1519, 10523, '0', '0', 0, 0, 0, -8954.06640625, 993.72528076171875, 122.2089157104492187, 0.698131680488586425, 120, 0, 0, 12381, 0, 0, 0, 0, 0, 40000), -- 1305 (Area: 10523 - Difficulty: 0)
(@CGUID+40, 5495, 0, 1519, 10523, '0', '0', 0, 0, 0, -8971.0517578125, 1029.8955078125, 101.4869384765625, 2.967059612274169921, 120, 0, 0, 13560, 0, 0, 0, 0, 0, 40000), -- 5495 (Area: 10523 - Difficulty: 0)
(@CGUID+41, 461, 0, 1519, 10523, '0', '0', 0, 0, 0, -8980.0166015625, 1041.0924072265625, 101.4869384765625, 4.485496044158935546, 120, 0, 0, 15918, 0, 0, 0, 0, 0, 40000), -- 461 (Area: 10523 - Difficulty: 0)
(@CGUID+42, 1435, 0, 1519, 10523, '0', '0', 0, 0, 0, -8983.6201171875, 1025.491943359375, 101.5869522094726562, 0.279252678155899047, 120, 0, 0, 15918, 0, 0, 0, 0, 0, 40000), -- 1435 (Area: 10523 - Difficulty: 0)
(@CGUID+43, 721, 0, 1519, 10523, '0', '0', 0, 0, 0, -8933.419921875, 975.07733154296875, 117.8971405029296875, 4.565395832061767578, 120, 10, 0, 1, 0, 1, 0, 0, 0, 40000), -- 721 (Area: 10523 - Difficulty: 0) (Auras: ) (possible waypoints or random movement)
(@CGUID+44, 1733, 0, 1519, 10523, '0', '0', 0, 0, 0, -8983.9404296875, 1024.25830078125, 101.5869522094726562, 0.383972436189651489, 120, 0, 0, 11791, 0, 0, 0, 0, 0, 40000), -- 1733 (Area: 10523 - Difficulty: 0)
(@CGUID+45, 2198, 0, 1519, 10523, '0', '0', 0, 0, 0, -8909.8857421875, 934.5269775390625, 116.7407913208007812, 2.182642698287963867, 120, 10, 0, 11791, 0, 1, 0, 0, 0, 40000), -- 2198 (Area: 10523 - Difficulty: 0) (possible waypoints or random movement)
(@CGUID+46, 5081, 0, 1519, 10523, '0', '0', 0, 0, 0, -9102.294921875, 834.6875, 105.20062255859375, 5.113814830780029296, 120, 0, 0, 12027, 0, 0, 0, 0, 0, 40000), -- 5081 (Area: 10523 - Difficulty: 0)
(@CGUID+47, 149467, 0, 1519, 10523, '0', '0', 0, 0, 0, -9097.4501953125, 876.87298583984375, 68.0435028076171875, 0.938833534717559814, 120, 0, 0, 6182, 0, 0, 0, 0, 0, 40000), -- 149467 (Area: 10523 - Difficulty: 0)
(@CGUID+48, 149433, 0, 1519, 10523, '0', '0', 0, 0, 0, -9007.8916015625, 942.19439697265625, 67.629425048828125, 3.768193244934082031, 120, 0, 0, 2165, 0, 0, 0, 0, 0, 40000), -- 149433 (Area: 10523 - Difficulty: 0)
(@CGUID+49, 1976, 0, 1519, 10523, '0', '0', 0, 0, 0, -8964.169921875, 998.96502685546875, 152.657501220703125, 0.767944872379302978, 120, 0, 0, 17687, 0, 0, 0, 0, 0, 40000), -- 1976 (Area: 10523 - Difficulty: 0) (Auras: )
(@CGUID+50, 1976, 0, 1519, 10523, '0', '0', 0, 0, 0, -8973.703125, 855.82196044921875, 106.122406005859375, 5.959820270538330078, 120, 10, 0, 17687, 0, 1, 0, 0, 0, 40000), -- 1976 (Area: 10523 - Difficulty: 0) (Auras: ) (possible waypoints or random movement)
(@CGUID+51, 5566, 0, 1519, 10523, '0', '0', 0, 0, 0, -8969.9931640625, 779.65972900390625, 96.3329010009765625, 4.101523876190185546, 120, 0, 0, 12970, 0, 0, 0, 0, 0, 40000), -- 5566 (Area: 10523 - Difficulty: 0)
(@CGUID+52, 1346, 0, 1519, 10523, '0', '0', 0, 0, 0, -8938.1025390625, 800.70648193359375, 91.025146484375, 4.345870018005371093, 120, 0, 0, 14739, 0, 0, 0, 0, 0, 40000); -- 1346 (Area: 10523 - Difficulty: 0)
DELETE FROM `creature_addon` WHERE `guid` BETWEEN @CGUID+0 AND @CGUID+52;
INSERT INTO `creature_addon` (`guid`, `path_id`, `mount`, `bytes1`, `bytes2`, `emote`, `aiAnimKit`, `movementAnimKit`, `meleeAnimKit`, `auras`) VALUES
(@CGUID+0, 0, 0, 0, 257, 0, 0, 0, 0, ''), -- 331
(@CGUID+1, 0, 0, 0, 1, 0, 0, 0, 0, ''), -- 103033
(@CGUID+2, 0, 0, 0, 257, 0, 0, 0, 0, '287187'), -- 148124 - 287187 - 287187
(@CGUID+3, 0, 0, 0, 257, 0, 0, 0, 0, '289141'), -- 149099 - 289141 - 289141
(@CGUID+4, 0, 0, 0, 1, 0, 0, 0, 0, ''), -- 103033
(@CGUID+5, 0, 0, 0, 257, 0, 0, 0, 0, '287187'), -- 148124 - 287187 - 287187
(@CGUID+6, 0, 0, 0, 257, 0, 0, 0, 0, ''), -- 2485
(@CGUID+7, 0, 0, 0, 257, 0, 0, 0, 0, '287193'), -- 147785 - 287193 - 287193
(@CGUID+8, 0, 0, 0, 257, 0, 0, 0, 0, '287193'), -- 147785 - 287193 - 287193
(@CGUID+9, 0, 0, 0, 257, 0, 0, 0, 0, '290095'), -- 89174 - 290095 - 290095
(@CGUID+10, 0, 0, 0, 1, 0, 0, 0, 0, ''), -- 103033
(@CGUID+11, 0, 0, 0, 257, 0, 0, 0, 0, ''), -- 5497
(@CGUID+12, 0, 0, 0, 257, 0, 0, 0, 0, '289141'), -- 149099 - 289141 - 289141
(@CGUID+13, 0, 0, 0, 1, 0, 0, 0, 0, ''), -- 149121
(@CGUID+14, 0, 0, 0, 257, 0, 0, 0, 0, ''), -- 149433
(@CGUID+15, 0, 0, 0, 257, 0, 0, 0, 0, '286709'), -- 147741 - 286709 - 286709
(@CGUID+16, 0, 0, 0, 1, 0, 0, 0, 0, ''), -- 149121
(@CGUID+17, 0, 0, 0, 257, 0, 0, 0, 0, '286709'), -- 147741 - 286709 - 286709
(@CGUID+18, 0, 0, 0, 256, 0, 0, 0, 0, '287413'), -- 148796 - 287413 - 287413
(@CGUID+19, 0, 0, 0, 257, 0, 0, 0, 0, '303508'), -- 155739 - 303508 - 303508
(@CGUID+20, 0, 0, 0, 257, 0, 0, 0, 0, ''), -- 1347
(@CGUID+21, 0, 0, 0, 257, 0, 0, 0, 0, '286636'), -- 147714 - 286636 - 286636
(@CGUID+22, 0, 0, 0, 257, 0, 0, 0, 0, ''), -- 1314
(@CGUID+23, 0, 0, 0, 256, 0, 0, 0, 0, '287413'), -- 148796 - 287413 - 287413
(@CGUID+24, 0, 0, 0, 257, 0, 0, 0, 0, '303508'), -- 155739 - 303508 - 303508
(@CGUID+25, 0, 0, 0, 257, 0, 0, 0, 0, '286636'), -- 147714 - 286636 - 286636
(@CGUID+26, 0, 0, 0, 1, 0, 0, 0, 0, '122729'), -- 62821 - 122729 - 122729
(@CGUID+27, 0, 0, 0, 1, 0, 0, 0, 0, '122729'), -- 62822 - 122729 - 122729
(@CGUID+28, 0, 0, 0, 1, 0, 0, 0, 0, ''), -- 32638
(@CGUID+29, 0, 0, 0, 1, 0, 0, 0, 0, ''), -- 32639
(@CGUID+30, 0, 0, 0, 257, 0, 0, 0, 0, ''), -- 1976
(@CGUID+31, 0, 0, 0, 1, 0, 0, 0, 0, ''), -- 4075
(@CGUID+32, 0, 0, 0, 1, 0, 0, 0, 0, ''), -- 4075
(@CGUID+33, 0, 0, 0, 1, 0, 0, 0, 0, ''), -- 4075
(@CGUID+34, 0, 0, 0, 257, 0, 0, 0, 0, ''), -- 149469
(@CGUID+35, 0, 0, 0, 257, 0, 0, 0, 0, ''), -- 1976
(@CGUID+36, 0, 0, 0, 257, 0, 0, 0, 0, ''), -- 9584
(@CGUID+37, 0, 0, 0, 257, 0, 0, 0, 0, ''), -- 5520
(@CGUID+38, 0, 0, 0, 257, 0, 0, 0, 0, ''), -- 5496
(@CGUID+39, 0, 0, 0, 257, 0, 0, 0, 0, ''), -- 1305
(@CGUID+40, 0, 0, 0, 257, 0, 0, 0, 0, ''), -- 5495
(@CGUID+41, 0, 0, 0, 257, 0, 0, 0, 0, ''), -- 461
(@CGUID+42, 0, 0, 0, 257, 0, 0, 0, 0, ''), -- 1435
(@CGUID+43, 0, 0, 0, 1, 0, 0, 0, 0, ''), -- 721
(@CGUID+44, 0, 0, 0, 257, 0, 0, 0, 0, ''), -- 1733
(@CGUID+45, 0, 0, 0, 257, 0, 0, 0, 0, ''), -- 2198
(@CGUID+46, 0, 0, 0, 257, 0, 0, 0, 0, ''), -- 5081
(@CGUID+47, 0, 0, 0, 257, 0, 0, 0, 0, ''), -- 149467
(@CGUID+48, 0, 0, 0, 257, 0, 0, 0, 0, ''), -- 149433
(@CGUID+49, 0, 0, 0, 257, 0, 0, 0, 0, ''), -- 1976
(@CGUID+50, 0, 0, 0, 257, 0, 0, 0, 0, ''), -- 1976
(@CGUID+51, 0, 0, 0, 257, 0, 0, 0, 0, ''), -- 5566
(@CGUID+52, 0, 0, 0, 257, 0, 0, 0, 0, ''); -- 1346

DELETE FROM `gameobject` WHERE `guid` BETWEEN @OGUID+0 AND @OGUID+29;
INSERT INTO `gameobject` (`guid`, `id`, `map`, `zoneId`, `areaId`, `spawnDifficulties`, `PhaseId`, `PhaseGroup`, `position_x`, `position_y`, `position_z`, `orientation`, `rotation0`, `rotation1`, `rotation2`, `rotation3`, `spawntimesecs`, `animprogress`, `state`, `VerifiedBuild`) VALUES
(@OGUID+0, 323841, 0, 1519, 10523, '0', '0', 0, -9078.080078125, 909.19677734375, 68.32274627685546875, 5.366888046264648437, 0, 0, -0.44228839874267578, 0.896872878074645996, 120, 255, 1, 40000), -- 323841 (Area: 10523 - Difficulty: 0)
(@OGUID+1, 323842, 0, 1519, 10523, '0', '0', 0, -9023.583984375, 952.49151611328125, 68.32274627685546875, 5.366888046264648437, 0, 0, -0.44228839874267578, 0.896872878074645996, 120, 255, 1, 40000), -- 323842 (Area: 10523 - Difficulty: 0)
(@OGUID+2, 323844, 0, 1519, 10523, '0', '0', 0, -9005.126953125, 928.61181640625, 68.17910003662109375, 2.225293636322021484, 0, 0, 0.896872520446777343, 0.442289173603057861, 120, 255, 1, 40000), -- 323844 (Area: 10523 - Difficulty: 0)
(@OGUID+3, 323846, 0, 1519, 10523, '0', '0', 0, -8988.783203125, 942.68927001953125, 68.32274627685546875, 2.225293636322021484, 0, 0, 0.896872520446777343, 0.442289173603057861, 120, 255, 1, 40000), -- 323846 (Area: 10523 - Difficulty: 0)
(@OGUID+4, 203762, 0, 1519, 10523, '0', '0', 0, -8936.966796875, 823.3836669921875, 101.0257720947265625, 2.268925428390502929, 0, 0, 0.906307220458984375, 0.422619491815567016, 120, 255, 1, 40000), -- 203762 (Area: 10523 - Difficulty: 0)
(@OGUID+5, 332224, 0, 1519, 10523, '0', '0', 0, -8984.294921875, 963.44635009765625, 68.6575775146484375, 0.654497027397155761, 0, 0, 0.321438789367675781, 0.946930348873138427, 120, 255, 1, 40000), -- 332224 (Area: 10523 - Difficulty: 0)
(@OGUID+6, 323843, 0, 1519, 10523, '0', '0', 0, -9006.185546875, 965.36517333984375, 68.22771453857421875, 5.366888046264648437, 0, 0, -0.44228839874267578, 0.896872878074645996, 120, 255, 1, 40000), -- 323843 (Area: 10523 - Difficulty: 0)
(@OGUID+7, 323845, 0, 1519, 10523, '0', '0', 0, -9098.748046875, 875.74005126953125, 68.24893951416015625, 0.654497027397155761, 0, 0, 0.321438789367675781, 0.946930348873138427, 120, 255, 1, 40000), -- 323845 (Area: 10523 - Difficulty: 0)
-- (@OGUID+8, 294556, 0, 1519, 10523, '0', '0', 0, 0, 0, 0, 2.097036123275756835, 0, 0, 0.866684913635253906, 0.498855948448181152, 120, 255, 1, 40000), -- 0 (Area: 10523 - Difficulty: 0) - !!! transport !!!
(@OGUID+9, 197087, 0, 1519, 10523, '0', '0', 0, -8939.3740234375, 963.4527587890625, 117.423095703125, 5.593780994415283203, 0, 0, -0.33791637420654296, 0.941176116466522216, 120, 255, 1, 40000), -- 197087 (Area: 10523 - Difficulty: 0)
(@OGUID+10, 212212, 0, 1519, 10523, '0', '0', 0, -8978.9951171875, 1023.248291015625, 102.4724273681640625, 1.632842540740966796, 0, 0, 0.728699684143066406, 0.684833407402038574, 120, 255, 1, 40000), -- 212212 (Area: 10523 - Difficulty: 0)
(@OGUID+11, 197040, 0, 1519, 10523, '0', '0', 0, -8956.34375, 1010.8115234375, 122.0377349853515625, 5.331982135772705078, 0, 0, -0.45787334442138671, 0.889017403125762939, 120, 255, 1, 40000), -- 197040 (Area: 10523 - Difficulty: 0)
(@OGUID+12, 197041, 0, 1519, 10523, '0', '0', 0, -8954.2685546875, 1008.3026123046875, 122.0377349853515625, 2.190387964248657226, 0, 0, 0.889017105102539062, 0.457874000072479248, 120, 255, 1, 40000), -- 197041 (Area: 10523 - Difficulty: 0)
(@OGUID+13, 197042, 0, 1519, 10523, '0', '0', 0, -8956.59765625, 1008.58123779296875, 122.0377349853515625, 0.654497027397155761, 0, 0, 0.321438789367675781, 0.946930348873138427, 120, 255, 1, 40000), -- 197042 (Area: 10523 - Difficulty: 0)
(@OGUID+14, 197043, 0, 1519, 10523, '0', '0', 0, -8979.4013671875, 1031.9197998046875, 100.733642578125, 5.384342670440673828, 0, 0, -0.43444442749023437, 0.900698602199554443, 120, 255, 1, 40000), -- 197043 (Area: 10523 - Difficulty: 0)
(@OGUID+15, 197033, 0, 1519, 10523, '0', '0', 0, -8938.349609375, 1005.09002685546875, 122.0465621948242187, 3.81354522705078125, 0, 0, -0.94408893585205078, 0.329690933227539062, 120, 255, 1, 40000), -- 197033 (Area: 10523 - Difficulty: 0)
(@OGUID+16, 197034, 0, 1519, 10523, '0', '0', 0, -8939.6513671875, 1006.703857421875, 122.0465621948242187, 3.81354522705078125, 0, 0, -0.94408893585205078, 0.329690933227539062, 120, 255, 1, 40000), -- 197034 (Area: 10523 - Difficulty: 0)
(@OGUID+17, 197035, 0, 1519, 10523, '0', '0', 0, -8942.287109375, 1006.7845458984375, 122.0465621948242187, 5.349435329437255859, 0, 0, -0.45009803771972656, 0.892979145050048828, 120, 255, 1, 40000), -- 197035 (Area: 10523 - Difficulty: 0)
(@OGUID+18, 197036, 0, 1519, 10523, '0', '0', 0, -8942.7958984375, 1004.29986572265625, 122.0465621948242187, 0.671950340270996093, 0, 0, 0.329689979553222656, 0.944089233875274658, 120, 255, 1, 40000), -- 197036 (Area: 10523 - Difficulty: 0)
(@OGUID+19, 197037, 0, 1519, 10523, '0', '0', 0, -8941.5458984375, 1002.57073974609375, 122.0465621948242187, 0.671950340270996093, 0, 0, 0.329689979553222656, 0.944089233875274658, 120, 255, 1, 40000), -- 197037 (Area: 10523 - Difficulty: 0)
(@OGUID+20, 197038, 0, 1519, 10523, '0', '0', 0, -8939.0703125, 1002.52740478515625, 122.0465621948242187, 2.190387964248657226, 0, 0, 0.889017105102539062, 0.457874000072479248, 120, 255, 1, 40000), -- 197038 (Area: 10523 - Difficulty: 0)
(@OGUID+21, 197039, 0, 1519, 10523, '0', '0', 0, -8953.9521484375, 1010.44647216796875, 122.0377349853515625, 3.796092510223388671, 0, 0, -0.946929931640625, 0.321440041065216064, 120, 255, 1, 40000), -- 197039 (Area: 10523 - Difficulty: 0)
(@OGUID+22, 197015, 0, 1519, 10523, '0', '0', 0, -8943.47265625, 981.9365234375, 123.9528884887695312, 5.340708732604980468, 0, 0, -0.45398998260498046, 0.891006767749786376, 120, 255, 1, 40000), -- 197015 (Area: 10523 - Difficulty: 0)
(@OGUID+23, 203801, 0, 1519, 10523, '0', '0', 0, -8946.0107421875, 1008.35589599609375, 122.0418472290039062, 3.106652259826660156, 0, 0, 0.999847412109375, 0.017469281330704689, 120, 255, 1, 40000), -- 203801 (Area: 10523 - Difficulty: 0)
(@OGUID+24, 197088, 0, 1519, 10523, '0', '0', 0, -8934.693359375, 955.0062255859375, 117.2345657348632812, 1.27409064769744873, 0, 0, 0.594822883605957031, 0.80385679006576538, 120, 255, 1, 40000), -- 197088 (Area: 10523 - Difficulty: 0)
(@OGUID+25, 212212, 0, 1519, 10523, '0', '0', 0, -8964.7880859375, 1051.66845703125, 54.49941635131835937, 1.632842540740966796, 0, 0, 0.728699684143066406, 0.684833407402038574, 120, 255, 1, 40000), -- 212212 (Area: 10523 - Difficulty: 0)
(@OGUID+26, 203801, 0, 1519, 10523, '0', '0', 0, -9103.5576171875, 832.01214599609375, 106.3631973266601562, 1.658061861991882324, 0, 0, 0.737277030944824218, 0.67559051513671875, 120, 255, 1, 40000), -- 203801 (Area: 10523 - Difficulty: 0)
(@OGUID+27, 197077, 0, 1519, 10523, '0', '0', 0, -9110.255859375, 831.41619873046875, 105.6230087280273437, 2.757613182067871093, 0, 0, 0.981626510620117187, 0.190812408924102783, 120, 255, 1, 40000), -- 197077 (Area: 10523 - Difficulty: 0)
(@OGUID+28, 197078, 0, 1519, 10523, '0', '0', 0, -9109.6953125, 830.975830078125, 105.6230087280273437, 5.864306926727294921, 0, 0, -0.20791149139404296, 0.978147625923156738, 120, 255, 1, 40000), -- 197078 (Area: 10523 - Difficulty: 0)
(@OGUID+29, 203762, 0, 1519, 10523, '0', '0', 0, -8908.966796875, 852.3211669921875, 96.4390411376953125, 2.268925428390502929, 0, 0, 0.906307220458984375, 0.422619491815567016, 120, 255, 1, 40000); -- 203762 (Area: 10523 - Difficulty: 0)
DELETE FROM `gameobject_addon` WHERE `guid` BETWEEN @OGUID+0 AND @OGUID+29;
INSERT INTO `gameobject_addon` (`guid`, `parent_rotation0`, `parent_rotation1`, `parent_rotation2`, `parent_rotation3`, `WorldEffectID`, `AIAnimKitID`) VALUES
(@OGUID+0, 0, 0, -0.44228863716125488, 0.896872758865356445, 0, 3503), -- 323841
(@OGUID+1, 0, 0, -0.44228863716125488, 0.896872758865356445, 0, 3503), -- 323842
(@OGUID+2, 0, 0, -0.44228863716125488, 0.896872758865356445, 0, 3503), -- 323844
(@OGUID+3, 0, 0, -0.44228863716125488, 0.896872758865356445, 0, 3503), -- 323846
(@OGUID+5, 0, 0, -0.44228863716125488, 0.896872758865356445, 0, 3503), -- 332224
(@OGUID+6, 0, 0, -0.44228863716125488, 0.896872758865356445, 0, 3503), -- 323843
(@OGUID+7, 0, 0, -0.44228863716125488, 0.896872758865356445, 0, 3503), -- 323845
(@OGUID+8, 0, 0, 0.944088995456695556, -0.32969072461128234, 0, 0), -- 197086
(@OGUID+9, 0, 0, 0.944088995456695556, -0.32969072461128234, 0, 0), -- 197087
(@OGUID+11, 0, 0, 0.944088995456695556, -0.32969072461128234, 0, 0), -- 197040
(@OGUID+12, 0, 0, 0.944088995456695556, -0.32969072461128234, 0, 0), -- 197041
(@OGUID+13, 0, 0, 0.944088995456695556, -0.32969072461128234, 0, 0), -- 197042
(@OGUID+14, 0, 0, 0.944088995456695556, -0.32969072461128234, 0, 0), -- 197043
(@OGUID+15, 0, 0, 0.944088995456695556, -0.32969072461128234, 0, 0), -- 197033
(@OGUID+16, 0, 0, 0.944088995456695556, -0.32969072461128234, 0, 0), -- 197034
(@OGUID+17, 0, 0, 0.944088995456695556, -0.32969072461128234, 0, 0), -- 197035
(@OGUID+18, 0, 0, 0.944088995456695556, -0.32969072461128234, 0, 0), -- 197036
(@OGUID+19, 0, 0, 0.944088995456695556, -0.32969072461128234, 0, 0), -- 197037
(@OGUID+20, 0, 0, 0.944088995456695556, -0.32969072461128234, 0, 0), -- 197038
(@OGUID+21, 0, 0, 0.944088995456695556, -0.32969072461128234, 0, 0), -- 197039
(@OGUID+22, 0, 0, 0.944088995456695556, -0.32969072461128234, 0, 0), -- 197015
(@OGUID+24, 0, 0, 0.944088995456695556, -0.32969072461128234, 0, 0), -- 197088
(@OGUID+27, 0, 0, 0.944088995456695556, -0.32969072461128234, 0, 0), -- 197077
(@OGUID+28, 0, 0, 0.944088995456695556, -0.32969072461128234, 0, 0); -- 197078

