# TrinityCore - WowPacketParser
# File name: Oribos Spawns
# Detected build: V9_0_5_37623
# Detected locale: enUS
# Targeted database: Shadowlands
# Parsing date: 02/19/2021 19:46:34

SET @CGUID := 960000;
SET @OGUID := 960000;

DELETE FROM `creature` WHERE `guid` BETWEEN @CGUID+0 AND @CGUID+257;
INSERT INTO `creature` (`guid`, `id`, `map`, `zoneId`, `areaId`, `spawnDifficulties`, `PhaseId`, `PhaseGroup`, `modelid`, `equipment_id`, `position_x`, `position_y`, `position_z`, `orientation`, `spawntimesecs`, `spawndist`, `currentwaypoint`, `curhealth`, `curmana`, `MovementType`, `npcflag`, `unit_flags`, `dynamicflags`, `VerifiedBuild`) VALUES
(@CGUID+0, 173118, 2222, 10565, 13499, '0', '0', 0, 0, 0, -1665.1302490234375, 1212.982666015625, 5274.18359375, 5.421103954315185546, 7200, 0, 0, 9433, 5751, 0, 0, 0, 0, 37623), -- 173118 (Area: 13499 - Difficulty: 0)
(@CGUID+1, 166061, 2222, 10565, 13499, '0', '0', 0, 0, 0, -1835.5538330078125, 1246.40283203125, 5111.62890625, 1.470434069633483886, 7200, 0, 0, 11791, 0, 0, 0, 0, 0, 37623), -- 166061 (Area: 13499 - Difficulty: 0)
(@CGUID+2, 164353, 2222, 10565, 13499, '0', '0', 0, 0, 0, -1779.326416015625, 1155.21875, 5270.435546875, 5.527383327484130859, 7200, 0, 0, 11791, 0, 0, 0, 0, 0, 37623), -- 164353 (Area: 13499 - Difficulty: 0)
(@CGUID+3, 173118, 2222, 10565, 13499, '0', '0', 0, 0, 0, -1812.3663330078125, 1135.0885009765625, 5270.39453125, 2.976538419723510742, 7200, 0, 0, 9433, 5751, 0, 0, 0, 0, 37623), -- 173118 (Area: 13499 - Difficulty: 0)
(@CGUID+4, 173118, 2222, 10565, 13499, '0', '0', 0, 0, 0, -1801.65625, 1163.435791015625, 5270.435546875, 1.389673113822937011, 7200, 0, 0, 9433, 5751, 0, 0, 0, 0, 37623), -- 173118 (Area: 13499 - Difficulty: 0)
(@CGUID+5, 173364, 2222, 10565, 13499, '0', '0', 0, 0, 0, -1777.77783203125, 1134.4722900390625, 5271.625, 2.470632553100585937, 7200, 0, 0, 11791, 0, 0, 0, 0, 0, 37623), -- 173364 (Area: 13499 - Difficulty: 0)
(@CGUID+6, 166061, 2222, 10565, 13499, '0', '0', 0, 0, 0, -1833.2379150390625, 1246.6285400390625, 5111.62890625, 1.736781597137451171, 7200, 0, 0, 11791, 0, 0, 0, 0, 0, 37623), -- 166061 (Area: 13499 - Difficulty: 0)
(@CGUID+7, 156698, 2222, 10565, 13499, '0', '0', 0, 0, 0, -1884.7430419921875, 1353.5989990234375, 5266.83740234375, 5.29952239990234375, 7200, 0, 0, 235820, 0, 0, 0, 0, 0, 37623), -- 156698 (Area: 13499 - Difficulty: 0)
(@CGUID+8, 173364, 2222, 10565, 13499, '0', '0', 0, 0, 0, -1807.5208740234375, 1171.8836669921875, 5239.48876953125, 5.561325550079345703, 7200, 0, 0, 11791, 0, 0, 0, 0, 0, 37623), -- 173364 (Area: 13499 - Difficulty: 0)
(@CGUID+9, 156698, 2222, 10565, 13499, '0', '0', 0, 0, 0, -1746.9461669921875, 1300.2569580078125, 5266.58544921875, 3.419063091278076171, 7200, 0, 0, 235820, 0, 0, 0, 0, 0, 37623), -- 156698 (Area: 13499 - Difficulty: 0)
(@CGUID+10, 156698, 2222, 10565, 13499, '0', '0', 0, 0, 0, -1905.43408203125, 1334.2083740234375, 5266.84765625, 5.721090316772460937, 7200, 0, 0, 235820, 0, 0, 0, 0, 0, 37623), -- 156698 (Area: 13499 - Difficulty: 0)
(@CGUID+11, 173364, 2222, 10565, 13499, '0', '0', 0, 0, 0, -1786.486083984375, 1132.2847900390625, 5271.625, 1.559479951858520507, 7200, 0, 0, 11791, 0, 0, 0, 0, 0, 37623), -- 173364 (Area: 13499 - Difficulty: 0)
(@CGUID+12, 156698, 2222, 10565, 13499, '0', '0', 0, 0, 0, -1818.486083984375, 1192.01220703125, 5271.2001953125, 1.828130125999450683, 7200, 0, 0, 235820, 0, 0, 0, 0, 0, 37623), -- 156698 (Area: 13499 - Difficulty: 0)
(@CGUID+13, 156479, 2222, 10565, 13499, '0', '0', 0, 0, 0, -1709.37158203125, 1221.1666259765625, 5267.8583984375, 5.230250835418701171, 7200, 0, 0, 11791, 0, 0, 0, 0, 0, 37623), -- 156479 (Area: 13499 - Difficulty: 0)
(@CGUID+14, 166061, 2222, 10565, 13499, '0', '0', 0, 0, 0, -1837.251708984375, 1247.5555419921875, 5111.5830078125, 1.244242668151855468, 7200, 0, 0, 11791, 0, 0, 0, 0, 0, 37623), -- 166061 (Area: 13499 - Difficulty: 0)
(@CGUID+15, 173118, 2222, 10565, 13499, '0', '0', 0, 0, 0, -1778.1007080078125, 1149.2916259765625, 5270.42138671875, 1.389673113822937011, 7200, 0, 0, 9433, 5751, 0, 0, 0, 0, 37623), -- 173118 (Area: 13499 - Difficulty: 0)
(@CGUID+16, 164123, 2222, 10565, 13499, '0', '0', 0, 0, 0, -1747.2430419921875, 1168.138916015625, 5266.96484375, 2.761517047882080078, 7200, 0, 0, 11791, 0, 0, 0, 0, 0, 37623), -- 164123 (Area: 13499 - Difficulty: 0)
(@CGUID+17, 162929, 2222, 10565, 13499, '0', '0', 0, 0, 0, -1811.9149169921875, 1262.0989990234375, 5267.025390625, 2.207578659057617187, 7200, 0, 0, 11791, 0, 0, 0, 0, 0, 37623), -- 162929 (Area: 13499 - Difficulty: 0)
(@CGUID+18, 164123, 2222, 10565, 13499, '0', '0', 0, 0, 0, -1814.9132080078125, 1140.939208984375, 5270.43408203125, 3.848407268524169921, 7200, 0, 0, 11791, 0, 0, 0, 0, 0, 37623), -- 164123 (Area: 13499 - Difficulty: 0)
(@CGUID+19, 173300, 2222, 10565, 13499, '0', '0', 0, 0, 0, -1674.064208984375, 1200.157958984375, 5274.08984375, 0.616412043571472167, 7200, 0, 0, 11791, 0, 0, 0, 0, 0, 37623), -- 173300 (Area: 13499 - Difficulty: 0)
(@CGUID+20, 156698, 2222, 10565, 13499, '0', '0', 0, 0, 0, -1822.59375, 1463.203125, 5274.1005859375, 1.565929651260375976, 7200, 0, 0, 235820, 0, 0, 0, 0, 0, 37623), -- 156698 (Area: 13499 - Difficulty: 0)
(@CGUID+21, 173300, 2222, 10565, 13499, '0', '0', 0, 0, 0, -1664.1441650390625, 1223.423583984375, 5274.09228515625, 6.183675289154052734, 7200, 0, 0, 11791, 0, 0, 0, 0, 0, 37623), -- 173300 (Area: 13499 - Difficulty: 0)
(@CGUID+22, 173327, 2222, 10565, 13499, '0', '0', 0, 0, 0, -1833.957275390625, 1238.608642578125, 5269.10986328125, 1.743085980415344238, 7200, 10, 0, 11791, 0, 1, 0, 0, 0, 37623), -- 173327 (Area: 13499 - Difficulty: 0) (possible waypoints or random movement)
(@CGUID+23, 156698, 2222, 10565, 13499, '0', '0', 0, 0, 0, -1927.06005859375, 1189.739990234375, 5267.35400390625, 5.459181785583496093, 7200, 0, 0, 235820, 0, 0, 0, 0, 0, 37623), -- 156698 (Area: 13499 - Difficulty: 0)
(@CGUID+24, 156698, 2222, 10565, 13499, '0', '0', 0, 0, 0, -1903.251708984375, 1225.0833740234375, 5267.5966796875, 0.276299238204956054, 7200, 0, 0, 235820, 0, 0, 0, 0, 0, 37623), -- 156698 (Area: 13499 - Difficulty: 0)
(@CGUID+25, 156698, 2222, 10565, 13499, '0', '0', 0, 0, 0, -1921.7603759765625, 1266.9635009765625, 5266.58544921875, 0.201858028769493103, 7200, 0, 0, 235820, 0, 0, 0, 0, 0, 37623), -- 156698 (Area: 13499 - Difficulty: 0)
(@CGUID+26, 176545, 2222, 10565, 13499, '0', '0', 0, 0, 0, -1906.6978759765625, 1202.734375, 5456.6015625, 0.83935701847076416, 7200, 0, 0, 2239, 0, 0, 0, 0, 0, 37623), -- 176545 (Area: 13499 - Difficulty: 0)
(@CGUID+27, 156734, 2222, 10565, 13499, '0', '0', 0, 0, 0, -1809.08203125, 1151.37841796875, 5270.5576171875, 0.15679970383644104, 7200, 10, 0, 11791, 0, 1, 0, 0, 0, 37623), -- 156734 (Area: 13499 - Difficulty: 0) (possible waypoints or random movement)
(@CGUID+28, 156698, 2222, 10565, 13499, '0', '0', 0, 0, 0, -1725.5364990234375, 1187.7430419921875, 5267.28125, 2.644132137298583984, 7200, 0, 0, 235820, 0, 0, 0, 0, 0, 37623), -- 156698 (Area: 13499 - Difficulty: 0)
(@CGUID+29, 174564, 2222, 10565, 13499, '0', '0', 0, 0, 0, -1730.5225830078125, 1213.795166015625, 5266.9990234375, 4.058343887329101562, 7200, 0, 0, 235820, 0, 0, 0, 0, 0, 37623), -- 174564 (Area: 13499 - Difficulty: 0)
(@CGUID+30, 156698, 2222, 10565, 13499, '0', '0', 0, 0, 0, -1870.3328857421875, 1504.8380126953125, 5270.078125, 3.952045440673828125, 7200, 0, 0, 235820, 0, 0, 0, 0, 0, 37623), -- 156698 (Area: 13499 - Difficulty: 0)
(@CGUID+31, 156698, 2222, 10565, 13499, '0', '0', 0, 0, 0, -1923.0555419921875, 1297.3004150390625, 5266.58544921875, 0.201858028769493103, 7200, 0, 0, 235820, 0, 0, 0, 0, 0, 37623), -- 156698 (Area: 13499 - Difficulty: 0)
(@CGUID+32, 156698, 2222, 10565, 13499, '0', '0', 0, 0, 0, -1784.2864990234375, 1357.7760009765625, 5266.58544921875, 4.394323348999023437, 7200, 0, 0, 235820, 0, 0, 0, 0, 0, 37623), -- 156698 (Area: 13499 - Difficulty: 0)
(@CGUID+33, 156698, 2222, 10565, 13499, '0', '0', 0, 0, 0, -1860.390625, 1265.2742919921875, 5267.025390625, 0, 7200, 0, 0, 235820, 0, 0, 0, 0, 0, 37623), -- 156698 (Area: 13499 - Difficulty: 0)
(@CGUID+34, 164123, 2222, 10565, 13499, '0', '0', 0, 0, 0, -1801.4947509765625, 1160.595458984375, 5270.435546875, 1.328010797500610351, 7200, 0, 0, 11791, 0, 0, 0, 0, 0, 37623), -- 164123 (Area: 13499 - Difficulty: 0)
(@CGUID+35, 166307, 2222, 10565, 13499, '0', '0', 0, 0, 0, -1738.1475830078125, 1177.8472900390625, 5267.2841796875, 2.476246118545532226, 7200, 0, 0, 235820, 0, 0, 0, 0, 0, 37623), -- 166307 (Area: 13499 - Difficulty: 0)
(@CGUID+36, 164596, 2222, 10565, 13499, '0', '0', 0, 0, 0, -1794.43408203125, 1278.017333984375, 5269.11669921875, 5.886609554290771484, 7200, 0, 0, 11791, 0, 0, 0, 0, 0, 37623), -- 164596 (Area: 13499 - Difficulty: 0)
(@CGUID+37, 156698, 2222, 10565, 13499, '0', '0', 0, 0, 0, -1948.63720703125, 1388.3160400390625, 5269.8349609375, 5.579532146453857421, 7200, 0, 0, 235820, 0, 0, 0, 0, 0, 37623), -- 156698 (Area: 13499 - Difficulty: 0)
(@CGUID+38, 164123, 2222, 10565, 13499, '0', '0', 0, 0, 0, -1750.204833984375, 1169.890625, 5266.96484375, 5.284264087677001953, 7200, 0, 0, 11791, 0, 0, 0, 0, 0, 37623), -- 164123 (Area: 13499 - Difficulty: 0)
(@CGUID+39, 176545, 2222, 10565, 13499, '0', '0', 0, 0, 0, -1916.123291015625, 1210.328125, 5456.74609375, 0.83935701847076416, 7200, 0, 0, 2239, 0, 0, 0, 0, 0, 37623), -- 176545 (Area: 13499 - Difficulty: 0)
(@CGUID+40, 177829, 2222, 10565, 13499, '0', '0', 0, 0, 0, -1756.4114990234375, 1186.967041015625, 5266.96484375, 0.582263946533203125, 7200, 0, 0, 11791, 0, 0, 0, 0, 0, 37623), -- 177829 (Area: 13499 - Difficulty: 0)
(@CGUID+41, 172702, 2222, 10565, 13499, '0', '0', 0, 0, 0, -1672.5989990234375, 1194.4288330078125, 5273.685546875, 5.855902671813964843, 7200, 0, 0, 11791, 0, 0, 0, 0, 0, 37623), -- 172702 (Area: 13499 - Difficulty: 0)
(@CGUID+42, 156698, 2222, 10565, 13499, '0', '0', 0, 0, 0, -1845.84033203125, 1463.498291015625, 5274.0966796875, 1.489364862442016601, 7200, 0, 0, 235820, 0, 0, 0, 0, 0, 37623), -- 156698 (Area: 13499 - Difficulty: 0)
(@CGUID+43, 156698, 2222, 10565, 13499, '0', '0', 0, 0, 0, -1738.546875, 1173.3367919921875, 5267.2841796875, 2.309634923934936523, 7200, 0, 0, 235820, 0, 0, 0, 0, 0, 37623), -- 156698 (Area: 13499 - Difficulty: 0)
(@CGUID+44, 173327, 2222, 10565, 13499, '0', '0', 0, 0, 0, -1832.718994140625, 1242.888916015625, 5268.9560546875, 1.735777974128723144, 7200, 10, 0, 11791, 0, 1, 0, 0, 0, 37623), -- 173327 (Area: 13499 - Difficulty: 0) (possible waypoints or random movement)
(@CGUID+45, 162929, 2222, 10565, 13499, '0', '0', 0, 0, 0, -1810.5382080078125, 1263.66845703125, 5267.025390625, 2.408745527267456054, 7200, 0, 0, 11791, 0, 0, 0, 0, 0, 37623), -- 162929 (Area: 13499 - Difficulty: 0)
(@CGUID+46, 173364, 2222, 10565, 13499, '0', '0', 0, 0, 0, -1830.0052490234375, 1175.7274169921875, 5237.14501953125, 4.254810810089111328, 7200, 0, 0, 11791, 0, 0, 0, 0, 0, 37623), -- 173364 (Area: 13499 - Difficulty: 0)
(@CGUID+47, 173348, 2222, 10565, 13499, '0', '0', 0, 0, 0, -1798.920166015625, 1177.3350830078125, 5270.68359375, 5.882476329803466796, 7200, 0, 0, 9433, 5751, 0, 0, 0, 0, 37623), -- 173348 (Area: 13499 - Difficulty: 0)
(@CGUID+48, 166061, 2222, 10565, 13499, '0', '0', 0, 0, 0, -1831.23095703125, 1247.1978759765625, 5111.5830078125, 1.977714061737060546, 7200, 0, 0, 11791, 0, 0, 0, 0, 0, 37623), -- 166061 (Area: 13499 - Difficulty: 0)
(@CGUID+49, 172702, 2222, 10565, 13499, '0', '0', 0, 0, 0, -1657.66845703125, 1227.4410400390625, 5273.68603515625, 6.2005462646484375, 7200, 0, 0, 11791, 0, 0, 0, 0, 0, 37623), -- 172702 (Area: 13499 - Difficulty: 0)
(@CGUID+50, 173364, 2222, 10565, 13499, '0', '0', 0, 0, 0, -1803.548583984375, 1161.751708984375, 5239.48876953125, 0.351124465465545654, 7200, 0, 0, 11791, 0, 0, 0, 0, 0, 37623), -- 173364 (Area: 13499 - Difficulty: 0)
(@CGUID+51, 172702, 2222, 10565, 13499, '0', '0', 0, 0, 0, -1656.38720703125, 1234.3819580078125, 5273.6865234375, 6.2005462646484375, 7200, 0, 0, 11791, 0, 0, 0, 0, 0, 37623), -- 172702 (Area: 13499 - Difficulty: 0)
(@CGUID+52, 156698, 2222, 10565, 13499, '0', '0', 0, 0, 0, -2028.5992431640625, 1273.6395263671875, 5273.90478515625, 4.837861061096191406, 7200, 0, 0, 235820, 0, 0, 0, 0, 0, 37623), -- 156698 (Area: 13499 - Difficulty: 0)
(@CGUID+53, 156479, 2222, 10565, 13499, '0', '0', 0, 0, 0, -1713.0625, 1229.982666015625, 5267.8583984375, 1.011473417282104492, 7200, 0, 0, 11791, 0, 0, 0, 0, 0, 37623), -- 156479 (Area: 13499 - Difficulty: 0)
(@CGUID+54, 156479, 2222, 10565, 13499, '0', '0', 0, 0, 0, -1718.265625, 1218.77783203125, 5267.8583984375, 4.176984786987304687, 7200, 0, 0, 11791, 0, 0, 0, 0, 0, 37623), -- 156479 (Area: 13499 - Difficulty: 0)
(@CGUID+55, 173350, 2222, 10565, 13499, '0', '0', 0, 0, 0, -1756.4947509765625, 1181.3160400390625, 5266.96484375, 0.676422119140625, 7200, 0, 0, 11791, 0, 0, 0, 0, 0, 37623), -- 173350 (Area: 13499 - Difficulty: 0)
(@CGUID+56, 172702, 2222, 10565, 13499, '0', '0', 0, 0, 0, -1671.4114990234375, 1202.204833984375, 5273.68701171875, 3.613596916198730468, 7200, 0, 0, 11791, 0, 0, 0, 0, 0, 37623), -- 172702 (Area: 13499 - Difficulty: 0)
(@CGUID+57, 156479, 2222, 10565, 13499, '0', '0', 0, 0, 0, -1720.8697509765625, 1226.52783203125, 5267.8583984375, 2.726525068283081054, 7200, 0, 0, 11791, 0, 0, 0, 0, 0, 37623), -- 156479 (Area: 13499 - Difficulty: 0)
(@CGUID+58, 162929, 2222, 10565, 13499, '0', '0', 0, 0, 0, -1813.685791015625, 1261.2379150390625, 5267.025390625, 1.414593338966369628, 7200, 0, 0, 11791, 0, 0, 0, 0, 0, 37623), -- 162929 (Area: 13499 - Difficulty: 0)
(@CGUID+59, 121541, 2222, 10565, 13499, '0', '0', 0, 0, 0, -1811.023193359375, 1225.8133544921875, 5266.517578125, 4.205796718597412109, 7200, 0, 0, 1779, 0, 0, 0, 0, 0, 37623), -- 121541 (Area: 13499 - Difficulty: 0)
(@CGUID+60, 173118, 2222, 10565, 13499, '0', '0', 0, 0, 0, -1760.779541015625, 1187.2847900390625, 5266.96484375, 5.513297557830810546, 7200, 0, 0, 9433, 5751, 0, 0, 0, 0, 37623), -- 173118 (Area: 13499 - Difficulty: 0)
(@CGUID+61, 164123, 2222, 10565, 13499, '0', '0', 0, 0, 0, -1758.0850830078125, 1256.5382080078125, 5266.54443359375, 1.172600984573364257, 7200, 0, 0, 11791, 0, 0, 0, 0, 0, 37623), -- 164123 (Area: 13499 - Difficulty: 0)
(@CGUID+62, 162929, 2222, 10565, 13499, '0', '0', 0, 0, 0, -1813.0699462890625, 1256.3900146484375, 5267.01611328125, 1.308996915817260742, 7200, 0, 0, 11791, 0, 0, 0, 0, 0, 37623), -- 162929 (Area: 13499 - Difficulty: 0)
(@CGUID+63, 164123, 2222, 10565, 13499, '0', '0', 0, 0, 0, -1655.640625, 1227.0625, 5273.68505859375, 2.95128631591796875, 7200, 0, 0, 11791, 0, 0, 0, 0, 0, 37623), -- 164123 (Area: 13499 - Difficulty: 0)
(@CGUID+64, 162929, 2222, 10565, 13499, '0', '0', 0, 0, 0, -1815.779541015625, 1260.6944580078125, 5267.025390625, 1.80428314208984375, 7200, 0, 0, 11791, 0, 0, 0, 0, 0, 37623), -- 162929 (Area: 13499 - Difficulty: 0)
(@CGUID+65, 156698, 2222, 10565, 13499, '0', '0', 0, 0, 0, -1746.4010009765625, 1266.2882080078125, 5266.49609375, 3.201705694198608398, 7200, 0, 0, 235820, 0, 0, 0, 0, 0, 37623), -- 156698 (Area: 13499 - Difficulty: 0)
(@CGUID+66, 156698, 2222, 10565, 13499, '0', '0', 0, 0, 0, -1760.6041259765625, 1332.9114990234375, 5266.58544921875, 3.67086029052734375, 7200, 0, 0, 235820, 0, 0, 0, 0, 0, 37623), -- 156698 (Area: 13499 - Difficulty: 0)
(@CGUID+67, 164803, 2222, 10565, 13499, '0', '0', 0, 0, 0, -1775.6614990234375, 1214.4305419921875, 5267.5966796875, 2.290115594863891601, 7200, 0, 0, 235820, 0, 0, 0, 0, 0, 37623), -- 164803 (Area: 13499 - Difficulty: 0)
(@CGUID+68, 172702, 2222, 10565, 13499, '0', '0', 0, 0, 0, -1668.0989990234375, 1200.904541015625, 5273.6845703125, 5.85590362548828125, 7200, 0, 0, 11791, 0, 0, 0, 0, 0, 37623), -- 172702 (Area: 13499 - Difficulty: 0)
(@CGUID+69, 164123, 2222, 10565, 13499, '0', '0', 0, 0, 0, -1813.2100830078125, 1138.984375, 5270.43359375, 2.95128631591796875, 7200, 0, 0, 11791, 0, 0, 0, 0, 0, 37623), -- 164123 (Area: 13499 - Difficulty: 0)
(@CGUID+70, 165657, 2222, 10565, 13499, '0', '0', 0, 0, 0, -1810.5260009765625, 1258.970458984375, 5267.1171875, 1.413716673851013183, 7200, 0, 0, 11791, 0, 0, 0, 0, 0, 37623), -- 165657 (Area: 13499 - Difficulty: 0)
(@CGUID+71, 164803, 2222, 10565, 13499, '0', '0', 0, 0, 0, -1766.78125, 1225.7447509765625, 5267.5966796875, 2.670464515686035156, 7200, 0, 0, 235820, 0, 0, 0, 0, 0, 37623), -- 164803 (Area: 13499 - Difficulty: 0)
(@CGUID+72, 164123, 2222, 10565, 13499, '0', '0', 0, 0, 0, -1753.5816650390625, 1260.7552490234375, 5266.80615234375, 4.041803836822509765, 7200, 0, 0, 11791, 0, 0, 0, 0, 0, 37623), -- 164123 (Area: 13499 - Difficulty: 0)
(@CGUID+73, 162666, 2222, 10565, 13499, '0', '0', 0, 0, 0, -1907.142333984375, 1210.3004150390625, 5451.59375, 0.757676243782043457, 7200, 0, 0, 11791, 0, 0, 0, 0, 0, 37623), -- 162666 (Area: 13499 - Difficulty: 0)
(@CGUID+74, 156734, 2222, 10565, 13499, '0', '0', 0, 0, 0, -1747.0416259765625, 1197.42724609375, 5267.56298828125, 2.331762552261352539, 7200, 10, 0, 11791, 0, 1, 0, 0, 0, 37623), -- 156734 (Area: 13499 - Difficulty: 0) (possible waypoints or random movement)
(@CGUID+75, 164352, 2222, 10565, 13499, '0', '0', 0, 0, 0, -1776.951416015625, 1153.4722900390625, 5270.435546875, 2.811475753784179687, 7200, 0, 0, 11791, 0, 0, 0, 0, 0, 37623), -- 164352 (Area: 13499 - Difficulty: 0)
(@CGUID+76, 173367, 2222, 10565, 13499, '0', '0', 0, 0, 0, -1679.510009765625, 1186.5699462890625, 5273.7607421875, 2.816390752792358398, 7200, 10, 0, 11791, 0, 1, 0, 0, 0, 37623), -- 173367 (Area: 13499 - Difficulty: 0) (possible waypoints or random movement)
(@CGUID+77, 156698, 2222, 10565, 13499, '0', '0', 0, 0, 0, -1939.01220703125, 1397.826416015625, 5269.83740234375, 4.930165767669677734, 7200, 0, 0, 235820, 0, 0, 0, 0, 0, 37623), -- 156698 (Area: 13499 - Difficulty: 0)
(@CGUID+78, 156698, 2222, 10565, 13499, '0', '0', 0, 0, 0, -1849.4427490234375, 1192.703125, 5271.1982421875, 1.27916574478149414, 7200, 0, 0, 235820, 0, 0, 0, 0, 0, 37623), -- 156698 (Area: 13499 - Difficulty: 0)
(@CGUID+79, 156698, 2222, 10565, 13499, '0', '0', 0, 0, 0, -1892.670166015625, 1215.10595703125, 5267.5966796875, 1.112785816192626953, 7200, 0, 0, 235820, 0, 0, 0, 0, 0, 37623), -- 156698 (Area: 13499 - Difficulty: 0)
(@CGUID+80, 164803, 2222, 10565, 13499, '0', '0', 0, 0, 0, -1654.810791015625, 1266.498291015625, 5274.09423828125, 0.18006165325641632, 7200, 0, 0, 235820, 0, 0, 0, 0, 0, 37623), -- 164803 (Area: 13499 - Difficulty: 0)
(@CGUID+81, 173304, 2222, 10565, 13499, '0', '0', 0, 0, 0, -1800.8843994140625, 1149.6343994140625, 5270.43896484375, 5.213350772857666015, 7200, 10, 0, 11791, 0, 1, 0, 0, 0, 37623), -- 173304 (Area: 13499 - Difficulty: 0) (possible waypoints or random movement)
(@CGUID+82, 156688, 2222, 10565, 13499, '0', '0', 0, 0, 0, -1834.248291015625, 1157.1441650390625, 5270.51025390625, 1.516646265983581542, 7200, 0, 0, 11791, 0, 0, 0, 0, 0, 37623), -- 156688 (Area: 13499 - Difficulty: 0)
(@CGUID+83, 173300, 2222, 10565, 13499, '0', '0', 0, 0, 0, -1816.967041015625, 1139.6319580078125, 5270.431640625, 0.446782559156417846, 7200, 0, 0, 11791, 0, 0, 0, 0, 0, 37623), -- 173300 (Area: 13499 - Difficulty: 0)
(@CGUID+84, 167881, 2222, 10565, 13499, '0', '0', 0, 0, 0, -1817.4722900390625, 1144.984375, 5237.03125, 2.443315029144287109, 7200, 0, 0, 11791, 0, 0, 0, 0, 0, 37623), -- 167881 (Area: 13499 - Difficulty: 0)
(@CGUID+85, 173367, 2222, 10565, 13499, '0', '0', 0, 0, 0, -1834.31689453125, 1161.896728515625, 5271.02490234375, 5.524294376373291015, 7200, 10, 0, 11791, 0, 1, 0, 0, 0, 37623), -- 173367 (Area: 13499 - Difficulty: 0) (possible waypoints or random movement)
(@CGUID+86, 164685, 2222, 10565, 13499, '0', '0', 0, 0, 0, -1788.0458984375, 1267.3990478515625, 5266.6162109375, 4.677286148071289062, 7200, 10, 0, 235820, 0, 1, 0, 0, 0, 37623), -- 164685 (Area: 13499 - Difficulty: 0) (possible waypoints or random movement)
(@CGUID+87, 166061, 2222, 10565, 13499, '0', '0', 0, 0, 0, -1835.6978759765625, 1318.7257080078125, 5111.62890625, 5.104693412780761718, 7200, 0, 0, 11791, 0, 0, 0, 0, 0, 37623), -- 166061 (Area: 13499 - Difficulty: 0)
(@CGUID+88, 166061, 2222, 10565, 13499, '0', '0', 0, 0, 0, -1837.3958740234375, 1319.8785400390625, 5111.6455078125, 5.313187599182128906, 7200, 0, 0, 11791, 0, 0, 0, 0, 0, 37623), -- 166061 (Area: 13499 - Difficulty: 0)
(@CGUID+89, 149740, 2222, 10565, 13499, '0', '0', 0, 0, 0, -1873.078125, 1266.9583740234375, 5266.82763671875, 3.602240562438964843, 7200, 0, 0, 91580, 0, 0, 0, 0, 0, 37623), -- 149740 (Area: 13499 - Difficulty: 0) (Auras: 257142 - 257142)
(@CGUID+90, 170260, 2222, 10565, 13499, '0', '0', 0, 0, 0, -1814.4617919921875, 1308.6927490234375, 5267.025390625, 0.49292340874671936, 7200, 0, 0, 235820, 0, 0, 0, 0, 0, 37623), -- 170260 (Area: 13499 - Difficulty: 0)
(@CGUID+91, 166061, 2222, 10565, 13499, '0', '0', 0, 0, 0, -1831.375, 1319.5208740234375, 5111.62890625, 4.094771862030029296, 7200, 0, 0, 11791, 0, 0, 0, 0, 0, 37623), -- 166061 (Area: 13499 - Difficulty: 0)
(@CGUID+92, 166061, 2222, 10565, 13499, '0', '0', 0, 0, 0, -1833.3819580078125, 1318.951416015625, 5111.62890625, 4.456780433654785156, 7200, 0, 0, 11791, 0, 0, 0, 0, 0, 37623), -- 166061 (Area: 13499 - Difficulty: 0)
(@CGUID+93, 164123, 2222, 10565, 13499, '0', '0', 0, 0, 0, -1863.470458984375, 1210.5086669921875, 5266.5048828125, 2.761517047882080078, 7200, 0, 0, 11791, 0, 0, 0, 0, 0, 37623), -- 164123 (Area: 13499 - Difficulty: 0)
(@CGUID+94, 164123, 2222, 10565, 13499, '0', '0', 0, 0, 0, -1866.4322509765625, 1212.2603759765625, 5266.5048828125, 5.284264087677001953, 7200, 0, 0, 11791, 0, 0, 0, 0, 0, 37623), -- 164123 (Area: 13499 - Difficulty: 0)
(@CGUID+95, 162928, 2222, 10565, 13499, '0', '0', 0, 0, 0, -1855.6180419921875, 1263.234375, 5267.025390625, 0.251914799213409423, 7200, 0, 0, 11791, 0, 0, 0, 0, 0, 37623), -- 162928 (Area: 13499 - Difficulty: 0)
(@CGUID+96, 162929, 2222, 10565, 13499, '0', '0', 0, 0, 0, -1853.8004150390625, 1260.951416015625, 5267.025390625, 1.522102594375610351, 7200, 0, 0, 11791, 0, 0, 0, 0, 0, 37623), -- 162929 (Area: 13499 - Difficulty: 0)
(@CGUID+97, 173118, 2222, 10565, 13499, '0', '0', 0, 0, 0, -1850.092041015625, 1167.15283203125, 5270.23388671875, 5.513297557830810546, 7200, 0, 0, 9433, 5751, 0, 0, 0, 0, 37623), -- 173118 (Area: 13499 - Difficulty: 0)
(@CGUID+98, 156683, 2222, 10565, 13499, '0', '0', 0, 0, 0, -1720.4566650390625, 1313.0242919921875, 5267.671875, 0.921673178672790527, 7200, 0, 0, 11791, 0, 0, 0, 0, 0, 37623), -- 156683 (Area: 13499 - Difficulty: 0)
(@CGUID+99, 173021, 2222, 10565, 13499, '0', '0', 0, 0, 0, -1808.2725830078125, 1302.970458984375, 5267.025390625, 1.009633660316467285, 7200, 0, 0, 235820, 0, 0, 0, 0, 0, 37623), -- 173021 (Area: 13499 - Difficulty: 0)
(@CGUID+100, 165654, 2222, 10565, 13499, '0', '0', 0, 0, 0, -1835.1353759765625, 1294.1510009765625, 5950.18359375, 1.541750788688659667, 7200, 0, 0, 5895500, 0, 0, 0, 0, 0, 37623), -- 165654 (Area: 13499 - Difficulty: 0)
(@CGUID+101, 170557, 2222, 10565, 13499, '0', '0', 0, 0, 0, -1797.93408203125, 1267.23095703125, 5446.28369140625, 6.061188220977783203, 7200, 0, 0, 235820, 0, 0, 0, 0, 0, 37623), -- 170557 (Area: 13499 - Difficulty: 0)
(@CGUID+102, 170256, 2222, 10565, 13499, '0', '0', 0, 0, 0, -1835.59033203125, 1284.9566650390625, 5446.27734375, 0, 7200, 0, 0, 1179, 0, 0, 0, 0, 0, 37623), -- 170256 (Area: 13499 - Difficulty: 0)
(@CGUID+103, 54638, 2222, 10565, 13499, '0', '0', 0, 0, 0, -1753.3211669921875, 1202.3785400390625, 5451.3837890625, 2.374541521072387695, 7200, 0, 0, 11791, 0, 0, 0, 0, 0, 37623), -- 54638 (Area: 13499 - Difficulty: 0)
(@CGUID+104, 162929, 2222, 10565, 13499, '0', '0', 0, 0, 0, -1834.6435546875, 1227.98681640625, 4722.9638671875, 2.71135878562927246, 7200, 10, 0, 11791, 0, 1, 0, 0, 0, 37623), -- 162929 (Area: 13499 - Difficulty: 0) (possible waypoints or random movement)
(@CGUID+105, 170557, 2222, 10565, 13499, '0', '0', 0, 0, 0, -1870.3194580078125, 1298.6597900390625, 5446.28369140625, 2.679896354675292968, 7200, 0, 0, 235820, 0, 0, 0, 0, 0, 37623), -- 170557 (Area: 13499 - Difficulty: 0)
(@CGUID+106, 170557, 2222, 10565, 13499, '0', '0', 0, 0, 0, -1818.373291015625, 1319.826416015625, 5446.13671875, 0.862769365310668945, 7200, 0, 0, 235820, 0, 0, 0, 0, 0, 37623), -- 170557 (Area: 13499 - Difficulty: 0)
(@CGUID+107, 170557, 2222, 10565, 13499, '0', '0', 0, 0, 0, -1850.0850830078125, 1245.032958984375, 5446.11083984375, 4.507417678833007812, 7200, 0, 0, 235820, 0, 0, 0, 0, 0, 37623), -- 170557 (Area: 13499 - Difficulty: 0)
(@CGUID+108, 54638, 2222, 10565, 13499, '0', '0', 0, 0, 0, -1769.3489990234375, 1218.09375, 5451.95263671875, 5.506658554077148437, 7200, 0, 0, 11791, 0, 0, 0, 0, 0, 37623), -- 54638 (Area: 13499 - Difficulty: 0)
(@CGUID+109, 156694, 2222, 10565, 13499, '0', '0', 0, 0, 0, -1718.44970703125, 1320.048583984375, 5266.98828125, 5.94476938247680664, 7200, 0, 0, 11791, 0, 0, 0, 0, 0, 37623), -- 156694 (Area: 13499 - Difficulty: 0)
(@CGUID+110, 170557, 2222, 10565, 13499, '0', '0', 0, 0, 0, -1818.44970703125, 1245.9478759765625, 5446.11083984375, 5.172632217407226562, 7200, 0, 0, 235820, 0, 0, 0, 0, 0, 37623), -- 170557 (Area: 13499 - Difficulty: 0)
(@CGUID+111, 170310, 2222, 10565, 13499, '0', '0', 0, 0, 0, -1834.3646240234375, 1309.0035400390625, 5446.70703125, 0, 7200, 0, 0, 1179, 0, 0, 0, 0, 0, 37623), -- 170310 (Area: 13499 - Difficulty: 0)
(@CGUID+112, 170557, 2222, 10565, 13499, '0', '0', 0, 0, 0, -1798.3160400390625, 1298.5504150390625, 5446.28369140625, 0.607902705669403076, 7200, 0, 0, 235820, 0, 0, 0, 0, 0, 37623), -- 170557 (Area: 13499 - Difficulty: 0)
(@CGUID+113, 170557, 2222, 10565, 13499, '0', '0', 0, 0, 0, -1870, 1267.4254150390625, 5446.28369140625, 3.560174942016601562, 7200, 0, 0, 235820, 0, 0, 0, 0, 0, 37623), -- 170557 (Area: 13499 - Difficulty: 0)
(@CGUID+114, 164596, 2222, 10565, 13499, '0', '0', 0, 0, 0, -1874.3680419921875, 1288.029541015625, 5269.11328125, 2.671566009521484375, 7200, 0, 0, 11791, 0, 0, 0, 0, 0, 37623), -- 164596 (Area: 13499 - Difficulty: 0)
(@CGUID+115, 170557, 2222, 10565, 13499, '0', '0', 0, 0, 0, -1849.592041015625, 1319.94970703125, 5446.23388671875, 2.10597848892211914, 7200, 0, 0, 235820, 0, 0, 0, 0, 0, 37623), -- 170557 (Area: 13499 - Difficulty: 0)
(@CGUID+116, 173327, 2222, 10565, 13499, '0', '0', 0, 0, 0, -1833.733154296875, 1339.765869140625, 5268.0439453125, 0.547083079814910888, 7200, 10, 0, 11791, 0, 1, 0, 0, 0, 37623), -- 173327 (Area: 13499 - Difficulty: 0) (possible waypoints or random movement)
(@CGUID+117, 173330, 2222, 10565, 13499, '0', '0', 0, 0, 0, -1835.8492431640625, 1339.4766845703125, 5268.00732421875, 4.041609764099121093, 7200, 10, 0, 11791, 0, 1, 0, 0, 0, 37623), -- 173330 (Area: 13499 - Difficulty: 0) (possible waypoints or random movement)
(@CGUID+118, 166312, 2222, 10565, 13499, '0', '0', 0, 0, 0, -1706.537841796875, 1314.109375, 5268.4140625, 4.964917182922363281, 7200, 10, 0, 11791, 0, 1, 0, 0, 0, 37623), -- 166312 (Area: 13499 - Difficulty: 0) (possible waypoints or random movement)
(@CGUID+119, 174292, 2222, 10565, 13499, '0', '0', 0, 0, 0, -1869.5521240234375, 1307.454833984375, 5267.12451171875, 2.51027536392211914, 7200, 0, 0, 235847, 0, 0, 0, 0, 0, 37623), -- 174292 (Area: 13499 - Difficulty: 0)
(@CGUID+120, 156681, 2222, 10565, 13499, '0', '0', 0, 0, 0, -1733.2135009765625, 1336.782958984375, 5267.673828125, 0.843644142150878906, 7200, 0, 0, 11791, 0, 0, 0, 0, 0, 37623), -- 156681 (Area: 13499 - Difficulty: 0)
(@CGUID+121, 173327, 2222, 10565, 13499, '0', '0', 0, 0, 0, -1835.2060546875, 1338.5244140625, 5267.97705078125, 5.377849578857421875, 7200, 10, 0, 11791, 0, 1, 0, 0, 0, 37623), -- 173327 (Area: 13499 - Difficulty: 0) (possible waypoints or random movement)
(@CGUID+122, 173367, 2222, 10565, 13499, '0', '0', 0, 0, 0, -1723.719970703125, 1337.199951171875, 5266.9638671875, 6.038839340209960937, 7200, 10, 0, 11791, 0, 1, 0, 0, 0, 37623), -- 173367 (Area: 13499 - Difficulty: 0) (possible waypoints or random movement)
(@CGUID+123, 159478, 2222, 10565, 13499, '0', '0', 0, 0, 0, -1941.4375, 1390.75, 5269.814453125, 5.453659534454345703, 7200, 0, 0, 11791, 0, 0, 0, 0, 0, 37623), -- 159478 (Area: 13499 - Difficulty: 0)
(@CGUID+124, 164123, 2222, 10565, 13499, '0', '0', 0, 0, 0, -1767.80908203125, 1361.26220703125, 5450.95361328125, 3.723662614822387695, 7200, 0, 0, 11791, 0, 0, 0, 0, 0, 37623), -- 164123 (Area: 13499 - Difficulty: 0)
(@CGUID+125, 164123, 2222, 10565, 13499, '0', '0', 0, 0, 0, -1769.75, 1360.954833984375, 5450.95361328125, 0.287236303091049194, 7200, 0, 0, 11791, 0, 0, 0, 0, 0, 37623), -- 164123 (Area: 13499 - Difficulty: 0)
(@CGUID+126, 156671, 2222, 10565, 13499, '0', '0', 0, 0, 0, -1703.6632080078125, 1331.49658203125, 5266.98828125, 4.709306716918945312, 7200, 0, 0, 11791, 0, 0, 0, 0, 0, 37623), -- 156671 (Area: 13499 - Difficulty: 0)
(@CGUID+127, 156690, 2222, 10565, 13499, '0', '0', 0, 0, 0, -1700.57470703125, 1330.373291015625, 5266.98828125, 4.371414661407470703, 7200, 0, 0, 11791, 0, 0, 0, 0, 0, 37623), -- 156690 (Area: 13499 - Difficulty: 0)
(@CGUID+128, 156686, 2222, 10565, 13499, '0', '0', 0, 0, 0, -1768.498291015625, 1379.76220703125, 5266.98828125, 1.392121076583862304, 7200, 0, 0, 11791, 0, 0, 0, 0, 0, 37623), -- 156686 (Area: 13499 - Difficulty: 0)
(@CGUID+129, 170607, 2222, 10565, 13499, '0', '0', 0, 0, 0, -1876.7708740234375, 1321.8345947265625, 5266.5888671875, 4.324060916900634765, 7200, 10, 0, 11791, 0, 1, 0, 0, 0, 37623), -- 170607 (Area: 13499 - Difficulty: 0) (possible waypoints or random movement)
(@CGUID+130, 54638, 2222, 10565, 13499, '0', '0', 0, 0, 0, -1834.296875, 1374.54345703125, 5451.95263671875, 1.549909710884094238, 7200, 0, 0, 11791, 0, 0, 0, 0, 0, 37623), -- 54638 (Area: 13499 - Difficulty: 0)
(@CGUID+131, 173351, 2222, 10565, 13499, '0', '0', 0, 0, 0, -1727.6705322265625, 1355.577880859375, 5266.9638671875, 5.320167064666748046, 7200, 10, 0, 11791, 0, 1, 0, 0, 0, 37623), -- 173351 (Area: 13499 - Difficulty: 0) (possible waypoints or random movement)
(@CGUID+132, 164803, 2222, 10565, 13499, '0', '0', 0, 0, 0, -1842.24658203125, 1367.2586669921875, 5267.81396484375, 4.920750617980957031, 7200, 0, 0, 235820, 0, 0, 0, 0, 0, 37623), -- 164803 (Area: 13499 - Difficulty: 0)
(@CGUID+133, 164803, 2222, 10565, 13499, '0', '0', 0, 0, 0, -1826.8646240234375, 1367.98095703125, 5267.81396484375, 4.396077632904052734, 7200, 0, 0, 235820, 0, 0, 0, 0, 0, 37623), -- 164803 (Area: 13499 - Difficulty: 0)
(@CGUID+134, 167738, 2222, 10565, 13499, '0', '0', 0, 0, 0, -1737.90625, 1379.1302490234375, 5267.28515625, 3.946639537811279296, 7200, 0, 0, 11791, 0, 0, 0, 0, 0, 37623), -- 167738 (Area: 13499 - Difficulty: 0)
(@CGUID+135, 173571, 2222, 10565, 13499, '0', '0', 0, 0, 0, -1798.7066650390625, 1395.24658203125, 5268.603515625, 1.869625329971313476, 7200, 0, 0, 11791, 0, 0, 0, 0, 0, 37623), -- 173571 (Area: 13499 - Difficulty: 0) (Auras: 339778 - 339778)
(@CGUID+136, 156689, 2222, 10565, 13499, '0', '0', 0, 0, 0, -1774.9288330078125, 1390.5711669921875, 5266.98828125, 0.645862877368927001, 7200, 0, 0, 11791, 0, 0, 0, 0, 0, 37623), -- 156689 (Area: 13499 - Difficulty: 0)
(@CGUID+137, 156687, 2222, 10565, 13499, '0', '0', 0, 0, 0, -1780.1197509765625, 1387.9149169921875, 5266.98828125, 0.348661035299301147, 7200, 0, 0, 11791, 0, 0, 0, 0, 0, 37623), -- 156687 (Area: 13499 - Difficulty: 0)
(@CGUID+138, 156696, 2222, 10565, 13499, '0', '0', 0, 0, 0, -1704.4305419921875, 1345.03125, 5266.98828125, 2.223758697509765625, 7200, 0, 0, 11791, 0, 0, 0, 0, 0, 37623), -- 156696 (Area: 13499 - Difficulty: 0)
(@CGUID+139, 156666, 2222, 10565, 13499, '0', '0', 0, 0, 0, -1731.68408203125, 1377.7239990234375, 5267.28515625, 2.937640190124511718, 7200, 0, 0, 11791, 0, 0, 0, 0, 0, 37623), -- 156666 (Area: 13499 - Difficulty: 0)
(@CGUID+140, 156691, 2222, 10565, 13499, '0', '0', 0, 0, 0, -1803.5989990234375, 1397.484375, 5267.66796875, 0.640350699424743652, 7200, 0, 0, 11791, 0, 0, 0, 0, 0, 37623), -- 156691 (Area: 13499 - Difficulty: 0)
(@CGUID+141, 156692, 2222, 10565, 13499, '0', '0', 0, 0, 0, -1794.0816650390625, 1400.5728759765625, 5266.98828125, 1.562808394432067871, 7200, 0, 0, 11791, 0, 0, 0, 0, 0, 37623), -- 156692 (Area: 13499 - Difficulty: 0)
(@CGUID+142, 164123, 2222, 10565, 13499, '0', '0', 0, 0, 0, -1897.9290771484375, 1275.3468017578125, 5447.8525390625, 1.807412147521972656, 7200, 10, 0, 11791, 0, 1, 0, 0, 0, 37623), -- 164123 (Area: 13499 - Difficulty: 0) (possible waypoints or random movement)
(@CGUID+143, 54638, 2222, 10565, 13499, '0', '0', 0, 0, 0, -1833.8524169921875, 1396.98095703125, 5451.3837890625, 4.700976848602294921, 7200, 0, 0, 11791, 0, 0, 0, 0, 0, 37623), -- 54638 (Area: 13499 - Difficulty: 0)
(@CGUID+144, 156668, 2222, 10565, 13499, '0', '0', 0, 0, 0, -1739.60595703125, 1387.4132080078125, 5267.2822265625, 4.142081737518310546, 7200, 0, 0, 11791, 0, 0, 0, 0, 0, 37623), -- 156668 (Area: 13499 - Difficulty: 0)
(@CGUID+145, 156670, 2222, 10565, 13499, '0', '0', 0, 0, 0, -1785.329833984375, 1420.9896240234375, 5266.98828125, 4.064589977264404296, 7200, 0, 0, 11791, 0, 0, 0, 0, 0, 37623), -- 156670 (Area: 13499 - Difficulty: 0)
(@CGUID+146, 156732, 2222, 10565, 13499, '0', '0', 0, 0, 0, -1769.984375, 1414.6180419921875, 5266.98828125, 5.145272254943847656, 7200, 0, 0, 11791, 0, 0, 0, 0, 0, 37623), -- 156732 (Area: 13499 - Difficulty: 0)
(@CGUID+147, 156685, 2222, 10565, 13499, '0', '0', 0, 0, 0, -1760.0416259765625, 1410.392333984375, 5267.66357421875, 4.459239482879638671, 7200, 0, 0, 11791, 0, 0, 0, 0, 0, 37623), -- 156685 (Area: 13499 - Difficulty: 0)
(@CGUID+148, 156733, 2222, 10565, 13499, '0', '0', 0, 0, 0, -1802.998291015625, 1426.40283203125, 5266.98828125, 5.180345535278320312, 7200, 0, 0, 11791, 0, 0, 0, 0, 0, 37623), -- 156733 (Area: 13499 - Difficulty: 0)
(@CGUID+149, 164736, 2222, 10565, 13499, '0', '0', 0, 0, 0, -1753.5521240234375, 1405.02783203125, 5266.98828125, 3.736128091812133789, 7200, 0, 0, 9433, 5751, 0, 0, 0, 0, 37623), -- 164736 (Area: 13499 - Difficulty: 0)
(@CGUID+150, 174922, 2222, 10565, 13499, '0', '0', 0, 0, 0, -1864.564208984375, 1428.9288330078125, 5266.9541015625, 4.603057861328125, 7200, 0, 0, 11791, 0, 0, 0, 0, 0, 37623), -- 174922 (Area: 13499 - Difficulty: 0)
(@CGUID+151, 164095, 2222, 10565, 13499, '0', '0', 0, 0, 0, -1876.8333740234375, 1422.29345703125, 5266.9423828125, 4.879291057586669921, 7200, 0, 0, 11791, 0, 0, 0, 0, 0, 37623), -- 164095 (Area: 13499 - Difficulty: 0)
(@CGUID+152, 164096, 2222, 10565, 13499, '0', '0', 0, 0, 0, -1868.09375, 1426.123291015625, 5266.9423828125, 4.409206390380859375, 7200, 0, 0, 11791, 0, 0, 0, 0, 0, 37623), -- 164096 (Area: 13499 - Difficulty: 0)
(@CGUID+153, 168011, 2222, 10565, 13499, '0', '0', 0, 0, 0, -1873.1754150390625, 1426.9896240234375, 5267.671875, 5.052110671997070312, 7200, 0, 0, 117910, 0, 0, 0, 0, 0, 37623), -- 168011 (Area: 13499 - Difficulty: 0)
(@CGUID+154, 171299, 2222, 10565, 13499, '0', '0', 0, 0, 0, -1930.7135009765625, 1381.5521240234375, 5269.2470703125, 2.53600311279296875, 7200, 0, 0, 11791, 0, 0, 0, 0, 0, 37623), -- 171299 (Area: 13499 - Difficulty: 0)
(@CGUID+155, 162896, 2222, 10565, 13499, '0', '0', 0, 0, 0, -1932.6649169921875, 1379.435791015625, 5269.2470703125, 1.838539958000183105, 7200, 0, 0, 11791, 0, 0, 0, 0, 0, 37623), -- 162896 (Area: 13499 - Difficulty: 0)
(@CGUID+156, 54638, 2222, 10565, 13499, '0', '0', 0, 0, 0, -1926.013916015625, 1282.9375, 5450.97509765625, 3.227470636367797851, 7200, 0, 0, 11791, 0, 0, 0, 0, 0, 37623), -- 54638 (Area: 13499 - Difficulty: 0)
(@CGUID+157, 164099, 2222, 10565, 13499, '0', '0', 0, 0, 0, -1957.6007080078125, 1315.845458984375, 5266.9541015625, 0.766802370548248291, 7200, 0, 0, 11791, 0, 0, 0, 0, 0, 37623), -- 164099 (Area: 13499 - Difficulty: 0)
(@CGUID+158, 173118, 2222, 10565, 13499, '0', '0', 0, 0, 0, -1948.640625, 1260.564208984375, 5267.75830078125, 3.593543291091918945, 7200, 0, 0, 9433, 5751, 0, 0, 0, 0, 37623), -- 173118 (Area: 13499 - Difficulty: 0)
(@CGUID+159, 164684, 2222, 10565, 13499, '0', '0', 0, 0, 0, -1953.201416015625, 1321.4913330078125, 5266.966796875, 4.736085414886474609, 7200, 0, 0, 11791, 0, 0, 0, 0, 0, 37623), -- 164684 (Area: 13499 - Difficulty: 0)
(@CGUID+160, 54638, 2222, 10565, 13499, '0', '0', 0, 0, 0, -1949.1007080078125, 1281.94970703125, 5450.95361328125, 0.095353946089744567, 7200, 0, 0, 11791, 0, 0, 0, 0, 0, 37623), -- 54638 (Area: 13499 - Difficulty: 0)
(@CGUID+161, 164079, 2222, 10565, 13499, '0', '0', 0, 0, 0, -1933.8507080078125, 1382.3316650390625, 5269.2421875, 2.56574416160583496, 7200, 0, 0, 14149200, 608500, 0, 0, 0, 0, 37623), -- 164079 (Area: 13499 - Difficulty: 0)
(@CGUID+162, 173370, 2222, 10565, 13499, '0', '0', 0, 0, 0, -1950.8802490234375, 1244.9947509765625, 5266.9658203125, 3.728710412979125976, 7200, 0, 0, 11791, 0, 0, 0, 0, 0, 37623), -- 173370 (Area: 13499 - Difficulty: 0)
(@CGUID+163, 164100, 2222, 10565, 13499, '0', '0', 0, 0, 0, -1955.7899169921875, 1318.609375, 5266.95703125, 0.521554529666900634, 7200, 0, 0, 11791, 0, 0, 0, 0, 0, 37623), -- 164100 (Area: 13499 - Difficulty: 0)
(@CGUID+164, 55370, 2222, 10565, 13499, '0', '0', 0, 0, 0, -1936.8021240234375, 1385.8958740234375, 5272.546875, 5.866837501525878906, 7200, 0, 0, 11791, 2434, 0, 0, 0, 0, 37623), -- 55370 (Area: 13499 - Difficulty: 0)
(@CGUID+165, 164098, 2222, 10565, 13499, '0', '0', 0, 0, 0, -1953.0989990234375, 1316.2239990234375, 5266.9560546875, 1.588736414909362792, 7200, 0, 0, 11791, 0, 0, 0, 0, 0, 37623), -- 164098 (Area: 13499 - Difficulty: 0)
(@CGUID+166, 156734, 2222, 10565, 13499, '0', '0', 0, 0, 0, -1964.6395263671875, 1257.9361572265625, 4722.96337890625, 4.77319192886352539, 7200, 10, 0, 11791, 0, 1, 0, 0, 0, 37623), -- 156734 (Area: 13499 - Difficulty: 0) (possible waypoints or random movement)
(@CGUID+167, 173367, 2222, 10565, 13499, '0', '0', 0, 0, 0, -1947.2451171875, 1214.515625, 5266.9638671875, 1.99222266674041748, 7200, 10, 0, 11791, 0, 1, 0, 0, 0, 37623), -- 173367 (Area: 13499 - Difficulty: 0) (possible waypoints or random movement)
(@CGUID+168, 173318, 2222, 10565, 13499, '0', '0', 0, 0, 0, -1903.1143798828125, 1191.8388671875, 5268.15185546875, 2.299440860748291015, 7200, 10, 0, 11791, 0, 1, 0, 0, 0, 37623), -- 173318 (Area: 13499 - Difficulty: 0) (possible waypoints or random movement)
(@CGUID+169, 173354, 2222, 10565, 13499, '0', '0', 0, 0, 0, -1938.701416015625, 1210.810791015625, 5266.96826171875, 5.146539211273193359, 7200, 0, 0, 11791, 0, 0, 0, 0, 0, 37623), -- 173354 (Area: 13499 - Difficulty: 0)
(@CGUID+170, 173364, 2222, 10565, 13499, '0', '0', 0, 0, 0, -1861.203125, 1171.8021240234375, 5239.48876953125, 3.232346057891845703, 7200, 0, 0, 11791, 0, 0, 0, 0, 0, 37623), -- 173364 (Area: 13499 - Difficulty: 0)
(@CGUID+171, 173356, 2222, 10565, 13499, '0', '0', 0, 0, 0, -1927.7899169921875, 1204.986083984375, 5266.9658203125, 5.189546108245849609, 7200, 0, 0, 11791, 0, 0, 0, 0, 0, 37623), -- 173356 (Area: 13499 - Difficulty: 0)
(@CGUID+172, 173301, 2222, 10565, 13499, '0', '0', 0, 0, 0, -1866.9757080078125, 1173.9791259765625, 5270.720703125, 3.941261053085327148, 7200, 0, 0, 11791, 0, 0, 0, 0, 0, 37623), -- 173301 (Area: 13499 - Difficulty: 0)
(@CGUID+173, 156735, 2222, 10565, 13499, '0', '0', 0, 0, 0, -1909.9149169921875, 1181.74658203125, 5266.94140625, 2.23905801773071289, 7200, 0, 0, 11791, 0, 0, 0, 0, 0, 37623), -- 156735 (Area: 13499 - Difficulty: 0)
(@CGUID+174, 173302, 2222, 10565, 13499, '0', '0', 0, 0, 0, -1871.3802490234375, 1178.454833984375, 5270.720703125, 3.791172266006469726, 7200, 0, 0, 11791, 0, 0, 0, 0, 0, 37623), -- 173302 (Area: 13499 - Difficulty: 0)
(@CGUID+175, 173369, 2222, 10565, 13499, '0', '0', 0, 0, 0, -1972.01220703125, 1244.517333984375, 5266.96630859375, 6.135544776916503906, 7200, 0, 0, 11791, 0, 0, 0, 0, 0, 37623), -- 173369 (Area: 13499 - Difficulty: 0)
(@CGUID+176, 172702, 2222, 10565, 13499, '0', '0', 0, 0, 0, -1928.6197509765625, 1215.232666015625, 5266.96728515625, 2.721279859542846679, 7200, 0, 0, 11791, 0, 0, 0, 0, 0, 37623), -- 172702 (Area: 13499 - Difficulty: 0)
(@CGUID+177, 173300, 2222, 10565, 13499, '0', '0', 0, 0, 0, -1930.923583984375, 1216.048583984375, 5266.9677734375, 6.147240638732910156, 7200, 0, 0, 11791, 0, 0, 0, 0, 0, 37623), -- 173300 (Area: 13499 - Difficulty: 0)
(@CGUID+178, 173357, 2222, 10565, 13499, '0', '0', 0, 0, 0, -1926.1319580078125, 1209.4478759765625, 5266.9658203125, 5.992887020111083984, 7200, 0, 0, 11791, 0, 0, 0, 0, 0, 37623), -- 173357 (Area: 13499 - Difficulty: 0)
(@CGUID+179, 173118, 2222, 10565, 13499, '0', '0', 0, 0, 0, -1938.545166015625, 1230.26220703125, 5266.97509765625, 2.524952650070190429, 7200, 0, 0, 9433, 5751, 0, 0, 0, 0, 37623), -- 173118 (Area: 13499 - Difficulty: 0)
(@CGUID+180, 173352, 2222, 10565, 13499, '0', '0', 0, 0, 0, -1925.234375, 1216.1510009765625, 5266.9609375, 3.6974945068359375, 7200, 0, 0, 11791, 0, 0, 0, 0, 0, 37623), -- 173352 (Area: 13499 - Difficulty: 0)
(@CGUID+181, 173353, 2222, 10565, 13499, '0', '0', 0, 0, 0, -1933.1475830078125, 1217.3541259765625, 5269.04296875, 5.189546108245849609, 7200, 0, 0, 11791, 0, 0, 0, 0, 0, 37623), -- 173353 (Area: 13499 - Difficulty: 0)
(@CGUID+182, 173355, 2222, 10565, 13499, '0', '0', 0, 0, 0, -1933.8958740234375, 1211.0538330078125, 5266.96728515625, 5.189546108245849609, 7200, 0, 0, 11791, 0, 0, 0, 0, 0, 37623), -- 173355 (Area: 13499 - Difficulty: 0)
(@CGUID+183, 173325, 2222, 10565, 13499, '0', '0', 0, 0, 0, -1876.1771240234375, 1153.4149169921875, 5270.435546875, 3.054464578628540039, 7200, 0, 0, 11791, 0, 0, 0, 0, 0, 37623), -- 173325 (Area: 13499 - Difficulty: 0)
(@CGUID+184, 165796, 2222, 10565, 13499, '0', '0', 0, 0, 0, -1964.0885009765625, 1216.4583740234375, 5266.9638671875, 3.40339207649230957, 7200, 0, 0, 11791, 0, 0, 0, 0, 0, 37623), -- 165796 (Area: 13499 - Difficulty: 0)
(@CGUID+185, 156769, 2222, 10565, 13499, '0', '0', 0, 0, 0, -1928.1302490234375, 1175.8975830078125, 5267.287109375, 1.091346383094787597, 7200, 0, 0, 11791, 0, 0, 0, 0, 0, 37623), -- 156769 (Area: 13499 - Difficulty: 0)
(@CGUID+186, 156768, 2222, 10565, 13499, '0', '0', 0, 0, 0, -1932.4930419921875, 1182.35595703125, 5267.28515625, 0.815693199634552001, 7200, 0, 0, 11791, 0, 0, 0, 0, 0, 37623), -- 156768 (Area: 13499 - Difficulty: 0)
(@CGUID+187, 173304, 2222, 10565, 13499, '0', '0', 0, 0, 0, -1875.466552734375, 1156.0526123046875, 5270.56640625, 4.188790321350097656, 7200, 10, 0, 11791, 0, 1, 0, 0, 0, 37623), -- 173304 (Area: 13499 - Difficulty: 0) (possible waypoints or random movement)
(@CGUID+188, 173305, 2222, 10565, 13499, '0', '0', 0, 0, 0, -1886.579833984375, 1161.1492919921875, 5270.435546875, 0.944343090057373046, 7200, 0, 0, 9433, 5751, 0, 0, 0, 0, 37623), -- 173305 (Area: 13499 - Difficulty: 0)
(@CGUID+189, 173325, 2222, 10565, 13499, '0', '0', 0, 0, 0, -1880.7864990234375, 1155.5347900390625, 5270.48876953125, 6.127562999725341796, 7200, 0, 0, 11791, 0, 0, 0, 0, 0, 37623), -- 173325 (Area: 13499 - Difficulty: 0)
(@CGUID+190, 173364, 2222, 10565, 13499, '0', '0', 0, 0, 0, -1865.3125, 1162.4600830078125, 5239.48876953125, 2.218262434005737304, 7200, 0, 0, 11791, 0, 0, 0, 0, 0, 37623), -- 173364 (Area: 13499 - Difficulty: 0)
(@CGUID+191, 156758, 2222, 10565, 13499, '0', '0', 0, 0, 0, -1930.9774169921875, 1175.44970703125, 5267.40478515625, 1.824907183647155761, 7200, 0, 0, 235820, 0, 0, 0, 0, 0, 37623), -- 156758 (Area: 13499 - Difficulty: 0)
(@CGUID+192, 169524, 2222, 10565, 13499, '0', '0', 0, 0, 0, -1953.90625, 1204.046875, 5266.97509765625, 0.008641957305371761, 7200, 0, 0, 11791, 0, 0, 0, 0, 0, 37623), -- 169524 (Area: 13499 - Difficulty: 0)
(@CGUID+193, 156663, 2222, 10565, 13499, '0', '0', 0, 0, 0, -1940.829833984375, 1180.6180419921875, 5267.28515625, 1.004150152206420898, 7200, 0, 0, 9433, 5751, 0, 0, 0, 0, 37623), -- 156663 (Area: 13499 - Difficulty: 0)
(@CGUID+194, 156664, 2222, 10565, 13499, '0', '0', 0, 0, 0, -1944.6197509765625, 1182.111083984375, 5267.28857421875, 2.052236080169677734, 7200, 0, 0, 9433, 5751, 0, 0, 0, 0, 37623), -- 156664 (Area: 13499 - Difficulty: 0)
(@CGUID+195, 166284, 2222, 10565, 13499, '0', '0', 0, 0, 0, -1953.892333984375, 1184.4947509765625, 5267.28515625, 1.705712080001831054, 7200, 0, 0, 11791, 0, 0, 0, 0, 0, 37623), -- 166284 (Area: 13499 - Difficulty: 0)
(@CGUID+196, 173118, 2222, 10565, 13499, '0', '0', 0, 0, 0, -1888.8194580078125, 1147.7708740234375, 5270.435546875, 1.389673113822937011, 7200, 0, 0, 9433, 5751, 0, 0, 0, 0, 37623), -- 173118 (Area: 13499 - Difficulty: 0)
(@CGUID+197, 156758, 2222, 10565, 13499, '0', '0', 0, 0, 0, -1932.84375, 1172.4010009765625, 5267.28515625, 1.363011121749877929, 7200, 0, 0, 235820, 0, 0, 0, 0, 0, 37623), -- 156758 (Area: 13499 - Difficulty: 0)
(@CGUID+198, 156758, 2222, 10565, 13499, '0', '0', 0, 0, 0, -1948.0972900390625, 1183.267333984375, 5267.28515625, 0.50913780927658081, 7200, 0, 0, 235820, 0, 0, 0, 0, 0, 37623), -- 156758 (Area: 13499 - Difficulty: 0)
(@CGUID+199, 173118, 2222, 10565, 13499, '0', '0', 0, 0, 0, -1976.2899169921875, 1246.6336669921875, 5267.21484375, 5.898333072662353515, 7200, 0, 0, 9433, 5751, 0, 0, 0, 0, 37623), -- 173118 (Area: 13499 - Difficulty: 0)
(@CGUID+200, 156791, 2222, 10565, 13499, '0', '0', 0, 0, 0, -1971.29345703125, 1224.407958984375, 5266.96630859375, 5.950053691864013671, 7200, 0, 0, 11791, 0, 0, 0, 0, 0, 37623), -- 156791 (Area: 13499 - Difficulty: 0)
(@CGUID+201, 173118, 2222, 10565, 13499, '0', '0', 0, 0, 0, -1960.673583984375, 1189.795166015625, 5267.31640625, 0.888857722282409667, 7200, 0, 0, 9433, 5751, 0, 0, 0, 0, 37623), -- 173118 (Area: 13499 - Difficulty: 0)
(@CGUID+202, 173364, 2222, 10565, 13499, '0', '0', 0, 0, 0, -1890.9132080078125, 1135.373291015625, 5271.625, 0.985648691654205322, 7200, 0, 0, 11791, 0, 0, 0, 0, 0, 37623), -- 173364 (Area: 13499 - Difficulty: 0)
(@CGUID+203, 173364, 2222, 10565, 13499, '0', '0', 0, 0, 0, -1882.3629150390625, 1131.10595703125, 5271.625, 1.53295755386352539, 7200, 0, 0, 11791, 0, 0, 0, 0, 0, 37623), -- 173364 (Area: 13499 - Difficulty: 0)
(@CGUID+204, 164123, 2222, 10565, 13499, '0', '0', 0, 0, 0, -1853.0069580078125, 1136.6129150390625, 5270.4296875, 4.607075214385986328, 7200, 0, 0, 11791, 0, 0, 0, 0, 0, 37623), -- 164123 (Area: 13499 - Difficulty: 0)
(@CGUID+205, 164123, 2222, 10565, 13499, '0', '0', 0, 0, 0, -1853.189208984375, 1134.171875, 5270.4296875, 1.328010797500610351, 7200, 0, 0, 11791, 0, 0, 0, 0, 0, 37623), -- 164123 (Area: 13499 - Difficulty: 0)
(@CGUID+206, 167880, 2222, 10565, 13499, '0', '0', 0, 0, 0, -1847.6163330078125, 1139.171875, 5237.03369140625, 1.024545192718505859, 7200, 0, 0, 11791, 0, 0, 0, 0, 0, 37623), -- 167880 (Area: 13499 - Difficulty: 0)
(@CGUID+207, 173118, 2222, 10565, 13499, '0', '0', 0, 0, 0, -1996.2413330078125, 1215.923583984375, 5273.76953125, 4.818518638610839843, 7200, 0, 0, 9433, 5751, 0, 0, 0, 0, 37623), -- 173118 (Area: 13499 - Difficulty: 0)
(@CGUID+208, 172702, 2222, 10565, 13499, '0', '0', 0, 0, 0, -2000.0677490234375, 1214.625, 5274.10986328125, 3.017549037933349609, 7200, 0, 0, 11791, 0, 0, 0, 0, 0, 37623), -- 172702 (Area: 13499 - Difficulty: 0)
(@CGUID+209, 173300, 2222, 10565, 13499, '0', '0', 0, 0, 0, -2002.2117919921875, 1215.5035400390625, 5274.1044921875, 5.581948280334472656, 7200, 0, 0, 11791, 0, 0, 0, 0, 0, 37623), -- 173300 (Area: 13499 - Difficulty: 0)
(@CGUID+210, 173300, 2222, 10565, 13499, '0', '0', 0, 0, 0, -1889.9375, 1109.564208984375, 5273.68701171875, 5.581948280334472656, 7200, 0, 0, 11791, 0, 0, 0, 0, 0, 37623), -- 173300 (Area: 13499 - Difficulty: 0)
(@CGUID+211, 162918, 2222, 10565, 13499, '0', '0', 0, 0, 0, -1912.248046875, 1110.506103515625, 5273.7607421875, 2.806079626083374023, 7200, 10, 0, 11791, 0, 1, 0, 0, 0, 37623), -- 162918 (Area: 13499 - Difficulty: 0) (possible waypoints or random movement)
(@CGUID+212, 162918, 2222, 10565, 13499, '0', '0', 0, 0, 0, -1918.0303955078125, 1104.3731689453125, 5273.76025390625, 2.717569589614868164, 7200, 10, 0, 11791, 0, 1, 0, 0, 0, 37623), -- 162918 (Area: 13499 - Difficulty: 0) (possible waypoints or random movement)
(@CGUID+213, 172702, 2222, 10565, 13499, '0', '0', 0, 0, 0, -1887.79345703125, 1108.685791015625, 5273.68701171875, 3.017549037933349609, 7200, 0, 0, 11791, 0, 0, 0, 0, 0, 37623), -- 172702 (Area: 13499 - Difficulty: 0)
(@CGUID+214, 164803, 2222, 10565, 13499, '0', '0', 0, 0, 0, -2013.07470703125, 1270.34033203125, 5274.109375, 3.247725963592529296, 7200, 0, 0, 235820, 0, 0, 0, 0, 0, 37623), -- 164803 (Area: 13499 - Difficulty: 0)
(@CGUID+215, 164803, 2222, 10565, 13499, '0', '0', 0, 0, 0, -2012.482666015625, 1295.6146240234375, 5274.11572265625, 3.379972457885742187, 7200, 0, 0, 235820, 0, 0, 0, 0, 0, 37623), -- 164803 (Area: 13499 - Difficulty: 0)
(@CGUID+216, 32641, 2222, 10565, 13499, '0', '0', 0, 0, 0, 0, 0, 0, 0, 7200, 10, 0, 11791, 0, 1, 0, 0, 0, 37623), -- 32641 (Area: 13499 - Difficulty: 0) (Auras: 61424 - 61424) (possible waypoints or random movement)
(@CGUID+217, 32642, 2222, 10565, 13499, '0', '0', 0, 0, 0, -0.5004923939704895, -0.02135608531534671, 0.169582322239875793, 0, 7200, 10, 0, 11791, 0, 1, 0, 0, 0, 37623), -- 32642 (Area: 13499 - Difficulty: 0) (Auras: 61424 - 61424) (possible waypoints or random movement)
(@CGUID+218, 165405, 2222, 10565, 13499, '0', '0', 0, 0, 0, -1836.421875, 1139.1163330078125, 5237.97021484375, 5.799715042114257812, 7200, 0, 0, 11791, 0, 0, 0, 0, 0, 37623), -- 165405 (Area: 13499 - Difficulty: 0)
(@CGUID+219, 173364, 2222, 10565, 13499, '0', '0', 0, 0, 0, -1838.4132080078125, 1133.484375, 5238.0986328125, 1.748134732246398925, 7200, 0, 0, 11791, 0, 0, 0, 0, 0, 37623), -- 173364 (Area: 13499 - Difficulty: 0)
(@CGUID+220, 165403, 2222, 10565, 13499, '0', '0', 0, 0, 0, -1831.3629150390625, 1136.7083740234375, 5237.82421875, 2.287497758865356445, 7200, 0, 0, 11791, 0, 0, 0, 0, 0, 37623), -- 165403 (Area: 13499 - Difficulty: 0)
(@CGUID+221, 164803, 2222, 10565, 13499, '0', '0', 0, 0, 0, -1853.4375, 1100.60595703125, 5273.68701171875, 4.931482315063476562, 7200, 0, 0, 235820, 0, 0, 0, 0, 0, 37623), -- 164803 (Area: 13499 - Difficulty: 0)
(@CGUID+222, 164686, 2222, 10565, 13499, '0', '0', 0, 0, 0, -1822.4722900390625, 1073.890625, 5274.49853515625, 3.862344741821289062, 7200, 0, 0, 235820, 0, 0, 0, 0, 0, 37623), -- 164686 (Area: 13499 - Difficulty: 0) (Auras: 323731 - 323731)
(@CGUID+223, 164173, 2222, 10565, 13499, '0', '0', 0, 0, 0, -1827.8836669921875, 1062.87158203125, 5274.5107421875, 1.850159764289855957, 7200, 0, 0, 235820, 0, 0, 0, 0, 0, 37623), -- 164173 (Area: 13499 - Difficulty: 0)
(@CGUID+224, 164803, 2222, 10565, 13499, '0', '0', 0, 0, 0, -1814.78125, 1100.920166015625, 5273.68701171875, 4.862817764282226562, 7200, 0, 0, 235820, 0, 0, 0, 0, 0, 37623), -- 164803 (Area: 13499 - Difficulty: 0)
(@CGUID+225, 175327, 2222, 10565, 13499, '0', '0', 0, 0, 0, -1831.482666015625, 1058.2291259765625, 5274.50146484375, 1.593387365341186523, 7200, 0, 0, 235820, 0, 0, 0, 0, 0, 37623), -- 175327 (Area: 13499 - Difficulty: 0)
(@CGUID+226, 165379, 2222, 10565, 13499, '0', '0', 0, 0, 0, -1689.75, 1311.765625, 5266.98828125, 2.128607749938964843, 7200, 0, 0, 9433, 5751, 0, 0, 0, 0, 37623), -- 165379 (Area: 13499 - Difficulty: 0) (Auras: 338341 - 338341)
(@CGUID+227, 164367, 2222, 10565, 13499, '0', '0', 0, 0, 0, -1695.0728759765625, 1332.6597900390625, 5266.98828125, 5.769312381744384765, 7200, 0, 0, 11791, 0, 0, 0, 0, 0, 37623), -- 164367 (Area: 13499 - Difficulty: 0)
(@CGUID+228, 168353, 2222, 10565, 13499, '0', '0', 0, 0, 0, -1689.2916259765625, 1320.41845703125, 5267.671875, 3.062137842178344726, 7200, 0, 0, 11791, 0, 0, 0, 0, 0, 37623), -- 168353 (Area: 13499 - Difficulty: 0)
(@CGUID+229, 156672, 2222, 10565, 13499, '0', '0', 0, 0, 0, -1683.5694580078125, 1326.013916015625, 5267.671875, 3.26577925682067871, 7200, 0, 0, 11791, 0, 0, 0, 0, 0, 37623), -- 156672 (Area: 13499 - Difficulty: 0)
(@CGUID+230, 164368, 2222, 10565, 13499, '0', '0', 0, 0, 0, -1691.545166015625, 1330.5816650390625, 5266.98828125, 2.716899394989013671, 7200, 0, 0, 11791, 0, 0, 0, 0, 0, 37623), -- 164368 (Area: 13499 - Difficulty: 0)
(@CGUID+231, 156669, 2222, 10565, 13499, '0', '0', 0, 0, 0, -1704.8941650390625, 1363.2691650390625, 5267.66357421875, 3.890340328216552734, 7200, 0, 0, 11791, 0, 0, 0, 0, 0, 37623), -- 156669 (Area: 13499 - Difficulty: 0)
(@CGUID+232, 156667, 2222, 10565, 13499, '0', '0', 0, 0, 0, -1713.09375, 1364.345458984375, 5266.98828125, 4.082195758819580078, 7200, 0, 0, 11791, 0, 0, 0, 0, 0, 37623), -- 156667 (Area: 13499 - Difficulty: 0)
(@CGUID+233, 156777, 2222, 10565, 13499, '0', '0', 0, 0, 0, -1742.4774169921875, 1393.3211669921875, 5266.98828125, 4.686532974243164062, 7200, 0, 0, 11791, 0, 0, 0, 0, 0, 37623), -- 156777 (Area: 13499 - Difficulty: 0)
(@CGUID+234, 173304, 2222, 10565, 13499, '0', '0', 0, 0, 0, -1772.125244140625, 1451.1595458984375, 5274.1513671875, 2.906485795974731445, 7200, 10, 0, 11791, 0, 1, 0, 0, 0, 37623), -- 173304 (Area: 13499 - Difficulty: 0) (possible waypoints or random movement)
(@CGUID+235, 164803, 2222, 10565, 13499, '0', '0', 0, 0, 0, -1655.236083984375, 1298.296875, 5274.1015625, 0.104104034602642059, 7200, 0, 0, 235820, 0, 0, 0, 0, 0, 37623), -- 164803 (Area: 13499 - Difficulty: 0)
(@CGUID+236, 164123, 2222, 10565, 13499, '0', '0', 0, 0, 0, -1641.54345703125, 1273.140380859375, 5275.060546875, 4.498164653778076171, 7200, 0, 0, 11791, 0, 0, 0, 0, 0, 37623), -- 164123 (Area: 13499 - Difficulty: 0)
(@CGUID+237, 156734, 2222, 10565, 13499, '0', '0', 0, 0, 0, -1642.3524169921875, 1252.468017578125, 5273.7607421875, 1.546980857849121093, 7200, 10, 0, 11791, 0, 1, 0, 0, 0, 37623), -- 156734 (Area: 13499 - Difficulty: 0) (possible waypoints or random movement)
(@CGUID+238, 173300, 2222, 10565, 13499, '0', '0', 0, 0, 0, -1765.25, 1453.6875, 5273.67626953125, 6.147240161895751953, 7200, 0, 0, 11791, 0, 0, 0, 0, 0, 37623), -- 173300 (Area: 13499 - Difficulty: 0)
(@CGUID+239, 173301, 2222, 10565, 13499, '0', '0', 0, 0, 0, -1784.1336669921875, 1461.234375, 5273.685546875, 1.05218505859375, 7200, 0, 0, 11791, 0, 0, 0, 0, 0, 37623), -- 173301 (Area: 13499 - Difficulty: 0)
(@CGUID+240, 173118, 2222, 10565, 13499, '0', '0', 0, 0, 0, -1771.142333984375, 1456.673583984375, 5273.7314453125, 1.780267834663391113, 7200, 0, 0, 9433, 5751, 0, 0, 0, 0, 37623), -- 173118 (Area: 13499 - Difficulty: 0)
(@CGUID+241, 173305, 2222, 10565, 13499, '0', '0', 0, 0, 0, -1757.375, 1450.935791015625, 5273.7177734375, 1.911524295806884765, 7200, 0, 0, 9433, 5751, 0, 0, 0, 0, 37623), -- 173305 (Area: 13499 - Difficulty: 0)
(@CGUID+242, 173118, 2222, 10565, 13499, '0', '0', 0, 0, 0, -1757.4114990234375, 1454.9879150390625, 5273.62255859375, 3.889262914657592773, 7200, 0, 0, 9433, 5751, 0, 0, 0, 0, 37623), -- 173118 (Area: 13499 - Difficulty: 0)
(@CGUID+243, 172702, 2222, 10565, 13499, '0', '0', 0, 0, 0, -1762.9461669921875, 1452.8697509765625, 5273.6748046875, 2.721279859542846679, 7200, 0, 0, 11791, 0, 0, 0, 0, 0, 37623), -- 172702 (Area: 13499 - Difficulty: 0)
(@CGUID+244, 173302, 2222, 10565, 13499, '0', '0', 0, 0, 0, -1789.3004150390625, 1459.798583984375, 5273.68701171875, 1.879280567169189453, 7200, 0, 0, 11791, 0, 0, 0, 0, 0, 37623), -- 173302 (Area: 13499 - Difficulty: 0)
(@CGUID+245, 172702, 2222, 10565, 13499, '0', '0', 0, 0, 0, -1882.3038330078125, 1456.1632080078125, 5274.08837890625, 2.08595442771911621, 7200, 0, 0, 11791, 0, 0, 0, 0, 0, 37623), -- 172702 (Area: 13499 - Difficulty: 0)
(@CGUID+246, 176186, 2222, 10565, 13499, '0', '0', 0, 0, 0, -1826.82470703125, 1518.1302490234375, 5274.5, 2.368232488632202148, 7200, 0, 0, 11791, 0, 0, 0, 0, 0, 37623), -- 176186 (Area: 13499 - Difficulty: 0)
(@CGUID+247, 162918, 2222, 10565, 13499, '0', '0', 0, 0, 0, -1887.929443359375, 1469.486083984375, 5273.7607421875, 0.919048905372619628, 7200, 10, 0, 11791, 0, 1, 0, 0, 0, 37623), -- 162918 (Area: 13499 - Difficulty: 0) (possible waypoints or random movement)
(@CGUID+248, 172702, 2222, 10565, 13499, '0', '0', 0, 0, 0, -1889.0086669921875, 1454.6597900390625, 5274.09033203125, 2.08595442771911621, 7200, 0, 0, 11791, 0, 0, 0, 0, 0, 37623), -- 172702 (Area: 13499 - Difficulty: 0)
(@CGUID+249, 162918, 2222, 10565, 13499, '0', '0', 0, 0, 0, -1875.0960693359375, 1466.0147705078125, 5273.7607421875, 0.050233524292707443, 7200, 10, 0, 11791, 0, 1, 0, 0, 0, 37623); -- 162918 (Area: 13499 - Difficulty: 0) (possible waypoints or random movement)

INSERT INTO `creature` (`guid`, `id`, `map`, `zoneId`, `areaId`, `spawnDifficulties`, `PhaseId`, `PhaseGroup`, `modelid`, `equipment_id`, `position_x`, `position_y`, `position_z`, `orientation`, `spawntimesecs`, `spawndist`, `currentwaypoint`, `curhealth`, `curmana`, `MovementType`, `npcflag`, `unit_flags`, `dynamicflags`, `VerifiedBuild`) VALUES
(@CGUID+250, 162918, 2222, 10565, 13499, '0', '0', 0, 0, 0, -1866.2630615234375, 1468.61279296875, 5273.7607421875, 6.270199298858642578, 7200, 0, 0, 11791, 0, 0, 0, 0, 0, 37623), -- 162918 (Area: 13499 - Difficulty: 0)
(@CGUID+251, 162918, 2222, 10565, 13499, '0', '0', 0, 0, 0, -1866.0306396484375, 1472.6025390625, 5273.7607421875, 6.271016120910644531, 7200, 0, 0, 11791, 0, 0, 0, 0, 0, 37623), -- 162918 (Area: 13499 - Difficulty: 0)
(@CGUID+252, 173118, 2222, 10565, 0, '0', '0', 0, 0, 0, -1910.5816650390625, 1445.4114990234375, 5274.98876953125, 2.319232463836669921, 7200, 0, 0, 9433, 5751, 0, 0, 0, 0, 37623), -- 173118 (Area: 0 - Difficulty: 0)
(@CGUID+253, 172702, 2222, 10565, 0, '0', '0', 0, 0, 0, -1921.29345703125, 1444.1944580078125, 5273.67578125, 1.094788789749145507, 7200, 0, 0, 11791, 0, 0, 0, 0, 0, 37623), -- 172702 (Area: 0 - Difficulty: 0)
(@CGUID+254, 167591, 2222, 10565, 0, '0', '0', 0, 0, 0, -1937.376708984375, 1385.9271240234375, 5273.06640625, 5.391463279724121093, 7200, 0, 0, 11791, 0, 0, 0, 0, 0, 37623), -- 167591 (Area: 0 - Difficulty: 0) (Auras: )
(@CGUID+255, 164579, 2222, 10565, 0, '0', '0', 0, 0, 0, -1944.0225830078125, 1389.796875, 5269.81982421875, 0.202419415116310119, 7200, 0, 0, 235820, 0, 0, 0, 0, 0, 37623), -- 164579 (Area: 0 - Difficulty: 0)
(@CGUID+256, 62821, 2222, 10565, 13499, '0', '0', 0, 0, 0, -0.20000000298023223, 0, -0.20000000298023223, 0, 7200, 10, 0, 14150, 8626, 1, 0, 0, 0, 37623), -- 62821 (Area: 13499 - Difficulty: 0) (Auras: 122729 - 122729, 123236 - 123236) (possible waypoints or random movement)
(@CGUID+257, 62822, 2222, 10565, 13499, '0', '0', 0, 0, 0, -0.20000000298023223, 0, -0.20000000298023223, 0, 7200, 10, 0, 11791, 0, 1, 0, 0, 0, 37623); -- 62822 (Area: 13499 - Difficulty: 0) (Auras: 122729 - 122729; 123240 - 123240) (possible waypoints or random movement)

DELETE FROM `creature_addon` WHERE `guid` BETWEEN @CGUID+0 AND @CGUID+257;
INSERT INTO `creature_addon` (`guid`, `path_id`, `mount`, `bytes1`, `bytes2`, `emote`, `aiAnimKit`, `movementAnimKit`, `meleeAnimKit`, `auras`) VALUES
(@CGUID+0, 0, 0, 0, 1, 0, 0, 0, 0, ''), -- 173118
(@CGUID+1, 0, 0, 33554432, 1, 0, 0, 0, 0, ''), -- 166061
(@CGUID+2, 0, 0, 0, 1, 0, 0, 0, 0, ''), -- 164353
(@CGUID+3, 0, 0, 0, 1, 0, 0, 0, 0, ''), -- 173118
(@CGUID+4, 0, 0, 0, 1, 0, 0, 0, 0, ''), -- 173118
(@CGUID+5, 0, 0, 0, 1, 0, 0, 0, 0, ''), -- 173364
(@CGUID+6, 0, 0, 33554432, 1, 0, 0, 0, 0, ''), -- 166061
(@CGUID+7, 0, 0, 0, 1, 0, 0, 0, 0, ''), -- 156698
(@CGUID+8, 0, 0, 0, 1, 0, 0, 0, 0, ''), -- 173364
(@CGUID+9, 0, 0, 0, 1, 0, 0, 0, 0, ''), -- 156698
(@CGUID+10, 0, 0, 0, 1, 0, 0, 0, 0, ''), -- 156698
(@CGUID+11, 0, 0, 0, 1, 0, 0, 0, 0, ''), -- 173364
(@CGUID+12, 0, 0, 0, 1, 0, 0, 0, 0, ''), -- 156698
(@CGUID+13, 0, 0, 0, 0, 0, 0, 0, 0, ''), -- 156479
(@CGUID+14, 0, 0, 33554432, 1, 0, 0, 0, 0, ''), -- 166061
(@CGUID+15, 0, 0, 0, 1, 0, 0, 0, 0, ''), -- 173118
(@CGUID+16, 0, 0, 50331648, 1, 0, 0, 0, 0, ''), -- 164123
(@CGUID+17, 0, 0, 0, 1, 0, 0, 0, 0, ''), -- 162929
(@CGUID+18, 0, 0, 50331648, 1, 0, 21543, 0, 0, ''), -- 164123
(@CGUID+19, 0, 0, 0, 1, 0, 0, 0, 0, ''), -- 173300
(@CGUID+20, 0, 0, 0, 1, 0, 0, 0, 0, ''), -- 156698
(@CGUID+21, 0, 0, 0, 1, 0, 0, 0, 0, ''), -- 173300
(@CGUID+22, 0, 0, 0, 1, 0, 0, 0, 0, ''), -- 173327
(@CGUID+23, 0, 0, 0, 1, 0, 0, 0, 0, ''), -- 156698
(@CGUID+24, 0, 0, 0, 1, 0, 0, 0, 0, ''), -- 156698
(@CGUID+25, 0, 0, 0, 1, 0, 0, 0, 0, ''), -- 156698
(@CGUID+26, 0, 0, 50331648, 1, 0, 0, 0, 0, ''), -- 176545
(@CGUID+27, 0, 0, 0, 1, 0, 0, 0, 0, ''), -- 156734
(@CGUID+28, 0, 0, 0, 1, 0, 0, 0, 0, ''), -- 156698
(@CGUID+29, 0, 0, 0, 1, 0, 0, 0, 0, ''), -- 174564
(@CGUID+30, 0, 0, 0, 1, 0, 0, 0, 0, ''), -- 156698
(@CGUID+31, 0, 0, 0, 1, 0, 0, 0, 0, ''), -- 156698
(@CGUID+32, 0, 0, 0, 1, 0, 0, 0, 0, ''), -- 156698
(@CGUID+33, 0, 0, 0, 1, 0, 0, 0, 0, ''), -- 156698
(@CGUID+34, 0, 0, 50331648, 1, 0, 0, 0, 0, ''), -- 164123
(@CGUID+35, 0, 0, 0, 1, 0, 0, 0, 0, ''), -- 166307
(@CGUID+36, 0, 0, 0, 1, 0, 0, 0, 0, ''), -- 164596
(@CGUID+37, 0, 0, 0, 1, 0, 0, 0, 0, ''), -- 156698
(@CGUID+38, 0, 0, 50331648, 1, 0, 0, 0, 0, ''), -- 164123
(@CGUID+39, 0, 0, 50331648, 1, 0, 0, 0, 0, ''), -- 176545
(@CGUID+40, 0, 0, 0, 1, 0, 0, 0, 0, ''), -- 177829
(@CGUID+41, 0, 0, 0, 1, 0, 0, 0, 0, ''), -- 172702
(@CGUID+42, 0, 0, 0, 1, 0, 0, 0, 0, ''), -- 156698
(@CGUID+43, 0, 0, 0, 1, 0, 0, 0, 0, ''), -- 156698
(@CGUID+44, 0, 0, 0, 1, 0, 0, 0, 0, ''), -- 173327
(@CGUID+45, 0, 0, 0, 1, 0, 0, 0, 0, ''), -- 162929
(@CGUID+46, 0, 0, 0, 1, 0, 0, 0, 0, ''), -- 173364
(@CGUID+47, 0, 0, 0, 1, 0, 0, 0, 0, ''), -- 173348
(@CGUID+48, 0, 0, 33554432, 1, 0, 0, 0, 0, ''), -- 166061
(@CGUID+49, 0, 0, 0, 1, 0, 0, 0, 0, ''), -- 172702
(@CGUID+50, 0, 0, 0, 1, 0, 0, 0, 0, ''), -- 173364
(@CGUID+51, 0, 0, 0, 1, 0, 0, 0, 0, ''), -- 172702
(@CGUID+52, 0, 0, 0, 1, 0, 0, 0, 0, ''), -- 156698
(@CGUID+53, 0, 0, 0, 0, 0, 0, 0, 0, ''), -- 156479
(@CGUID+54, 0, 0, 0, 0, 0, 0, 0, 0, ''), -- 156479
(@CGUID+55, 0, 0, 0, 1, 0, 0, 0, 0, ''), -- 173350
(@CGUID+56, 0, 0, 0, 1, 0, 0, 0, 0, ''), -- 172702
(@CGUID+57, 0, 0, 0, 0, 0, 0, 0, 0, ''), -- 156479
(@CGUID+58, 0, 0, 0, 1, 0, 0, 0, 0, ''), -- 162929
(@CGUID+59, 0, 0, 0, 1, 0, 0, 0, 0, ''), -- 121541
(@CGUID+60, 0, 0, 0, 1, 0, 0, 0, 0, ''), -- 173118
(@CGUID+61, 0, 0, 50331648, 1, 0, 0, 0, 0, ''), -- 164123
(@CGUID+62, 0, 0, 0, 1, 0, 0, 0, 0, ''), -- 162929
(@CGUID+63, 0, 0, 50331648, 1, 0, 0, 0, 0, ''), -- 164123
(@CGUID+64, 0, 0, 0, 1, 0, 0, 0, 0, ''), -- 162929
(@CGUID+65, 0, 0, 0, 1, 0, 0, 0, 0, ''), -- 156698
(@CGUID+66, 0, 0, 0, 1, 0, 0, 0, 0, ''), -- 156698
(@CGUID+67, 0, 0, 0, 1, 0, 0, 0, 0, ''), -- 164803
(@CGUID+68, 0, 0, 0, 1, 0, 0, 0, 0, ''), -- 172702
(@CGUID+69, 0, 0, 50331648, 1, 0, 0, 0, 0, ''), -- 164123
(@CGUID+70, 0, 0, 0, 1, 0, 0, 0, 0, ''), -- 165657
(@CGUID+71, 0, 0, 0, 1, 0, 0, 0, 0, ''), -- 164803
(@CGUID+72, 0, 0, 50331648, 1, 0, 0, 0, 0, ''), -- 164123
(@CGUID+73, 0, 0, 0, 1, 0, 0, 0, 0, ''), -- 162666
(@CGUID+74, 0, 0, 0, 1, 0, 0, 0, 0, ''), -- 156734
(@CGUID+75, 0, 0, 0, 1, 0, 0, 0, 0, ''), -- 164352
(@CGUID+76, 0, 0, 0, 1, 0, 0, 0, 0, ''), -- 173367
(@CGUID+77, 0, 0, 0, 1, 0, 0, 0, 0, ''), -- 156698
(@CGUID+78, 0, 0, 0, 1, 0, 0, 0, 0, ''), -- 156698
(@CGUID+79, 0, 0, 0, 1, 0, 0, 0, 0, ''), -- 156698
(@CGUID+80, 0, 0, 0, 1, 0, 0, 0, 0, ''), -- 164803
(@CGUID+81, 0, 0, 0, 1, 0, 0, 0, 0, ''), -- 173304
(@CGUID+82, 0, 0, 0, 1, 0, 0, 0, 0, ''), -- 156688
(@CGUID+83, 0, 0, 0, 1, 0, 0, 0, 0, ''), -- 173300
(@CGUID+84, 0, 0, 0, 1, 0, 0, 0, 0, ''), -- 167881
(@CGUID+85, 0, 0, 0, 1, 0, 0, 0, 0, ''), -- 173367
(@CGUID+86, 0, 0, 0, 1, 0, 0, 0, 0, ''), -- 164685
(@CGUID+87, 0, 0, 33554432, 1, 0, 0, 0, 0, ''), -- 166061
(@CGUID+88, 0, 0, 33554432, 1, 0, 0, 0, 0, ''), -- 166061
(@CGUID+89, 0, 0, 0, 1, 0, 0, 0, 0, ''), -- 149740 - 257142 - 257142
(@CGUID+90, 0, 0, 0, 1, 0, 0, 0, 0, ''), -- 170260
(@CGUID+91, 0, 0, 33554432, 1, 0, 0, 0, 0, ''), -- 166061
(@CGUID+92, 0, 0, 33554432, 1, 0, 0, 0, 0, ''), -- 166061
(@CGUID+93, 0, 0, 50331648, 1, 0, 21543, 0, 0, ''), -- 164123
(@CGUID+94, 0, 0, 50331648, 1, 0, 0, 0, 0, ''), -- 164123
(@CGUID+95, 0, 0, 0, 1, 0, 0, 0, 0, ''), -- 162928
(@CGUID+96, 0, 0, 0, 1, 0, 0, 0, 0, ''), -- 162929
(@CGUID+97, 0, 0, 0, 1, 0, 0, 0, 0, ''), -- 173118
(@CGUID+98, 0, 0, 0, 1, 0, 0, 0, 0, ''), -- 156683
(@CGUID+99, 0, 0, 0, 1, 0, 0, 0, 0, ''), -- 173021
(@CGUID+100, 0, 0, 0, 1, 0, 0, 0, 0, ''), -- 165654
(@CGUID+101, 0, 0, 0, 1, 0, 0, 0, 0, ''), -- 170557
(@CGUID+102, 0, 0, 0, 1, 0, 0, 0, 0, ''), -- 170256
(@CGUID+103, 0, 0, 50331648, 1, 0, 0, 0, 0, ''), -- 54638
(@CGUID+104, 0, 0, 0, 1, 0, 0, 0, 0, ''), -- 162929
(@CGUID+105, 0, 0, 0, 1, 0, 0, 0, 0, ''), -- 170557
(@CGUID+106, 0, 0, 0, 1, 0, 0, 0, 0, ''), -- 170557
(@CGUID+107, 0, 0, 0, 1, 0, 0, 0, 0, ''), -- 170557
(@CGUID+108, 0, 0, 50331648, 1, 0, 0, 0, 0, ''), -- 54638
(@CGUID+109, 0, 0, 0, 1, 0, 0, 0, 0, ''), -- 156694
(@CGUID+110, 0, 0, 0, 1, 0, 0, 0, 0, ''), -- 170557
(@CGUID+111, 0, 0, 0, 1, 0, 0, 0, 0, ''), -- 170310
(@CGUID+112, 0, 0, 0, 1, 0, 0, 0, 0, ''), -- 170557
(@CGUID+113, 0, 0, 0, 1, 0, 0, 0, 0, ''), -- 170557
(@CGUID+114, 0, 0, 0, 1, 0, 0, 0, 0, ''), -- 164596
(@CGUID+115, 0, 0, 0, 1, 0, 0, 0, 0, ''), -- 170557
(@CGUID+116, 0, 0, 0, 1, 0, 0, 0, 0, ''), -- 173327
(@CGUID+117, 0, 0, 0, 1, 0, 0, 0, 0, ''), -- 173330
(@CGUID+118, 0, 0, 0, 1, 0, 0, 0, 0, ''), -- 166312
(@CGUID+119, 0, 0, 0, 1, 0, 0, 0, 0, ''), -- 174292
(@CGUID+120, 0, 0, 0, 1, 0, 0, 0, 0, ''), -- 156681
(@CGUID+121, 0, 0, 0, 1, 0, 0, 0, 0, ''), -- 173327
(@CGUID+122, 0, 0, 0, 1, 0, 0, 0, 0, ''), -- 173367
(@CGUID+123, 0, 0, 0, 257, 0, 0, 0, 0, ''), -- 159478
(@CGUID+124, 0, 0, 50331648, 1, 0, 0, 0, 0, ''), -- 164123
(@CGUID+125, 0, 0, 50331648, 1, 0, 0, 0, 0, ''), -- 164123
(@CGUID+126, 0, 0, 0, 1, 0, 0, 0, 0, ''), -- 156671
(@CGUID+127, 0, 0, 0, 1, 0, 0, 0, 0, ''), -- 156690
(@CGUID+128, 0, 0, 0, 1, 0, 0, 0, 0, ''), -- 156686
(@CGUID+129, 0, 0, 0, 1, 0, 0, 0, 0, ''), -- 170607
(@CGUID+130, 0, 0, 50331648, 1, 0, 0, 0, 0, ''), -- 54638
(@CGUID+131, 0, 0, 0, 1, 0, 0, 0, 0, ''), -- 173351
(@CGUID+132, 0, 0, 0, 1, 0, 0, 0, 0, ''), -- 164803
(@CGUID+133, 0, 0, 0, 1, 0, 0, 0, 0, ''), -- 164803
(@CGUID+134, 0, 0, 0, 1, 0, 0, 0, 0, ''), -- 167738
(@CGUID+135, 0, 0, 50331648, 1, 0, 0, 0, 0, '339778'), -- 173571 - 339778 - 339778
(@CGUID+136, 0, 0, 0, 1, 0, 0, 0, 0, ''), -- 156689
(@CGUID+137, 0, 0, 0, 1, 0, 0, 0, 0, ''), -- 156687
(@CGUID+138, 0, 0, 0, 1, 0, 0, 0, 0, ''), -- 156696
(@CGUID+139, 0, 0, 0, 1, 0, 0, 0, 0, ''), -- 156666
(@CGUID+140, 0, 0, 0, 1, 0, 0, 0, 0, ''), -- 156691
(@CGUID+141, 0, 0, 0, 1, 0, 0, 0, 0, ''), -- 156692
(@CGUID+142, 0, 0, 50331648, 1, 0, 0, 0, 0, ''), -- 164123
(@CGUID+143, 0, 0, 50331648, 1, 0, 0, 0, 0, ''), -- 54638
(@CGUID+144, 0, 0, 0, 1, 0, 0, 0, 0, ''), -- 156668
(@CGUID+145, 0, 0, 0, 1, 0, 0, 0, 0, ''), -- 156670
(@CGUID+146, 0, 0, 0, 1, 0, 0, 0, 0, ''), -- 156732
(@CGUID+147, 0, 0, 0, 1, 0, 0, 0, 0, ''), -- 156685
(@CGUID+148, 0, 0, 0, 1, 0, 0, 0, 0, ''), -- 156733
(@CGUID+149, 0, 0, 0, 1, 0, 0, 0, 0, ''), -- 164736
(@CGUID+150, 0, 0, 0, 1, 0, 0, 0, 0, ''), -- 174922
(@CGUID+151, 0, 0, 0, 1, 0, 0, 0, 0, ''), -- 164095
(@CGUID+152, 0, 0, 0, 1, 0, 0, 0, 0, ''), -- 164096
(@CGUID+153, 0, 0, 0, 0, 0, 0, 0, 0, ''), -- 168011
(@CGUID+154, 0, 0, 0, 1, 0, 0, 0, 0, ''), -- 171299
(@CGUID+155, 0, 0, 0, 1, 0, 0, 0, 0, ''), -- 162896
(@CGUID+156, 0, 0, 50331648, 1, 0, 0, 0, 0, ''), -- 54638
(@CGUID+157, 0, 0, 0, 1, 0, 0, 0, 0, ''), -- 164099
(@CGUID+158, 0, 0, 0, 1, 0, 0, 0, 0, ''), -- 173118
(@CGUID+159, 0, 0, 0, 1, 0, 0, 0, 0, ''), -- 164684
(@CGUID+160, 0, 0, 50331648, 1, 0, 0, 0, 0, ''), -- 54638
(@CGUID+161, 0, 0, 0, 256, 0, 0, 0, 0, ''), -- 164079
(@CGUID+162, 0, 0, 0, 1, 0, 0, 0, 0, ''), -- 173370
(@CGUID+163, 0, 0, 0, 1, 0, 0, 0, 0, ''), -- 164100
(@CGUID+164, 0, 0, 50331648, 1, 0, 0, 0, 0, ''), -- 55370
(@CGUID+165, 0, 0, 0, 1, 0, 0, 0, 0, ''), -- 164098
(@CGUID+166, 0, 0, 0, 1, 0, 0, 0, 0, ''), -- 156734
(@CGUID+167, 0, 0, 0, 1, 0, 0, 0, 0, ''), -- 173367
(@CGUID+168, 0, 0, 0, 1, 0, 0, 0, 0, ''), -- 173318
(@CGUID+169, 0, 0, 0, 1, 0, 0, 0, 0, ''), -- 173354
(@CGUID+170, 0, 0, 0, 1, 0, 0, 0, 0, ''), -- 173364
(@CGUID+171, 0, 0, 50331648, 1, 0, 0, 0, 0, ''), -- 173356
(@CGUID+172, 0, 0, 0, 1, 0, 0, 0, 0, ''), -- 173301
(@CGUID+173, 0, 0, 0, 1, 0, 0, 0, 0, ''), -- 156735
(@CGUID+174, 0, 0, 0, 1, 0, 0, 0, 0, ''), -- 173302
(@CGUID+175, 0, 0, 0, 1, 0, 0, 0, 0, ''), -- 173369
(@CGUID+176, 0, 0, 0, 1, 0, 20018, 0, 0, ''), -- 172702
(@CGUID+177, 0, 0, 0, 1, 0, 0, 0, 0, ''), -- 173300
(@CGUID+178, 0, 0, 0, 1, 0, 0, 0, 0, ''), -- 173357
(@CGUID+179, 0, 0, 0, 1, 0, 0, 0, 0, ''), -- 173118
(@CGUID+180, 0, 0, 0, 1, 0, 0, 0, 0, ''), -- 173352
(@CGUID+181, 0, 0, 0, 1, 0, 0, 0, 0, ''), -- 173353
(@CGUID+182, 0, 0, 0, 1, 0, 0, 0, 0, ''), -- 173355
(@CGUID+183, 0, 0, 0, 1, 0, 0, 0, 0, ''), -- 173325
(@CGUID+184, 0, 0, 0, 1, 0, 0, 0, 0, ''), -- 165796
(@CGUID+185, 0, 0, 0, 1, 0, 0, 0, 0, ''), -- 156769
(@CGUID+186, 0, 0, 0, 1, 0, 0, 0, 0, ''), -- 156768
(@CGUID+187, 0, 0, 0, 1, 0, 0, 0, 0, ''), -- 173304
(@CGUID+188, 0, 0, 0, 1, 0, 0, 0, 0, ''), -- 173305
(@CGUID+189, 0, 0, 0, 1, 0, 0, 0, 0, ''), -- 173325
(@CGUID+190, 0, 0, 0, 1, 0, 0, 0, 0, ''), -- 173364
(@CGUID+191, 0, 0, 0, 1, 0, 0, 0, 0, ''), -- 156758
(@CGUID+192, 0, 0, 0, 1, 0, 0, 0, 0, ''), -- 169524
(@CGUID+193, 0, 0, 0, 1, 0, 0, 0, 0, ''), -- 156663
(@CGUID+194, 0, 0, 0, 1, 0, 0, 0, 0, ''), -- 156664
(@CGUID+195, 0, 0, 0, 1, 0, 0, 0, 0, ''), -- 166284
(@CGUID+196, 0, 0, 0, 1, 0, 0, 0, 0, ''), -- 173118
(@CGUID+197, 0, 0, 0, 1, 0, 0, 0, 0, ''), -- 156758
(@CGUID+198, 0, 0, 0, 1, 0, 0, 0, 0, ''), -- 156758
(@CGUID+199, 0, 0, 0, 1, 0, 0, 0, 0, ''), -- 173118
(@CGUID+200, 0, 0, 0, 1, 0, 0, 0, 0, ''), -- 156791
(@CGUID+201, 0, 0, 0, 1, 0, 0, 0, 0, ''), -- 173118
(@CGUID+202, 0, 0, 0, 1, 0, 0, 0, 0, ''), -- 173364
(@CGUID+203, 0, 0, 0, 1, 0, 0, 0, 0, ''), -- 173364
(@CGUID+204, 0, 0, 50331648, 1, 0, 0, 0, 0, ''), -- 164123
(@CGUID+205, 0, 0, 50331648, 1, 0, 21543, 0, 0, ''), -- 164123
(@CGUID+206, 0, 0, 0, 1, 0, 0, 0, 0, ''), -- 167880
(@CGUID+207, 0, 0, 0, 1, 0, 0, 0, 0, ''), -- 173118
(@CGUID+208, 0, 0, 0, 1, 0, 0, 0, 0, ''), -- 172702
(@CGUID+209, 0, 0, 0, 1, 0, 0, 0, 0, ''), -- 173300
(@CGUID+210, 0, 0, 0, 1, 0, 0, 0, 0, ''), -- 173300
(@CGUID+211, 0, 0, 0, 1, 0, 0, 0, 0, ''), -- 162918
(@CGUID+212, 0, 0, 0, 1, 0, 0, 0, 0, ''), -- 162918
(@CGUID+213, 0, 0, 0, 1, 0, 20018, 0, 0, ''), -- 172702
(@CGUID+214, 0, 0, 0, 1, 0, 0, 0, 0, ''), -- 164803
(@CGUID+215, 0, 0, 0, 1, 0, 0, 0, 0, ''), -- 164803
(@CGUID+216, 0, 0, 0, 1, 0, 0, 0, 0, ''), -- 32641 - 61424 - 61424
(@CGUID+217, 0, 0, 0, 1, 0, 0, 0, 0, ''), -- 32642 - 61424 - 61424
(@CGUID+218, 0, 0, 0, 1, 0, 0, 0, 0, ''), -- 165405
(@CGUID+219, 0, 0, 0, 1, 0, 0, 0, 0, ''), -- 173364
(@CGUID+220, 0, 0, 0, 1, 0, 0, 0, 0, ''), -- 165403
(@CGUID+221, 0, 0, 0, 1, 0, 0, 0, 0, ''), -- 164803
(@CGUID+222, 0, 0, 0, 1, 0, 0, 0, 0, ''), -- 164686 - 323731 - 323731
(@CGUID+223, 0, 0, 0, 1, 0, 0, 0, 0, ''), -- 164173
(@CGUID+224, 0, 0, 0, 1, 0, 0, 0, 0, ''), -- 164803
(@CGUID+225, 0, 0, 0, 1, 0, 0, 0, 0, ''), -- 175327
(@CGUID+226, 0, 0, 0, 1, 0, 0, 0, 0, ''), -- 165379 - 338341 - 338341
(@CGUID+227, 0, 0, 0, 1, 0, 0, 0, 0, ''), -- 164367
(@CGUID+228, 0, 0, 0, 1, 0, 0, 0, 0, ''), -- 168353
(@CGUID+229, 0, 0, 0, 1, 0, 0, 0, 0, ''), -- 156672
(@CGUID+230, 0, 0, 0, 1, 0, 0, 0, 0, ''), -- 164368
(@CGUID+231, 0, 0, 0, 1, 0, 0, 0, 0, ''), -- 156669
(@CGUID+232, 0, 0, 0, 1, 0, 0, 0, 0, ''), -- 156667
(@CGUID+233, 0, 0, 0, 1, 0, 0, 0, 0, ''), -- 156777
(@CGUID+234, 0, 0, 0, 1, 0, 0, 0, 0, ''), -- 173304
(@CGUID+235, 0, 0, 0, 1, 0, 0, 0, 0, ''), -- 164803
(@CGUID+236, 0, 0, 50331648, 1, 0, 0, 0, 0, ''), -- 164123
(@CGUID+237, 0, 0, 0, 1, 0, 0, 0, 0, ''), -- 156734
(@CGUID+238, 0, 0, 0, 1, 0, 0, 0, 0, ''), -- 173300
(@CGUID+239, 0, 0, 0, 1, 0, 0, 0, 0, ''), -- 173301
(@CGUID+240, 0, 0, 0, 1, 0, 0, 0, 0, ''), -- 173118
(@CGUID+241, 0, 0, 0, 1, 0, 0, 0, 0, ''), -- 173305
(@CGUID+242, 0, 0, 0, 1, 0, 0, 0, 0, ''), -- 173118
(@CGUID+243, 0, 0, 0, 1, 0, 20018, 0, 0, ''), -- 172702
(@CGUID+244, 0, 0, 0, 1, 0, 0, 0, 0, ''), -- 173302
(@CGUID+245, 0, 0, 0, 1, 0, 0, 0, 0, ''), -- 172702
(@CGUID+246, 0, 0, 0, 1, 0, 0, 0, 0, ''), -- 176186
(@CGUID+247, 0, 0, 0, 1, 0, 0, 0, 0, ''), -- 162918
(@CGUID+248, 0, 0, 0, 1, 0, 0, 0, 0, ''), -- 172702
(@CGUID+249, 0, 0, 0, 1, 0, 0, 0, 0, ''); -- 162918

INSERT INTO `creature_addon` (`guid`, `path_id`, `mount`, `bytes1`, `bytes2`, `emote`, `aiAnimKit`, `movementAnimKit`, `meleeAnimKit`, `auras`) VALUES
(@CGUID+250, 0, 0, 0, 1, 0, 0, 0, 0, ''), -- 162918
(@CGUID+251, 0, 0, 0, 1, 0, 0, 0, 0, ''), -- 162918
(@CGUID+252, 0, 0, 0, 1, 0, 0, 0, 0, ''), -- 173118
(@CGUID+253, 0, 0, 0, 1, 0, 0, 0, 0, ''), -- 172702
(@CGUID+254, 0, 0, 50331648, 1, 0, 0, 0, 0, ''), -- 167591
(@CGUID+255, 0, 0, 0, 1, 0, 0, 0, 0, ''), -- 164579
(@CGUID+256, 0, 0, 0, 1, 0, 0, 0, 0, ''), -- 62821 - 122729 - 122729, 123236 - 123236
(@CGUID+257, 0, 0, 0, 1, 0, 0, 0, 0, ''); -- 62822 - 122729 - 122729; 123240 - 123240

DELETE FROM `gameobject` WHERE `guid` BETWEEN @OGUID+0 AND @OGUID+112;
INSERT INTO `gameobject` (`guid`, `id`, `map`, `zoneId`, `areaId`, `spawnDifficulties`, `PhaseId`, `PhaseGroup`, `position_x`, `position_y`, `position_z`, `orientation`, `rotation0`, `rotation1`, `rotation2`, `rotation3`, `spawntimesecs`, `animprogress`, `state`, `VerifiedBuild`) VALUES
(@OGUID+0, 353823, 2222, 10565, 13499, '0', '0', 0, -1809.1302490234375, 1537.9896240234375, 5274.5244140625, 3.363039016723632812, 0, 0, -0.99387645721435546, 0.110497035086154937, 7200, 255, 1, 37623), -- 353823 (Area: 13499 - Difficulty: 0)
(@OGUID+1, 357305, 2222, 10565, 13499, '0', '0', 0, -1794.81884765625, 1148.89306640625, 5270.33740234375, 2.061545372009277343, 0, 0, 0.857696533203125, 0.514156281948089599, 7200, 255, 1, 37623), -- 357305 (Area: 13499 - Difficulty: 0)
(@OGUID+2, 357306, 2222, 10565, 13499, '0', '0', 0, -1795.060791015625, 1137.4931640625, 5270.33740234375, 1.686300873756408691, 0, 0, 0.74674224853515625, 0.665113508701324462, 7200, 255, 1, 37623), -- 357306 (Area: 13499 - Difficulty: 0)
(@OGUID+3, 357307, 2222, 10565, 13499, '0', '0', 0, -1795.921630859375, 1140.51025390625, 5270.33740234375, 5.002429008483886718, 0, 0, -0.59749889373779296, 0.801869750022888183, 7200, 255, 1, 37623), -- 357307 (Area: 13499 - Difficulty: 0)
(@OGUID+4, 364499, 2222, 10565, 13499, '0', '0', 0, -1834.1163330078125, 1080.5399169921875, 5451.24560546875, 0.074795030057430267, 0, 0, 0.037388801574707031, 0.999300777912139892, 7200, 255, 1, 37623), -- 364499 (Area: 13499 - Difficulty: 0)
(@OGUID+5, 357286, 2222, 10565, 13499, '0', '0', 0, -1783.7723388671875, 1165.165771484375, 5270.33740234375, 4.845348358154296875, 0, 0, -0.65857124328613281, 0.752518415451049804, 7200, 255, 1, 37623), -- 357286 (Area: 13499 - Difficulty: 0)
(@OGUID+6, 357287, 2222, 10565, 13499, '0', '0', 0, -1748.396484375, 1169.34912109375, 5266.92626953125, 4.365384101867675781, 0, 0, -0.81856060028076171, 0.57442021369934082, 7200, 255, 1, 37623), -- 357287 (Area: 13499 - Difficulty: 0)
(@OGUID+7, 353750, 2222, 10565, 13499, '0', '0', 0, -1768.093505859375, 1216.97119140625, 5322.79150390625, 2.356189966201782226, 0, 0, 0.923878669738769531, 0.38268551230430603, 7200, 255, 1, 37623), -- 353750 (Area: 13499 - Difficulty: 0)
(@OGUID+8, 357282, 2222, 10565, 13499, '0', '0', 0, -1791.732421875, 1167.26416015625, 5270.41845703125, 2.393156766891479492, 0, 0, 0.93079376220703125, 0.365544736385345458, 7200, 255, 1, 37623), -- 357282 (Area: 13499 - Difficulty: 0)
(@OGUID+9, 353476, 2222, 10565, 13499, '0', '0', 0, -1834.1346435546875, 1188.8916015625, 5327.1328125, 1.570795774459838867, 0, 0, 0.707106590270996093, 0.707106947898864746, 7200, 255, 1, 37623), -- 353476 (Area: 13499 - Difficulty: 0)
(@OGUID+10, 357262, 2222, 10565, 13499, '0', '0', 0, -1802.0966796875, 1177.3486328125, 5270.68115234375, 4.007593154907226562, 0, 0, -0.90771102905273437, 0.419595837593078613, 7200, 255, 1, 37623), -- 357262 (Area: 13499 - Difficulty: 0)
(@OGUID+11, 353477, 2222, 10565, 13499, '0', '0', 0, -1901.2635498046875, 1215.8740234375, 5323.18115234375, 0.785396754741668701, 0, 0, 0.38268280029296875, 0.923879802227020263, 7200, 255, 1, 37623), -- 353477 (Area: 13499 - Difficulty: 0)
(@OGUID+12, 357292, 2222, 10565, 13499, '0', '0', 0, -1717.060791015625, 1184.72607421875, 5267.2255859375, 2.90803074836730957, 0, 0, 0.993188858032226562, 0.116515710949897766, 7200, 255, 1, 37623), -- 357292 (Area: 13499 - Difficulty: 0)
(@OGUID+13, 357263, 2222, 10565, 13499, '0', '0', 0, -1689.87353515625, 1250.2978515625, 5266.92919921875, 4.880253791809082031, 0, 0, -0.64533805847167968, 0.763897120952606201, 7200, 255, 1, 37623), -- 357263 (Area: 13499 - Difficulty: 0)
(@OGUID+14, 364419, 2222, 10565, 13499, '0', '0', 0, -1834.2066650390625, 1169.295166015625, 5454.7001953125, 1.575405597686767578, 0, 0, 0.708734512329101562, 0.705475270748138427, 7200, 255, 0, 37623), -- 364419 (Area: 13499 - Difficulty: 0)
(@OGUID+15, 353478, 2222, 10565, 13499, '0', '0', 0, -1900.7017822265625, 1349.0255126953125, 5322.8427734375, 5.497788906097412109, 0, 0, -0.38268280029296875, 0.923879802227020263, 7200, 255, 1, 37623), -- 353478 (Area: 13499 - Difficulty: 0)
(@OGUID+16, 365156, 2222, 10565, 13499, '0', '0', 0, -1834.2847900390625, 1241.7066650390625, 5269.111328125, 4.721209526062011718, 0, 0, -0.70398139953613281, 0.710218369960784912, 7200, 255, 1, 37623), -- 365156 (Area: 13499 - Difficulty: 0)
(@OGUID+17, 357293, 2222, 10565, 13499, '0', '0', 0, -1719.28271484375, 1183.3349609375, 5267.22607421875, 1.05798196792602539, 0, 0, 0.504662513732910156, 0.863316714763641357, 7200, 255, 1, 37623), -- 357293 (Area: 13499 - Difficulty: 0)
(@OGUID+18, 353479, 2222, 10565, 13499, '0', '0', 0, -1768.2845458984375, 1349.1063232421875, 5322.9609375, 3.926995515823364257, 0, 0, -0.92387866973876953, 0.38268551230430603, 7200, 255, 1, 37623), -- 353479 (Area: 13499 - Difficulty: 0)
(@OGUID+19, 357288, 2222, 10565, 13499, '0', '0', 0, -1778.464599609375, 1152.535888671875, 5270.33740234375, 4.321748733520507812, 0, 0, -0.83089733123779296, 0.556425809860229492, 7200, 255, 1, 37623), -- 357288 (Area: 13499 - Difficulty: 0)
(@OGUID+20, 353484, 2222, 10565, 13499, '0', '0', 0, -1722.421875, 1171.46875, 5266.20263671875, 2.354865312576293945, 0, 0, 0.923624992370605468, 0.383297353982925415, 7200, 255, 1, 37623), -- 353484 (Area: 13499 - Difficulty: 0)
(@OGUID+21, 357291, 2222, 10565, 13499, '0', '0', 0, -1719.468505859375, 1186.193359375, 5267.224609375, 5.534752368927001953, 0, 0, -0.36554336547851562, 0.930794298648834228, 7200, 255, 1, 37623), -- 357291 (Area: 13499 - Difficulty: 0)
(@OGUID+22, 357269, 2222, 10565, 13499, '0', '0', 0, -1785.62646484375, 1155.8143310546875, 5270.33740234375, 1.983004212379455566, 0, 0, 0.836849212646484375, 0.547433435916900634, 7200, 255, 1, 37623), -- 357269 (Area: 13499 - Difficulty: 0)
(@OGUID+23, 353487, 2222, 10565, 13499, '0', '0', 0, -1726.66748046875, 1311.6796875, 5267.68310546875, 3.455718994140625, 0, 0, -0.98769092559814453, 0.156418144702911376, 7200, 255, 1, 37623), -- 353487 (Area: 13499 - Difficulty: 0)
(@OGUID+24, 354924, 2222, 10565, 13499, '0', '0', 0, -1969.876708984375, 208.1684112548828125, 5580.93798828125, 4.941900253295898437, 0, 0, -0.62148952484130859, 0.783422470092773437, 7200, 255, 1, 37623), -- 354924 (Area: 13499 - Difficulty: 0)
(@OGUID+25, 353480, 2222, 10565, 13499, '0', '0', 0, -1778.611083984375, 1379.4033203125, 5267.734375, 1.07683110237121582, 0, 0, 0.512776374816894531, 0.858522236347198486, 7200, 255, 1, 37623), -- 353480 (Area: 13499 - Difficulty: 0)
(@OGUID+26, 357300, 2222, 10565, 13499, '0', '0', 0, -1687.587646484375, 1248.8671875, 5266.92919921875, 3.091263532638549804, 0, 0, 0.999683380126953125, 0.02516188658773899, 7200, 255, 1, 37623), -- 357300 (Area: 13499 - Difficulty: 0)
(@OGUID+27, 355063, 2222, 10565, 13499, '0', '0', 0, -1756.5714111328125, 1175.645751953125, 5267.01416015625, 3.741004467010498046, 0, 0, -0.95542335510253906, 0.295239210128784179, 7200, 255, 1, 37623), -- 355063 (Area: 13499 - Difficulty: 0)
(@OGUID+28, 357271, 2222, 10565, 13499, '0', '0', 0, -1690.128173828125, 1247.47119140625, 5266.93017578125, 1.302327632904052734, 0, 0, 0.606112480163574218, 0.795378923416137695, 7200, 255, 1, 37623), -- 357271 (Area: 13499 - Difficulty: 0)
(@OGUID+29, 353481, 2222, 10565, 13499, '0', '0', 0, -1737.740478515625, 1338.4794921875, 5267.734375, 0.599116802215576171, 0, 0, 0.295098304748535156, 0.955466926097869873, 7200, 255, 1, 37623), -- 353481 (Area: 13499 - Difficulty: 0)
(@OGUID+30, 345444, 2222, 10565, 13499, '0', '0', 0, -1793.0885009765625, 1282.96533203125, 5269.0048828125, 0, 0, 0, 0, 1, 7200, 255, 1, 37623), -- 345444 (Area: 13499 - Difficulty: 0)
(@OGUID+31, 357301, 2222, 10565, 13499, '0', '0', 0, -1789.265380859375, 1164.49755859375, 5270.3515625, 2.384428739547729492, 0, 0, 0.929189682006835937, 0.369603186845779418, 7200, 255, 1, 37623), -- 357301 (Area: 13499 - Difficulty: 0)
(@OGUID+32, 357264, 2222, 10565, 13499, '0', '0', 0, -1749.6474609375, 1166.0859375, 5266.92578125, 1.441954493522644042, 0, 0, 0.660119056701660156, 0.751160979270935058, 7200, 255, 1, 37623), -- 357264 (Area: 13499 - Difficulty: 0)
(@OGUID+33, 364497, 2222, 10565, 13499, '0', '0', 0, -2658.760498046875, 979.15972900390625, 5457.9892578125, 3.759438991546630859, 0, 0, -0.95266151428222656, 0.30403292179107666, 7200, 255, 1, 37623), -- 364497 (Area: 13499 - Difficulty: 0)
(@OGUID+34, 357302, 2222, 10565, 13499, '0', '0', 0, -1801.550048828125, 1159.65234375, 5270.3525390625, 1.520493507385253906, 0, 0, 0.689100265502929687, 0.724665999412536621, 7200, 255, 1, 37623), -- 357302 (Area: 13499 - Difficulty: 0)
(@OGUID+35, 357095, 2222, 10565, 13499, '0', '0', 0, -1937.3507080078125, 1385.970458984375, 5269.28125, 5.505388259887695312, 0, 0, -0.37916946411132812, 0.925327241420745849, 7200, 255, 1, 37623), -- 357095 (Area: 13499 - Difficulty: 0)
(@OGUID+36, 353483, 2222, 10565, 13499, '0', '0', 0, -1701.694091796875, 1359.908203125, 5267.73828125, 3.75557565689086914, 0, 0, -0.9532470703125, 0.302192062139511108, 7200, 255, 1, 37623), -- 353483 (Area: 13499 - Difficulty: 0)
(@OGUID+37, 357303, 2222, 10565, 13499, '0', '0', 0, -1796.939453125, 1150.6171875, 5270.33740234375, 5.979811668395996093, 0, 0, -0.15110588073730468, 0.988517582416534423, 7200, 255, 1, 37623), -- 357303 (Area: 13499 - Difficulty: 0)
(@OGUID+38, 357266, 2222, 10565, 13499, '0', '0', 0, -1776.7288818359375, 1150.85888671875, 5270.33740234375, 3.309474468231201171, 0, 0, -0.99647903442382812, 0.083842314779758453, 7200, 255, 1, 37623), -- 357266 (Area: 13499 - Difficulty: 0)
(@OGUID+39, 357267, 2222, 10565, 13499, '0', '0', 0, -1782.59765625, 1156.5274658203125, 5270.33740234375, 3.196073055267333984, 0, 0, -0.99962902069091796, 0.027236729860305786, 7200, 255, 1, 37623), -- 357267 (Area: 13499 - Difficulty: 0)
(@OGUID+40, 354921, 2222, 10565, 13499, '0', '0', 0, -2658.760498046875, 979.15972900390625, 5457.9892578125, 3.759438991546630859, 0, 0, -0.95266151428222656, 0.30403292179107666, 7200, 255, 1, 37623), -- 354921 (Area: 13499 - Difficulty: 0)
(@OGUID+41, 354922, 2222, 10565, 13499, '0', '0', 0, -1975, 2166.666748046875, 5481.30322265625, 1.48178255558013916, 0, 0, 0.674945831298828125, 0.737867295742034912, 7200, 255, 1, 37623), -- 354922 (Area: 13499 - Difficulty: 0)
(@OGUID+42, 357277, 2222, 10565, 13499, '0', '0', 0, -1758.883544921875, 1185.0009765625, 5266.92724609375, 1.441954493522644042, 0, 0, 0.660119056701660156, 0.751160979270935058, 7200, 255, 1, 37623), -- 357277 (Area: 13499 - Difficulty: 0)
(@OGUID+43, 354923, 2222, 10565, 13499, '0', '0', 0, -1212.77783203125, 781.17706298828125, 5386.1279296875, 5.471607208251953125, 0, 0, -0.39474391937255859, 0.918791174888610839, 7200, 255, 1, 37623), -- 354923 (Area: 13499 - Difficulty: 0)
(@OGUID+44, 357299, 2222, 10565, 13499, '0', '0', 0, -1783.2076416015625, 1154.8111572265625, 5270.33740234375, 3.972684860229492187, 0, 0, -0.91489601135253906, 0.403689593076705932, 7200, 255, 1, 37623), -- 357299 (Area: 13499 - Difficulty: 0)
(@OGUID+45, 357278, 2222, 10565, 13499, '0', '0', 0, -1783.0384521484375, 1161.973876953125, 5270.33740234375, 1.607759356498718261, 0, 0, 0.720053672790527343, 0.693918347358703613, 7200, 255, 1, 37623), -- 357278 (Area: 13499 - Difficulty: 0)
(@OGUID+46, 357308, 2222, 10565, 13499, '0', '0', 0, -1793.962158203125, 1139.740234375, 5270.33740234375, 3.745792627334594726, 0, 0, -0.95471382141113281, 0.297525703907012939, 7200, 255, 1, 37623), -- 357308 (Area: 13499 - Difficulty: 0)
(@OGUID+47, 367758, 2222, 10565, 13499, '0', '0', 0, -1756.485595703125, 1233.348876953125, 5266.47119140625, 6.253853321075439453, 0, 0, -0.01466560363769531, 0.999892473220825195, 7200, 255, 1, 37623), -- 367758 (Area: 13499 - Difficulty: 0)
(@OGUID+48, 353489, 2222, 10565, 13499, '0', '0', 0, -1805.46728515625, 1390.4951171875, 5267.7373046875, 4.559297561645507812, 0, 0, -0.7591094970703125, 0.6509629487991333, 7200, 255, 1, 37623), -- 353489 (Area: 13499 - Difficulty: 0)
(@OGUID+49, 353822, 2222, 10565, 13499, '0', '0', 0, -1858.720458984375, 1538.267333984375, 5274.7470703125, 0.896871626377105712, 0, 0, 0.433556556701660156, 0.901126325130462646, 7200, 255, 1, 37623), -- 353822 (Area: 13499 - Difficulty: 0)
(@OGUID+50, 358375, 2222, 10565, 13499, '0', '0', 0, -1741.1915283203125, 1285.1068115234375, 5271.4091796875, 6.098497867584228515, 0, 0, -0.09221267700195312, 0.995739340782165527, 7200, 255, 1, 37623), -- 358375 (Area: 13499 - Difficulty: 0)
(@OGUID+51, 354681, 2222, 10565, 13499, '0', '0', 0, -1842.044921875, 1194.271484375, 5271.1240234375, 4.68826913833618164, 0, 0, -0.71558284759521484, 0.698527872562408447, 7200, 255, 1, 37623), -- 354681 (Area: 13499 - Difficulty: 0)
(@OGUID+52, 353485, 2222, 10565, 13499, '0', '0', 0, -1757.259033203125, 1415.58544921875, 5267.7333984375, 4.208704948425292968, 0, 0, -0.86100387573242187, 0.508598387241363525, 7200, 255, 1, 37623), -- 353485 (Area: 13499 - Difficulty: 0)
(@OGUID+53, 352745, 2222, 10565, 13499, '0', '0', 0, -1834.263916015625, 1324.2100830078125, 5269.033203125, 1.601760029792785644, 0, 0, 0.717968940734863281, 0.696075141429901123, 7200, 255, 1, 37623), -- 352745 (Area: 13499 - Difficulty: 0)
(@OGUID+54, 353490, 2222, 10565, 13499, '0', '0', 0, -1794.4775390625, 1432.1533203125, 5267.7373046875, 0.768178403377532958, 0, 0, 0.374714851379394531, 0.927140116691589355, 7200, 255, 1, 37623), -- 353490 (Area: 13499 - Difficulty: 0)
(@OGUID+55, 365157, 2222, 10565, 13499, '0', '0', 0, -1875.5103759765625, 1282.96875, 5269.00390625, 3.135416269302368164, 0, 0, 0.999995231628417968, 0.003088161814957857, 7200, 255, 1, 37623), -- 365157 (Area: 13499 - Difficulty: 0)
(@OGUID+56, 365154, 2222, 10565, 13499, '0', '0', 0, -1834.27783203125, 1322.21875, 5448.22509765625, 1.573054671287536621, 0, 0, 0.707904815673828125, 0.706307828426361083, 7200, 255, 1, 37623), -- 365154 (Area: 13499 - Difficulty: 0)
(@OGUID+57, 365155, 2222, 10565, 13499, '0', '0', 0, -1834.2222900390625, 1243.5850830078125, 5448.27734375, 4.720393180847167968, 0, 0, -0.70427131652832031, 0.709930896759033203, 7200, 255, 1, 37623), -- 365155 (Area: 13499 - Difficulty: 0)
(@OGUID+58, 345445, 2222, 10565, 13499, '0', '0', 0, -1794.90625, 1282.90625, 5448.26318359375, 0.013851275667548179, 0, 0, 0.006925582885742187, 0.999975979328155517, 7200, 255, 1, 37623), -- 345445 (Area: 13499 - Difficulty: 0)
(@OGUID+59, 352746, 2222, 10565, 13499, '0', '0', 0, -1873.609375, 1282.859375, 5448.20166015625, 3.144355058670043945, 0, 0, -0.99999904632568359, 0.001381067908369004, 7200, 255, 1, 37623), -- 352746 (Area: 13499 - Difficulty: 0)
(@OGUID+60, 334795, 2222, 10565, 13499, '0', '0', 0, -1886.789794921875, 1302.3037109375, 5266.4208984375, 4.200765609741210937, 0, 0, -0.86301612854003906, 0.505176365375518798, 7200, 255, 1, 37623), -- 334795 (Area: 13499 - Difficulty: 0)
(@OGUID+61, 357578, 2222, 10565, 13499, '0', '0', 0, -1834.310791015625, 1380.923583984375, 5963.3095703125, 0.048930283635854721, 0, 0, 0.024462699890136718, 0.999700725078582763, 7200, 255, 1, 37623), -- 357578 (Area: 13499 - Difficulty: 0)
(@OGUID+62, 353494, 2222, 10565, 13499, '0', '0', 0, -1733.4501953125, 1377.591796875, 5267.2470703125, 3.108676433563232421, 0, 0, 0.999864578247070312, 0.016457322984933853, 7200, 255, 1, 37623), -- 353494 (Area: 13499 - Difficulty: 0)
(@OGUID+63, 353486, 2222, 10565, 13499, '0', '0', 0, -1739.328125, 1385.1396484375, 5267.20068359375, 1.581579446792602539, 0, 0, 0.710908889770507812, 0.703284084796905517, 7200, 255, 1, 37623), -- 353486 (Area: 13499 - Difficulty: 0)
(@OGUID+64, 353406, 2222, 10565, 13499, '0', '0', 0, -1730.982666015625, 1377.670166015625, 5266.7060546875, 0, 0, 0, 0, 1, 7200, 255, 1, 37623), -- 353406 (Area: 13499 - Difficulty: 0)
(@OGUID+65, 357289, 2222, 10565, 13499, '0', '0', 0, -1862.194580078125, 1387.68701171875, 5267.69580078125, 1.82592630386352539, 0, 0, 0.791318893432617187, 0.611403644084930419, 7200, 255, 1, 37623), -- 357289 (Area: 13499 - Difficulty: 0)
(@OGUID+66, 353406, 2222, 10565, 13499, '0', '0', 0, -1739.91845703125, 1387.1024169921875, 5266.82763671875, 0, 0, 0, 0, 1, 7200, 255, 1, 37623), -- 353406 (Area: 13499 - Difficulty: 0)
(@OGUID+67, 358375, 2222, 10565, 13499, '0', '0', 0, -1809.4134521484375, 1310.162109375, 5267.06982421875, 3.920540809631347656, 0, 0, -0.92510890960693359, 0.379701852798461914, 7200, 255, 1, 37623), -- 358375 (Area: 13499 - Difficulty: 0)
(@OGUID+68, 357294, 2222, 10565, 13499, '0', '0', 0, -1939.134521484375, 1314.7880859375, 5267.587890625, 4.35665750503540039, 0, 0, -0.82105922698974609, 0.570843040943145751, 7200, 255, 1, 37623), -- 357294 (Area: 13499 - Difficulty: 0)
(@OGUID+69, 357298, 2222, 10565, 13499, '0', '0', 0, -1940.0068359375, 1311.5830078125, 5267.587890625, 1.119067907333374023, 0, 0, 0.530791282653808593, 0.847502589225769042, 7200, 255, 1, 37623), -- 357298 (Area: 13499 - Difficulty: 0)
(@OGUID+70, 357272, 2222, 10565, 13499, '0', '0', 0, -1931.972412109375, 1237.49267578125, 5267.2841796875, 3.588717460632324218, 0, 0, -0.9751138687133789, 0.221704691648483276, 7200, 255, 1, 37623), -- 357272 (Area: 13499 - Difficulty: 0)
(@OGUID+71, 353491, 2222, 10565, 13499, '0', '0', 0, -1874.17041015625, 1176.5537109375, 5270.63720703125, 5.752918243408203125, 0, 0, -0.26203823089599609, 0.96505749225616455, 7200, 255, 1, 37623), -- 353491 (Area: 13499 - Difficulty: 0)
(@OGUID+72, 357340, 2222, 10565, 13499, '0', '0', 0, -1927.7066650390625, 1204.767333984375, 5266.88232421875, 0.638844847679138183, 0, 0, 0.31401824951171875, 0.949416935443878173, 7200, 255, 1, 37623), -- 357340 (Area: 13499 - Difficulty: 0)
(@OGUID+73, 353482, 2222, 10565, 13499, '0', '0', 0, -1912.22509765625, 1175.60693359375, 5266.95263671875, 5.683028697967529296, 0, 0, -0.29559516906738281, 0.955313324928283691, 7200, 255, 1, 37623), -- 353482 (Area: 13499 - Difficulty: 0)
(@OGUID+74, 353488, 2222, 10565, 13499, '0', '0', 0, -1906.2958984375, 1185.73583984375, 5266.88232421875, 6.042840480804443359, 0, 0, -0.11988353729248046, 0.992787957191467285, 7200, 255, 1, 37623), -- 353488 (Area: 13499 - Difficulty: 0)
(@OGUID+75, 357314, 2222, 10565, 13499, '0', '0', 0, -1883.8408203125, 1165.1748046875, 5270.33740234375, 4.705721378326416015, 0, 0, -0.70946025848388671, 0.704745411872863769, 7200, 255, 1, 37623), -- 357314 (Area: 13499 - Difficulty: 0)
(@OGUID+76, 357324, 2222, 10565, 13499, '0', '0', 0, -1886.634765625, 1161.1513671875, 5270.33740234375, 0.639102041721343994, 0, 0, 0.31414031982421875, 0.949376583099365234, 7200, 255, 1, 37623), -- 357324 (Area: 13499 - Difficulty: 0)
(@OGUID+77, 357326, 2222, 10565, 13499, '0', '0', 0, -1886.205810546875, 1163.41162109375, 5270.33740234375, 5.909998893737792968, 0, 0, -0.18551254272460937, 0.982641875743865966, 7200, 255, 1, 37623), -- 357326 (Area: 13499 - Difficulty: 0)
(@OGUID+78, 357323, 2222, 10565, 13499, '0', '0', 0, -1876.261962890625, 1153.41455078125, 5270.33740234375, 2.724763393402099609, 0, 0, 0.978360176086425781, 0.206909149885177612, 7200, 255, 1, 37623), -- 357323 (Area: 13499 - Difficulty: 0)
(@OGUID+79, 353492, 2222, 10565, 13499, '0', '0', 0, -1919.1876220703125, 1165.017333984375, 5266.9501953125, 5.125243186950683593, 0, 0, -0.54716300964355468, 0.837026059627532958, 7200, 255, 1, 37623), -- 353492 (Area: 13499 - Difficulty: 0)
(@OGUID+80, 358375, 2222, 10565, 13499, '0', '0', 0, -1810.273193359375, 1324.54052734375, 5266.6787109375, 2.707747697830200195, 0, 0, 0.976564407348632812, 0.215225294232368469, 7200, 255, 1, 37623), -- 358375 (Area: 13499 - Difficulty: 0)
(@OGUID+81, 357318, 2222, 10565, 13499, '0', '0', 0, -1877.121337890625, 1157.390625, 5270.33740234375, 4.190850257873535156, 0, 0, -0.8655099868774414, 0.500891685485839843, 7200, 255, 1, 37623), -- 357318 (Area: 13499 - Difficulty: 0)
(@OGUID+82, 357310, 2222, 10565, 13499, '0', '0', 0, -1881.999267578125, 1162.72216796875, 5270.33740234375, 3.073819398880004882, 0, 0, 0.999425888061523437, 0.033880174160003662, 7200, 255, 1, 37623), -- 357310 (Area: 13499 - Difficulty: 0)
(@OGUID+83, 357319, 2222, 10565, 13499, '0', '0', 0, -1881.574951171875, 1164.669921875, 5270.33740234375, 3.902869224548339843, 0, 0, -0.92842769622802734, 0.371513128280639648, 7200, 255, 1, 37623), -- 357319 (Area: 13499 - Difficulty: 0)
(@OGUID+84, 357325, 2222, 10565, 13499, '0', '0', 0, -1879.80126953125, 1151.755859375, 5270.33740234375, 0.351122260093688964, 0, 0, 0.174660682678222656, 0.984628677368164062, 7200, 255, 1, 37623), -- 357325 (Area: 13499 - Difficulty: 0)
(@OGUID+85, 357321, 2222, 10565, 13499, '0', '0', 0, -1890.1474609375, 1153.9521484375, 5270.33740234375, 4.83662271499633789, 0, 0, -0.66184806823730468, 0.749638020992279052, 7200, 255, 1, 37623), -- 357321 (Area: 13499 - Difficulty: 0)
(@OGUID+86, 357322, 2222, 10565, 13499, '0', '0', 0, -1887.61474609375, 1149.3271484375, 5270.33740234375, 2.689862966537475585, 0, 0, 0.974600791931152343, 0.223949357867240905, 7200, 255, 1, 37623), -- 357322 (Area: 13499 - Difficulty: 0)
(@OGUID+87, 357311, 2222, 10565, 13499, '0', '0', 0, -1891.89404296875, 1150.392578125, 5270.33740234375, 0.1591358482837677, 0, 0, 0.079483985900878906, 0.996836185455322265, 7200, 255, 1, 37623), -- 357311 (Area: 13499 - Difficulty: 0)
(@OGUID+88, 357274, 2222, 10565, 13499, '0', '0', 0, -1889.482666015625, 1149.5986328125, 5270.33740234375, 1.433226227760314941, 0, 0, 0.656834602355957031, 0.754034698009490966, 7200, 255, 1, 37623), -- 357274 (Area: 13499 - Difficulty: 0)
(@OGUID+89, 357315, 2222, 10565, 13499, '0', '0', 0, -1870.403564453125, 1142.3046875, 5270.33740234375, 2.803304672241210937, 0, 0, 0.985729217529296875, 0.16833864152431488, 7200, 255, 1, 37623), -- 357315 (Area: 13499 - Difficulty: 0)
(@OGUID+90, 357327, 2222, 10565, 13499, '0', '0', 0, -1872.056640625, 1139.1748046875, 5270.373046875, 2.19244384765625, 0, 0, 0.889487266540527343, 0.456959962844848632, 7200, 255, 1, 37623), -- 357327 (Area: 13499 - Difficulty: 0)
(@OGUID+91, 357320, 2222, 10565, 13499, '0', '0', 0, -1876.078857421875, 1140.55078125, 5270.33740234375, 0.054415736347436904, 0, 0, 0.027204513549804687, 0.999629855155944824, 7200, 255, 1, 37623), -- 357320 (Area: 13499 - Difficulty: 0)
(@OGUID+92, 357316, 2222, 10565, 13499, '0', '0', 0, -1871.98876953125, 1139.150390625, 5270.33740234375, 2.044092178344726562, 0, 0, 0.853177070617675781, 0.521621406078338623, 7200, 255, 1, 37623), -- 357316 (Area: 13499 - Difficulty: 0)
(@OGUID+93, 357313, 2222, 10565, 13499, '0', '0', 0, -1875.26806640625, 1138.96435546875, 5270.33740234375, 1.26741957664489746, 0, 0, 0.592138290405273437, 0.805836319923400878, 7200, 255, 1, 37623), -- 357313 (Area: 13499 - Difficulty: 0)
(@OGUID+94, 358375, 2222, 10565, 13499, '0', '0', 0, -1866.3621826171875, 1315.607177734375, 5267.1513671875, 4.626571178436279296, 0, 0, -0.73678779602050781, 0.676124036312103271, 7200, 255, 1, 37623), -- 358375 (Area: 13499 - Difficulty: 0)
(@OGUID+95, 357285, 2222, 10565, 13499, '0', '0', 0, -1986.417724609375, 1323.8037109375, 5267.64453125, 6.023445606231689453, 0, 0, -0.12950515747070312, 0.991578757762908935, 7200, 255, 1, 37623), -- 357285 (Area: 13499 - Difficulty: 0)
(@OGUID+96, 358375, 2222, 10565, 13499, '0', '0', 0, -1850.164306640625, 1240.84423828125, 5266.73974609375, 6.246551036834716796, 0, 0, -0.01831626892089843, 0.999832212924957275, 7200, 255, 1, 37623), -- 358375 (Area: 13499 - Difficulty: 0)
(@OGUID+97, 358375, 2222, 10565, 13499, '0', '0', 0, -1795.871826171875, 1260.50341796875, 5266.76025390625, 1.6114349365234375, 0, 0, 0.721327781677246093, 0.692593872547149658, 7200, 255, 1, 37623), -- 358375 (Area: 13499 - Difficulty: 0)
(@OGUID+98, 354680, 2222, 10565, 13499, '0', '0', 0, -1827.55615234375, 1106.0390625, 5273.60595703125, 4.766807079315185546, 0, 0, -0.6876077651977539, 0.726082324981689453, 7200, 255, 1, 37623), -- 354680 (Area: 13499 - Difficulty: 0)
(@OGUID+99, 357462, 2222, 10565, 13499, '0', '0', 0, -1834.25, 1070.0694580078125, 5274.1201171875, 1.579131960868835449, 0, 0, 0.710047721862792968, 0.70415353775024414, 7200, 255, 1, 37623), -- 357462 (Area: 13499 - Difficulty: 0)
(@OGUID+100, 357270, 2222, 10565, 13499, '0', '0', 0, -1687.64111328125, 1313.4404296875, 5266.94482421875, 3.318189144134521484, 0, 0, -0.99610424041748046, 0.0881834477186203, 7200, 255, 1, 37623), -- 357270 (Area: 13499 - Difficulty: 0)
(@OGUID+101, 357275, 2222, 10565, 13499, '0', '0', 0, -1689.933837890625, 1314.1552734375, 5266.94482421875, 5.255499839782714843, 0, 0, -0.49152755737304687, 0.870862007141113281, 7200, 255, 1, 37623), -- 357275 (Area: 13499 - Difficulty: 0)
(@OGUID+102, 353493, 2222, 10565, 13499, '0', '0', 0, -1684.3291015625, 1323.13134765625, 5267.556640625, 3.387997388839721679, 0, 0, -0.99242019653320312, 0.122890800237655639, 7200, 255, 1, 37623), -- 353493 (Area: 13499 - Difficulty: 0)
(@OGUID+103, 357273, 2222, 10565, 13499, '0', '0', 0, -1746.650146484375, 1404.740234375, 5267.0322265625, 2.480420589447021484, 0, 0, 0.945852279663085937, 0.324597418308258056, 7200, 255, 1, 37623), -- 357273 (Area: 13499 - Difficulty: 0)
(@OGUID+104, 358587, 2222, 10565, 13499, '0', '0', 0, -1768.1961669921875, 1448.5416259765625, 5274.02490234375, 5.977754592895507812, 0, 0, -0.15212249755859375, 0.988361656665802001, 7200, 255, 1, 37623), -- 358587 (Area: 13499 - Difficulty: 0)
(@OGUID+105, 358588, 2222, 10565, 13499, '0', '0', 0, -1761.5208740234375, 1455.3941650390625, 5273.58740234375, 5.12254190444946289, 0, 0, -0.54829311370849609, 0.83628624677658081, 7200, 255, 1, 37623), -- 358588 (Area: 13499 - Difficulty: 0)
(@OGUID+106, 358584, 2222, 10565, 13499, '0', '0', 0, -1764.35595703125, 1456.8472900390625, 5273.63623046875, 3.019413232803344726, 0, 0, 0.998134613037109375, 0.061051756143569946, 7200, 255, 1, 37623), -- 358584 (Area: 13499 - Difficulty: 0)
(@OGUID+107, 358585, 2222, 10565, 13499, '0', '0', 0, -1766.1319580078125, 1455.5816650390625, 5273.63916015625, 2.094393253326416015, 0, 0, 0.866024971008300781, 0.50000077486038208, 7200, 255, 1, 37623), -- 358585 (Area: 13499 - Difficulty: 0)
(@OGUID+108, 358586, 2222, 10565, 13499, '0', '0', 0, -1764.7725830078125, 1447.21533203125, 5274.0234375, 2.775068521499633789, 0, 0, 0.983254432678222656, 0.182238012552261352, 7200, 255, 1, 37623), -- 358586 (Area: 13499 - Difficulty: 0)
(@OGUID+109, 358375, 2222, 10565, 13499, '0', '0', 0, -1763.3748779296875, 1293.75537109375, 5267.609375, 0.72658008337020874, 0, 0, 0.355351448059082031, 0.934732794761657714, 7200, 255, 1, 37623), -- 358375 (Area: 13499 - Difficulty: 0)
(@OGUID+110, 355972, 2222, 10565, 13499, '0', '0', 0, -1788.2117919921875, 1462.16845703125, 5273.64306640625, 4.878195762634277343, 0, 0, -0.64612388610839843, 0.763232588768005371, 7200, 255, 1, 37623), -- 355972 (Area: 13499 - Difficulty: 0)
(@OGUID+111, 367759, 2222, 10565, 13499, '0', '0', 0, -1844.6966552734375, 1458.254150390625, 5273.7041015625, 1.60426342487335205, 0, 0, 0.718839645385742187, 0.69517594575881958, 7200, 255, 1, 37623), -- 367759 (Area: 13499 - Difficulty: 0)
(@OGUID+112, 358375, 2222, 10565, 13499, '0', '0', 0, -1829.799072265625, 1350.131103515625, 5268.12109375, 3.165193080902099609, 0, 0, -0.99993038177490234, 0.011799849569797515, 7200, 255, 1, 37623); -- 358375 (Area: 13499 - Difficulty: 0)

DELETE FROM `gameobject_addon` WHERE `guid` BETWEEN @OGUID+0 AND @OGUID+112;
INSERT INTO `gameobject_addon` (`guid`, `parent_rotation0`, `parent_rotation1`, `parent_rotation2`, `parent_rotation3`) VALUES
(@OGUID+1, 0, 0, 1, -0.00000004371138828), -- 357305
(@OGUID+2, 0, 0, 1, -0.00000004371138828), -- 357306
(@OGUID+3, 0, 0, 1, -0.00000004371138828), -- 357307
(@OGUID+5, 0, 0, 1, -0.00000004371138828), -- 357286
(@OGUID+6, 0, 0, 1, -0.00000004371138828), -- 357287
(@OGUID+7, 0, 0, 1, -0.00000004371138828), -- 353750
(@OGUID+8, 0, 0, 1, -0.00000004371138828), -- 357282
(@OGUID+9, 0, 0, 1, -0.00000004371138828), -- 353476
(@OGUID+10, 0, 0, 1, -0.00000004371138828), -- 357262
(@OGUID+11, 0, 0, 1, -0.00000004371138828), -- 353477
(@OGUID+12, 0, 0, 1, -0.00000004371138828), -- 357292
(@OGUID+13, 0, 0, 1, -0.00000004371138828), -- 357263
(@OGUID+15, 0, 0, 1, -0.00000004371138828), -- 353478
(@OGUID+17, 0, 0, 1, -0.00000004371138828), -- 357293
(@OGUID+18, 0, 0, 1, -0.00000004371138828), -- 353479
(@OGUID+19, 0, 0, 1, -0.00000004371138828), -- 357288
(@OGUID+20, 0, 0, 1, -0.00000004371138828), -- 353484
(@OGUID+21, 0, 0, 1, -0.00000004371138828), -- 357291
(@OGUID+22, 0, 0, 1, -0.00000004371138828), -- 357269
(@OGUID+23, 0, 0, 1, -0.00000004371138828), -- 353487
(@OGUID+25, 0, 0, 1, -0.00000004371138828), -- 353480
(@OGUID+26, 0, 0, 1, -0.00000004371138828), -- 357300
(@OGUID+27, 0, 0, 1, -0.00000004371138828), -- 355063
(@OGUID+28, 0, 0, 1, -0.00000004371138828), -- 357271
(@OGUID+29, 0, 0, 1, -0.00000004371138828), -- 353481
(@OGUID+31, 0, 0, 1, -0.00000004371138828), -- 357301
(@OGUID+32, 0, 0, 1, -0.00000004371138828), -- 357264
(@OGUID+33, 0, 0, 0.952661573886871337, -0.30403295159339904), -- 364497
(@OGUID+34, 0, 0, 1, -0.00000004371138828), -- 357302
(@OGUID+36, 0, 0, 1, -0.00000004371138828), -- 353483
(@OGUID+37, 0, 0, 1, -0.00000004371138828), -- 357303
(@OGUID+38, 0, 0, 1, -0.00000004371138828), -- 357266
(@OGUID+39, 0, 0, 1, -0.00000004371138828), -- 357267
(@OGUID+42, 0, 0, 1, -0.00000004371138828), -- 357277
(@OGUID+44, 0, 0, 1, -0.00000004371138828), -- 357299
(@OGUID+45, 0, 0, 1, -0.00000004371138828), -- 357278
(@OGUID+46, 0, 0, 1, -0.00000004371138828), -- 357308
(@OGUID+47, 0, 0, 1, -0.00000004371138828), -- 367758
(@OGUID+48, 0, 0, 1, -0.00000004371138828), -- 353489
(@OGUID+51, 0, 0, 1, -0.00000004371138828), -- 354681
(@OGUID+52, 0, 0, 1, -0.00000004371138828), -- 353485
(@OGUID+54, 0, 0, 1, -0.00000004371138828), -- 353490
(@OGUID+62, 0, 0, 1, -0.00000004371138828), -- 353494
(@OGUID+63, 0, 0, 1, -0.00000004371138828), -- 353486
(@OGUID+65, 0, 0, 1, -0.00000004371138828), -- 357289
(@OGUID+68, 0, 0, 1, -0.00000004371138828), -- 357294
(@OGUID+69, 0, 0, 1, -0.00000004371138828), -- 357298
(@OGUID+70, 0, 0, 1, -0.00000004371138828), -- 357272
(@OGUID+71, 0, 0, 1, -0.00000004371138828), -- 353491
(@OGUID+73, 0, 0, 1, -0.00000004371138828), -- 353482
(@OGUID+74, 0, 0, 1, -0.00000004371138828), -- 353488
(@OGUID+75, 0, 0, 1, -0.00000004371138828), -- 357314
(@OGUID+76, 0, 0, 1, -0.00000004371138828), -- 357324
(@OGUID+77, 0, 0, 1, -0.00000004371138828), -- 357326
(@OGUID+78, 0, 0, 1, -0.00000004371138828), -- 357323
(@OGUID+79, 0, 0, 1, -0.00000004371138828), -- 353492
(@OGUID+81, 0, 0, 1, -0.00000004371138828), -- 357318
(@OGUID+82, 0, 0, 1, -0.00000004371138828), -- 357310
(@OGUID+83, 0, 0, 1, -0.00000004371138828), -- 357319
(@OGUID+84, 0, 0, 1, -0.00000004371138828), -- 357325
(@OGUID+85, 0, 0, 1, -0.00000004371138828), -- 357321
(@OGUID+86, 0, 0, 1, -0.00000004371138828), -- 357322
(@OGUID+87, 0, 0, 1, -0.00000004371138828), -- 357311
(@OGUID+88, 0, 0, 1, -0.00000004371138828), -- 357274
(@OGUID+89, 0, 0, 1, -0.00000004371138828), -- 357315
(@OGUID+90, 0, 0, 1, -0.00000004371138828), -- 357327
(@OGUID+91, 0, 0, 1, -0.00000004371138828), -- 357320
(@OGUID+92, 0, 0, 1, -0.00000004371138828), -- 357316
(@OGUID+93, 0, 0, 1, -0.00000004371138828), -- 357313
(@OGUID+95, 0, 0, 1, -0.00000004371138828), -- 357285
(@OGUID+98, 0, 0, 1, -0.00000004371138828), -- 354680
(@OGUID+100, 0, 0, 1, -0.00000004371138828), -- 357270
(@OGUID+101, 0, 0, 1, -0.00000004371138828), -- 357275
(@OGUID+102, 0, 0, 1, -0.00000004371138828), -- 353493
(@OGUID+103, 0, 0, 1, -0.00000004371138828), -- 357273
(@OGUID+111, 0, 0, 1, -0.00000004371138828); -- 367759

DELETE FROM `creature_template_addon` WHERE `entry` IN (62822 /*62822 - 122729, 123240*/, 62821 /*62821 - 122729, 123236*/, 164579 /*164579*/, 167591 /*167591*/, 176186 /*176186*/, 156777 /*156777*/, 156667 /*156667*/, 156669 /*156669*/, 164368 /*164368*/, 156672 /*156672*/, 168353 /*168353*/, 164367 /*164367*/, 165379 /*165379 - 338341*/, 175327 /*175327*/, 164173 /*164173*/, 164686 /*164686 - 323731*/, 165403 /*165403*/, 165405 /*165405*/, 32642 /*32642 - 61424*/, 32641 /*32641 - 61424*/, 162918 /*162918*/, 167880 /*167880*/, 156791 /*156791*/, 166284 /*166284*/, 156664 /*156664*/, 156663 /*156663*/, 169524 /*169524*/, 156758 /*156758*/, 173305 /*173305*/, 156768 /*156768*/, 156769 /*156769*/, 165796 /*165796*/, 173325 /*173325*/, 173355 /*173355*/, 173353 /*173353*/, 173352 /*173352*/, 173357 /*173357*/, 173369 /*173369*/, 173302 /*173302*/, 156735 /*156735*/, 173301 /*173301*/, 173356 /*173356*/, 173354 /*173354*/, 173318 /*173318*/, 164098 /*164098*/, 55370 /*55370*/, 164100 /*164100*/, 173370 /*173370*/, 164079 /*164079*/, 164684 /*164684*/, 164099 /*164099*/, 162896 /*162896*/, 171299 /*171299*/, 168011 /*168011*/, 164096 /*164096*/, 164095 /*164095*/, 174922 /*174922*/, 164736 /*164736*/, 156733 /*156733*/, 156685 /*156685*/, 156732 /*156732*/, 156670 /*156670*/, 156668 /*156668*/, 156692 /*156692*/, 156691 /*156691*/, 156666 /*156666*/, 156696 /*156696*/, 156687 /*156687*/, 156689 /*156689*/, 173571 /*173571 - 339778*/, 167738 /*167738*/, 173351 /*173351*/, 170607 /*170607*/, 156686 /*156686*/, 156690 /*156690*/, 156671 /*156671*/, 159478 /*159478*/, 156681 /*156681*/, 174292 /*174292*/, 166312 /*166312*/, 173330 /*173330*/, 170310 /*170310*/, 156694 /*156694*/, 54638 /*54638*/, 170256 /*170256*/, 170557 /*170557*/, 165654 /*165654*/, 173021 /*173021*/, 156683 /*156683*/, 162928 /*162928*/, 170260 /*170260*/, 149740 /*149740 - 257142*/, 164685 /*164685*/, 167881 /*167881*/, 156688 /*156688*/, 173304 /*173304*/, 173367 /*173367*/, 164352 /*164352*/, 162666 /*162666*/, 165657 /*165657*/, 164803 /*164803*/, 121541 /*121541*/, 173350 /*173350*/, 173348 /*173348*/, 172702 /*172702*/, 177829 /*177829*/, 164596 /*164596*/, 166307 /*166307*/, 174564 /*174564*/, 156734 /*156734*/, 176545 /*176545*/, 173327 /*173327*/, 173300 /*173300*/, 162929 /*162929*/, 164123 /*164123*/, 156479 /*156479*/, 156698 /*156698*/, 173364 /*173364*/, 164353 /*164353*/, 166061 /*166061*/, 173118 /*173118*/);
INSERT INTO `creature_template_addon` (`entry`, `path_id`, `mount`, `bytes1`, `bytes2`, `emote`, `aiAnimKit`, `movementAnimKit`, `meleeAnimKit`, `auras`) VALUES
(62822, 0, 0, 0, 1, 0, 0, 0, 0, ''), -- 62822 - 122729, 123240
(62821, 0, 0, 0, 1, 0, 0, 0, 0, ''), -- 62821 - 122729, 123236
(164579, 0, 0, 0, 1, 0, 0, 0, 0, ''), -- 164579
(167591, 0, 0, 50331648, 1, 0, 0, 0, 0, ''), -- 167591
(176186, 0, 0, 0, 1, 0, 0, 0, 0, ''), -- 176186
(156777, 0, 0, 0, 1, 0, 0, 0, 0, ''), -- 156777
(156667, 0, 0, 0, 1, 0, 0, 0, 0, ''), -- 156667
(156669, 0, 0, 0, 1, 0, 0, 0, 0, ''), -- 156669
(164368, 0, 0, 0, 1, 0, 0, 0, 0, ''), -- 164368
(156672, 0, 0, 0, 1, 0, 0, 0, 0, ''), -- 156672
(168353, 0, 0, 0, 1, 0, 0, 0, 0, ''), -- 168353
(164367, 0, 0, 0, 1, 0, 0, 0, 0, ''), -- 164367
(165379, 0, 0, 0, 1, 0, 0, 0, 0, ''), -- 165379 - 338341
(175327, 0, 0, 0, 1, 0, 0, 0, 0, ''), -- 175327
(164173, 0, 0, 0, 1, 0, 0, 0, 0, ''), -- 164173
(164686, 0, 0, 0, 1, 0, 0, 0, 0, ''), -- 164686 - 323731
(165403, 0, 0, 0, 1, 0, 0, 0, 0, ''), -- 165403
(165405, 0, 0, 0, 1, 0, 0, 0, 0, ''), -- 165405
(32642, 0, 0, 0, 1, 0, 0, 0, 0, ''), -- 32642 - 61424
(32641, 0, 0, 0, 1, 0, 0, 0, 0, ''), -- 32641 - 61424
(162918, 0, 0, 0, 1, 0, 0, 0, 0, ''), -- 162918
(167880, 0, 0, 0, 1, 0, 0, 0, 0, ''), -- 167880
(156791, 0, 0, 0, 1, 0, 0, 0, 0, ''), -- 156791
(166284, 0, 0, 0, 1, 0, 0, 0, 0, ''), -- 166284
(156664, 0, 0, 0, 1, 0, 0, 0, 0, ''), -- 156664
(156663, 0, 0, 0, 1, 0, 0, 0, 0, ''), -- 156663
(169524, 0, 0, 0, 1, 0, 0, 0, 0, ''), -- 169524
(156758, 0, 0, 0, 1, 0, 0, 0, 0, ''), -- 156758
(173305, 0, 0, 0, 1, 0, 0, 0, 0, ''), -- 173305
(156768, 0, 0, 0, 1, 0, 0, 0, 0, ''), -- 156768
(156769, 0, 0, 0, 1, 0, 0, 0, 0, ''), -- 156769
(165796, 0, 0, 0, 1, 0, 0, 0, 0, ''), -- 165796
(173325, 0, 0, 0, 1, 0, 0, 0, 0, ''), -- 173325
(173355, 0, 0, 0, 1, 0, 0, 0, 0, ''), -- 173355
(173353, 0, 0, 0, 1, 0, 0, 0, 0, ''), -- 173353
(173352, 0, 0, 0, 1, 0, 0, 0, 0, ''), -- 173352
(173357, 0, 0, 0, 1, 0, 0, 0, 0, ''), -- 173357
(173369, 0, 0, 0, 1, 0, 0, 0, 0, ''), -- 173369
(173302, 0, 0, 0, 1, 0, 0, 0, 0, ''), -- 173302
(156735, 0, 0, 0, 1, 0, 0, 0, 0, ''), -- 156735
(173301, 0, 0, 0, 1, 0, 0, 0, 0, ''), -- 173301
(173356, 0, 0, 50331648, 1, 0, 0, 0, 0, ''), -- 173356
(173354, 0, 0, 0, 1, 0, 0, 0, 0, ''), -- 173354
(173318, 0, 0, 0, 1, 0, 0, 0, 0, ''), -- 173318
(164098, 0, 0, 0, 1, 0, 0, 0, 0, ''), -- 164098
(55370, 0, 0, 50331648, 1, 0, 0, 0, 0, ''), -- 55370
(164100, 0, 0, 0, 1, 0, 0, 0, 0, ''), -- 164100
(173370, 0, 0, 0, 1, 0, 0, 0, 0, ''), -- 173370
(164079, 0, 0, 0, 256, 0, 0, 0, 0, ''), -- 164079
(164684, 0, 0, 0, 1, 0, 0, 0, 0, ''), -- 164684
(164099, 0, 0, 0, 1, 0, 0, 0, 0, ''), -- 164099
(162896, 0, 0, 0, 1, 0, 0, 0, 0, ''), -- 162896
(171299, 0, 0, 0, 1, 0, 0, 0, 0, ''), -- 171299
(168011, 0, 0, 0, 0, 0, 0, 0, 0, ''), -- 168011
(164096, 0, 0, 0, 1, 0, 0, 0, 0, ''), -- 164096
(164095, 0, 0, 0, 1, 0, 0, 0, 0, ''), -- 164095
(174922, 0, 0, 0, 1, 0, 0, 0, 0, ''), -- 174922
(164736, 0, 0, 0, 1, 0, 0, 0, 0, ''), -- 164736
(156733, 0, 0, 0, 1, 0, 0, 0, 0, ''), -- 156733
(156685, 0, 0, 0, 1, 0, 0, 0, 0, ''), -- 156685
(156732, 0, 0, 0, 1, 0, 0, 0, 0, ''), -- 156732
(156670, 0, 0, 0, 1, 0, 0, 0, 0, ''), -- 156670
(156668, 0, 0, 0, 1, 0, 0, 0, 0, ''), -- 156668
(156692, 0, 0, 0, 1, 0, 0, 0, 0, ''), -- 156692
(156691, 0, 0, 0, 1, 0, 0, 0, 0, ''), -- 156691
(156666, 0, 0, 0, 1, 0, 0, 0, 0, ''), -- 156666
(156696, 0, 0, 0, 1, 0, 0, 0, 0, ''), -- 156696
(156687, 0, 0, 0, 1, 0, 0, 0, 0, ''), -- 156687
(156689, 0, 0, 0, 1, 0, 0, 0, 0, ''), -- 156689
(173571, 0, 0, 50331648, 1, 0, 0, 0, 0, ''), -- 173571 - 339778
(167738, 0, 0, 0, 1, 0, 0, 0, 0, ''), -- 167738
(173351, 0, 0, 0, 1, 0, 0, 0, 0, ''), -- 173351
(170607, 0, 0, 0, 1, 0, 0, 0, 0, ''), -- 170607
(156686, 0, 0, 0, 1, 0, 0, 0, 0, ''), -- 156686
(156690, 0, 0, 0, 1, 0, 0, 0, 0, ''), -- 156690
(156671, 0, 0, 0, 1, 0, 0, 0, 0, ''), -- 156671
(159478, 0, 0, 0, 257, 0, 0, 0, 0, ''), -- 159478
(156681, 0, 0, 0, 1, 0, 0, 0, 0, ''), -- 156681
(174292, 0, 0, 0, 1, 0, 0, 0, 0, ''), -- 174292
(166312, 0, 0, 0, 1, 0, 0, 0, 0, ''), -- 166312
(173330, 0, 0, 0, 1, 0, 0, 0, 0, ''), -- 173330
(170310, 0, 0, 0, 1, 0, 0, 0, 0, ''), -- 170310
(156694, 0, 0, 0, 1, 0, 0, 0, 0, ''), -- 156694
(54638, 0, 0, 50331648, 1, 0, 0, 0, 0, ''), -- 54638
(170256, 0, 0, 0, 1, 0, 0, 0, 0, ''), -- 170256
(170557, 0, 0, 0, 1, 0, 0, 0, 0, ''), -- 170557
(165654, 0, 0, 0, 1, 0, 0, 0, 0, ''), -- 165654
(173021, 0, 0, 0, 1, 0, 0, 0, 0, ''), -- 173021
(156683, 0, 0, 0, 1, 0, 0, 0, 0, ''), -- 156683
(162928, 0, 0, 0, 1, 0, 0, 0, 0, ''), -- 162928
(170260, 0, 0, 0, 1, 0, 0, 0, 0, ''), -- 170260
(149740, 0, 0, 0, 1, 0, 0, 0, 0, ''), -- 149740 - 257142
(164685, 0, 0, 0, 1, 0, 0, 0, 0, ''), -- 164685
(167881, 0, 0, 0, 1, 0, 0, 0, 0, ''), -- 167881
(156688, 0, 0, 0, 1, 0, 0, 0, 0, ''), -- 156688
(173304, 0, 0, 0, 1, 0, 0, 0, 0, ''), -- 173304
(173367, 0, 0, 0, 1, 0, 0, 0, 0, ''), -- 173367
(164352, 0, 0, 0, 1, 0, 0, 0, 0, ''), -- 164352
(162666, 0, 0, 0, 1, 0, 0, 0, 0, ''), -- 162666
(165657, 0, 0, 0, 1, 0, 0, 0, 0, ''), -- 165657
(164803, 0, 0, 0, 1, 0, 0, 0, 0, ''), -- 164803
(121541, 0, 0, 0, 1, 0, 0, 0, 0, ''), -- 121541
(173350, 0, 0, 0, 1, 0, 0, 0, 0, ''), -- 173350
(173348, 0, 0, 0, 1, 0, 0, 0, 0, ''), -- 173348
(172702, 0, 0, 0, 1, 0, 0, 0, 0, ''), -- 172702
(177829, 0, 0, 0, 1, 0, 0, 0, 0, ''), -- 177829
(164596, 0, 0, 0, 1, 0, 0, 0, 0, ''), -- 164596
(166307, 0, 0, 0, 1, 0, 0, 0, 0, ''), -- 166307
(174564, 0, 0, 0, 1, 0, 0, 0, 0, ''), -- 174564
(156734, 0, 0, 0, 1, 0, 0, 0, 0, ''), -- 156734
(176545, 0, 0, 50331648, 1, 0, 0, 0, 0, ''), -- 176545
(173327, 0, 0, 0, 1, 0, 0, 0, 0, ''), -- 173327
(173300, 0, 0, 0, 1, 0, 0, 0, 0, ''), -- 173300
(162929, 0, 0, 0, 1, 0, 0, 0, 0, ''), -- 162929
(164123, 0, 0, 50331648, 1, 0, 0, 0, 0, ''), -- 164123
(156479, 0, 0, 0, 0, 0, 0, 0, 0, ''), -- 156479
(156698, 0, 0, 0, 1, 0, 0, 0, 0, ''), -- 156698
(173364, 0, 0, 0, 1, 0, 0, 0, 0, ''), -- 173364
(164353, 0, 0, 0, 1, 0, 0, 0, 0, ''), -- 164353
(166061, 0, 0, 33554432, 1, 0, 0, 0, 0, ''), -- 166061
(173118, 0, 0, 0, 1, 0, 0, 0, 0, ''); -- 173118

DELETE FROM `creature_model_info` WHERE `DisplayID` IN (42722, 42720, 98196, 98220, 99519, 99450, 28118, 28120, 96603, 93595, 90397, 92345, 96235, 92714, 93588, 74802, 86231, 88016, 90422, 88012, 93585, 95194, 93577, 94655, 94665, 93593, 93951, 93579, 24103, 93596, 93594, 98194, 93584, 37400, 99205, 96637, 93599, 11686, 19283, 95843, 26258, 93589, 98195, 94799, 41765, 96602, 93587, 93598, 96624, 97347, 97649, 27823, 93582, 93592, 96642, 93578, 94449, 96614, 97650, 93600, 93586, 95660, 99382, 93590, 97651, 93597, 96625, 93580);
INSERT INTO `creature_model_info` (`DisplayID`, `BoundingRadius`, `CombatReach`, `DisplayID_Other_Gender`, `VerifiedBuild`) VALUES
(42722, 0.655764877796173095, 1.20000004768371582, 0, 37623),
(42720, 0.655764877796173095, 1.20000004768371582, 0, 37623),
(98196, 0.561664044857025146, 1.80000007152557373, 0, 37623),
(98220, 0.176119178533554077, 15, 0, 37623),
(99519, 0.561664044857025146, 1.80000007152557373, 0, 37623),
(99450, 0.936106681823730468, 3, 0, 37623),
(28118, 0.367200016975402832, 1.80000007152557373, 0, 37623),
(28120, 0.305999994277954101, 1.5, 0, 37623),
(96603, 1.888888955116271972, 2, 0, 37623),
(93595, 1.888888955116271972, 2, 0, 37623),
(90397, 0.556604981422424316, 0, 0, 37623),
(92345, 1.278339982032775878, 1, 0, 37623),
(96235, 0.200000002980232238, 2, 0, 37623),
(92714, 8.924431800842285156, 1.5, 0, 37623),
(93588, 1.888888955116271972, 2, 0, 37623),
(74802, 0.428406476974487304, 1.5, 0, 37623),
(86231, 0.30657997727394104, 2, 0, 37623),
(88016, 0.860983908176422119, 0, 0, 37623),
(90422, 1.563096523284912109, 0, 0, 37623),
(88012, 0.658049285411834716, 0, 0, 37623),
(93585, 1.888888955116271972, 2, 0, 37623),
(95194, 0.573607325553894042, 2.729999780654907226, 0, 37623),
(93577, 1.888888955116271972, 2, 0, 37623),
(94655, 1, 1.5, 0, 37623),
(94665, 0.347222000360488891, 1.5, 0, 37623),
(93593, 2.361111164093017578, 2.5, 0, 37623),
(93951, 1.888888955116271972, 2, 0, 37623),
(93579, 1.888888955116271972, 2, 0, 37623),
(24103, 5, 1, 0, 37623),
(93596, 1.888888955116271972, 2, 0, 37623),
(93594, 1.888888955116271972, 2, 0, 37623),
(98194, 0.702080011367797851, 2.25, 0, 37623),
(93584, 1.888888955116271972, 2, 0, 37623),
(37400, 1.396000027656555175, 6, 0, 37623),
(99205, 1.888888955116271972, 2, 0, 37623),
(96637, 0.468053340911865234, 1.5, 0, 37623),
(93599, 1.888888955116271972, 2, 0, 37623),
(11686, 0.5, 1, 0, 37623),
(19283, 0.5, 1, 0, 37623),
(95843, 29.16666603088378906, 90, 0, 37623),
(26258, 1.732800126075744628, 7.200000286102294921, 0, 37623),
(93589, 1.888888955116271972, 2, 0, 37623),
(98195, 0.561664044857025146, 1.80000007152557373, 0, 37623),
(94799, 1.444000005722045898, 6, 0, 37623),
(41765, 1.444000005722045898, 6, 0, 37623),
(96602, 1.888888955116271972, 2, 0, 37623),
(93587, 1.888888955116271972, 2, 0, 37623),
(93598, 1.888888955116271972, 2, 0, 37623),
(96624, 0.936106681823730468, 3, 0, 37623),
(97347, 1.223999977111816406, 6, 0, 37623),
(97649, 1.888888955116271972, 2, 0, 37623),
(27823, 0.25, 0.5, 0, 37623),
(93582, 1.888888955116271972, 2, 0, 37623),
(93592, 1.888888955116271972, 2, 0, 37623),
(96642, 0.468053340911865234, 1.5, 0, 37623),
(93578, 1.888888955116271972, 2, 0, 37623),
(94449, 5.188569068908691406, 1, 0, 37623),
(96614, 0.468053340911865234, 1.5, 0, 37623),
(97650, 1.888888955116271972, 2, 0, 37623),
(93600, 1.888888955116271972, 2, 0, 37623),
(93586, 1.888888955116271972, 2, 0, 37623),
(95660, 0.611999988555908203, 3, 0, 37623),
(99382, 2.455555438995361328, 2.599999904632568359, 0, 37623),
(93590, 1.888888955116271972, 2, 0, 37623),
(97651, 1.888888955116271972, 2, 0, 37623),
(93597, 1.888888955116271972, 2, 0, 37623),
(96625, 0.468053340911865234, 1.5, 0, 37623),
(93580, 1.888888955116271972, 2, 0, 37623);


DELETE FROM `trainer` WHERE `Id` IN (1055, 1061, 1054, 1046, 1047, 1059, 1056, 1042, 1045, 1057, 1060, 1058, 1048);
INSERT INTO `trainer` (`Id`, `Type`, `Greeting`, `VerifiedBuild`) VALUES
(1055, 2, 'Greetings, friend.', 37623),
(1061, 2, 'Hello, friend!', 37623),
(1054, 2, 'Hello, friend!', 37623),
(1046, 2, 'Hello, friend!', 37623),
(1047, 2, 'Hello, friend!', 37623),
(1059, 2, 'Hello, friend!', 37623),
(1056, 2, 'Hello, friend!', 37623),
(1042, 2, 'Hello, friend!', 37623),
(1045, 2, 'Hello, friend!', 37623),
(1057, 2, 'Hello, friend!', 37623),
(1060, 2, 'Greetings!', 37623),
(1058, 2, 'Hello, friend!', 37623),
(1048, 2, 'Hello, friend!', 37623);


DELETE FROM `trainer_spell` WHERE (`TrainerId`=1055 AND `SpellId` IN (345179,343661,343099,310486,310484,310485,310539,310533,310497,310509,310492,310496,310507,310536,310525,310493,310526,310534,310504,310490,310495,310501,264478)) OR (`TrainerId`=1061 AND `SpellId` IN (343697,343693,311887,311883,311886,311882,311885,311881,311884,311880,311909,311905,311908,311904,311907,311903,311906,311902,311949,311952,311951,311950,311948,311953,311865,311864,311863,311859,311871,311869,311868,311969,264533)) OR (`TrainerId`=1054 AND `SpellId` IN (264212,344316,343679,343675,342887,307142,322301,307098,307101,307093,307383,295084,307124,261423,307118,307097,307095,307100,307119,307381,307103,256134,307200,307123,307121,256133,307122,307096,307125,307384,261424,307094,307120,307382,309823)) OR (`TrainerId`=1046 AND `SpellId` IN (265820,300932)) OR (`TrainerId`=1047 AND `SpellId` IN (264495,343691,343686,324195,324196,324197,324198,324037,324035,324036,324039,321029,311688,311689,311425,311408,311418,311413,311423,311417,311415,311416,311441,311414,309804)) OR (`TrainerId`=1059 AND `SpellId` IN (265838,325019)) OR (`TrainerId`=1056 AND `SpellId` IN (322594,322587,322589,322595,322588,322591,264435,343662,343184,307611,307682,309828,307666,307668,307674,307672,307679,307681,307667,307663,307678,307665,307669,307671,307721,307676,307720,307677,307675,307718)) OR (`TrainerId`=1042 AND `SpellId` IN (308570,265856)) OR (`TrainerId`=1045 AND `SpellId` IN (308897,343660,343195,309236,309237,309238,309232,309235,309230,309234,309239,309243,309242,309233,309245,309241,309244,309240,309231,308899,324735,309175,309184,309186,309188,309179,309193,309185,309187,309192,309173,309177,309190,309178,309180,309176,309183,309191,309039,264578)) OR (`TrainerId`=1057 AND `SpellId` IN (271617,310676)) OR (`TrainerId`=1060 AND `SpellId` IN (264633,308420,308419,308417,308426,308425,308415,308413,308412,308411,308405,308404,308402,308400,308397,309831)) OR (`TrainerId`=1058 AND `SpellId` IN (309636,343684,343680,342316,324773,309609,309608,265105,309627,309623,309622,309621,309620,309645,309619,309615,309618,309614,309617,309613,309616,309612,309638,309637,309526,309525,323755,309531,309530,309528,323762,323761,323760,309535,309532,309833,309534,264457)) OR (`TrainerId`=1048 AND `SpellId` IN (345986,345985,310872,343659,343634,343204,310899,310902,310901,310900,310897,310903,310896,310904,310873,310876,310875,310950,310870,310874,310923,310871,264617));
INSERT INTO `trainer_spell` (`TrainerId`, `SpellId`, `MoneyCost`, `ReqSkillLine`, `ReqSkillRank`, `ReqAbility1`, `ReqAbility2`, `ReqAbility3`, `ReqLevel`, `VerifiedBuild`) VALUES
(1055, 345179, 20000, 2755, 50, 0, 0, 0, 0, 37623),
(1055, 343661, 52500, 2755, 85, 0, 0, 0, 0, 37623),
(1055, 343099, 17500, 2755, 45, 0, 0, 0, 0, 37623),
(1055, 310486, 11500, 2755, 30, 0, 0, 0, 0, 37623),
(1055, 310484, 3000, 2755, 10, 0, 0, 0, 0, 37623),
(1055, 310485, 7500, 2755, 20, 0, 0, 0, 0, 37623),
(1055, 310539, 10000, 202, 1, 0, 0, 0, 48, 37623),
(1055, 310533, 35000, 2755, 75, 0, 0, 0, 0, 37623),
(1055, 310497, 17500, 2755, 45, 0, 0, 0, 0, 37623),
(1055, 310509, 52500, 2755, 85, 0, 0, 0, 0, 37623),
(1055, 310492, 25000, 2755, 60, 0, 0, 0, 0, 37623),
(1055, 310496, 17500, 2755, 45, 0, 0, 0, 0, 37623),
(1055, 310507, 52500, 2755, 85, 0, 0, 0, 0, 37623),
(1055, 310536, 13000, 2755, 35, 0, 0, 0, 0, 37623),
(1055, 310525, 5000, 2755, 15, 0, 0, 0, 0, 37623),
(1055, 310493, 20000, 2755, 50, 0, 0, 0, 0, 37623),
(1055, 310526, 10000, 2755, 25, 0, 0, 0, 0, 37623),
(1055, 310534, 35000, 2755, 75, 0, 0, 0, 0, 37623),
(1055, 310504, 52500, 2755, 85, 0, 0, 0, 0, 37623),
(1055, 310490, 27500, 2755, 65, 0, 0, 0, 0, 37623),
(1055, 310495, 17500, 2755, 45, 0, 0, 0, 0, 37623),
(1055, 310501, 52500, 2755, 85, 0, 0, 0, 0, 37623),
(1055, 264478, 10, 0, 0, 0, 0, 0, 5, 37623),
(1061, 343697, 17500, 2757, 45, 0, 0, 0, 0, 37623),
(1061, 343693, 30000, 2757, 70, 0, 0, 0, 0, 37623),
(1061, 311887, 37500, 2757, 85, 0, 0, 0, 0, 37623),
(1061, 311883, 10000, 2757, 25, 0, 0, 0, 0, 37623),
(1061, 311886, 35000, 2757, 80, 0, 0, 0, 0, 37623),
(1061, 311882, 5000, 2757, 15, 0, 0, 0, 0, 37623),
(1061, 311885, 32500, 2757, 75, 0, 0, 0, 0, 37623),
(1061, 311881, 7500, 2757, 20, 0, 0, 0, 0, 37623),
(1061, 311884, 30000, 2757, 70, 0, 0, 0, 0, 37623),
(1061, 311880, 3000, 2757, 10, 0, 0, 0, 0, 37623),
(1061, 311909, 37500, 2757, 85, 0, 0, 0, 0, 37623),
(1061, 311905, 13000, 2757, 35, 0, 0, 0, 0, 37623),
(1061, 311908, 35000, 2757, 80, 0, 0, 0, 0, 37623),
(1061, 311904, 10000, 2757, 25, 0, 0, 0, 0, 37623),
(1061, 311907, 32500, 2757, 75, 0, 0, 0, 0, 37623),
(1061, 311903, 13000, 2757, 35, 0, 0, 0, 0, 37623),
(1061, 311906, 30000, 2757, 70, 0, 0, 0, 0, 37623),
(1061, 311902, 10000, 2757, 25, 0, 0, 0, 0, 37623),
(1061, 311949, 11500, 2757, 30, 0, 0, 0, 0, 37623),
(1061, 311952, 11500, 2757, 30, 0, 0, 0, 0, 37623),
(1061, 311951, 11500, 2757, 30, 0, 0, 0, 0, 37623),
(1061, 311950, 11500, 2757, 30, 0, 0, 0, 0, 37623),
(1061, 311948, 7500, 2757, 20, 0, 0, 0, 0, 37623),
(1061, 311953, 15000, 2757, 40, 0, 0, 0, 0, 37623),
(1061, 311865, 22500, 2757, 55, 0, 0, 0, 0, 37623),
(1061, 311864, 22500, 2757, 55, 0, 0, 0, 0, 37623),
(1061, 311863, 20000, 2757, 50, 0, 0, 0, 0, 37623),
(1061, 311859, 20000, 2757, 50, 0, 0, 0, 0, 37623),
(1061, 311871, 5000, 2757, 15, 0, 0, 0, 0, 37623),
(1061, 311869, 3000, 2757, 10, 0, 0, 0, 0, 37623),
(1061, 311868, 3000, 2757, 10, 0, 0, 0, 0, 37623),
(1061, 311969, 10000, 755, 1, 0, 0, 0, 48, 37623),
(1061, 264533, 10, 0, 0, 0, 0, 0, 5, 37623),
(1054, 264212, 10, 0, 0, 0, 0, 0, 5, 37623),
(1054, 344316, 65000, 2750, 90, 0, 0, 0, 0, 37623),
(1054, 343679, 25000, 2750, 125, 0, 0, 0, 0, 37623),
(1054, 343675, 650000, 2750, 150, 0, 0, 0, 0, 37623),
(1054, 342887, 20000, 2750, 50, 0, 0, 0, 0, 37623),
(1054, 307142, 170000, 2750, 165, 0, 0, 0, 0, 37623),
(1054, 322301, 55000, 2750, 110, 0, 0, 0, 0, 37623),
(1054, 307098, 95000, 2750, 150, 0, 0, 0, 0, 37623),
(1054, 307101, 145000, 2750, 160, 0, 0, 0, 0, 37623),
(1054, 307093, 95000, 2750, 150, 0, 0, 0, 0, 37623),
(1054, 307383, 70000, 2750, 125, 0, 0, 0, 0, 37623),
(1054, 295084, 17500, 2750, 45, 0, 0, 0, 0, 37623),
(1054, 307124, 6500, 2750, 20, 0, 0, 0, 0, 37623),
(1054, 261423, 1500, 2750, 5, 0, 0, 0, 0, 37623),
(1054, 307118, 3000, 2750, 10, 0, 0, 0, 0, 37623),
(1054, 307097, 95000, 2750, 150, 0, 0, 0, 0, 37623),
(1054, 307095, 45000, 2750, 100, 0, 0, 0, 0, 37623),
(1054, 307100, 1500, 2750, 5, 0, 0, 0, 0, 37623),
(1054, 307119, 3000, 2750, 10, 0, 0, 0, 0, 37623),
(1054, 307381, 80000, 2750, 135, 0, 0, 0, 0, 37623),
(1054, 307103, 145000, 2750, 160, 0, 0, 0, 0, 37623),
(1054, 256134, 20000, 2750, 50, 0, 0, 0, 0, 37623),
(1054, 307200, 195000, 2750, 170, 0, 0, 0, 0, 37623),
(1054, 307123, 17500, 2750, 45, 0, 0, 0, 0, 37623),
(1054, 307121, 35000, 2750, 80, 0, 0, 0, 0, 37623),
(1054, 256133, 25000, 2750, 60, 0, 0, 0, 0, 37623),
(1054, 307122, 50000, 2750, 105, 0, 0, 0, 0, 37623),
(1054, 307096, 95000, 2750, 150, 0, 0, 0, 0, 37623),
(1054, 307125, 32500, 2750, 75, 0, 0, 0, 0, 37623),
(1054, 307384, 80000, 2750, 135, 0, 0, 0, 0, 37623),
(1054, 261424, 11500, 2750, 30, 0, 0, 0, 0, 37623),
(1054, 307094, 45000, 2750, 100, 0, 0, 0, 0, 37623),
(1054, 307120, 5000, 2750, 15, 0, 0, 0, 0, 37623),
(1054, 307382, 70000, 2750, 125, 0, 0, 0, 0, 37623),
(1054, 309823, 10000, 171, 1, 0, 0, 0, 48, 37623),
(1046, 265820, 10, 0, 0, 0, 0, 0, 5, 37623),
(1046, 300932, 10000, 182, 1, 0, 0, 0, 48, 37623),
(1047, 264495, 10, 0, 0, 0, 0, 0, 5, 37623),
(1047, 343691, 17500, 2756, 45, 0, 0, 0, 0, 37623),
(1047, 343686, 20000, 2756, 50, 0, 0, 0, 0, 37623),
(1047, 324195, 15000, 2756, 40, 0, 0, 0, 0, 37623),
(1047, 324196, 15000, 2756, 40, 0, 0, 0, 0, 37623),
(1047, 324197, 15000, 2756, 40, 0, 0, 0, 0, 37623),
(1047, 324198, 15000, 2756, 40, 0, 0, 0, 0, 37623),
(1047, 324037, 40000, 2756, 80, 311441, 0, 0, 0, 37623),
(1047, 324035, 40000, 2756, 80, 311441, 0, 0, 0, 37623),
(1047, 324036, 40000, 2756, 80, 311441, 0, 0, 0, 37623),
(1047, 324039, 40000, 2756, 80, 311441, 0, 0, 0, 37623),
(1047, 321029, 13000, 2756, 35, 0, 0, 0, 0, 37623),
(1047, 311688, 10000, 2756, 25, 0, 0, 0, 0, 37623),
(1047, 311689, 10000, 2756, 25, 0, 0, 0, 0, 37623),
(1047, 311425, 5000, 2756, 15, 0, 0, 0, 0, 37623),
(1047, 311408, 7500, 2756, 20, 0, 0, 0, 0, 37623),
(1047, 311418, 11500, 2756, 30, 0, 0, 0, 0, 37623),
(1047, 311413, 11500, 2756, 30, 0, 0, 0, 0, 37623),
(1047, 311423, 3000, 2756, 10, 0, 0, 0, 0, 37623),
(1047, 311417, 11500, 2756, 30, 0, 0, 0, 0, 37623),
(1047, 311415, 11500, 2756, 30, 0, 0, 0, 0, 37623),
(1047, 311416, 11500, 2756, 30, 0, 0, 0, 0, 37623),
(1047, 311441, 40000, 2756, 80, 0, 0, 0, 0, 37623),
(1047, 311414, 11500, 2756, 30, 0, 0, 0, 0, 37623),
(1047, 309804, 10000, 773, 1, 0, 0, 0, 48, 37623),
(1059, 265838, 10, 0, 0, 0, 0, 0, 5, 37623),
(1059, 325019, 10000, 2572, 1, 0, 0, 0, 48, 37623),
(1056, 322594, 25000, 2751, 60, 0, 0, 0, 0, 37623),
(1056, 322587, 40000, 2751, 80, 0, 0, 0, 0, 37623),
(1056, 322589, 27500, 2751, 65, 0, 0, 0, 0, 37623),
(1056, 322595, 20000, 2751, 50, 0, 0, 0, 0, 37623),
(1056, 322588, 22500, 2751, 55, 0, 0, 0, 0, 37623),
(1056, 322591, 65000, 2751, 90, 0, 0, 0, 0, 37623),
(1056, 264435, 10, 0, 0, 0, 0, 0, 5, 37623),
(1056, 343662, 20000, 2751, 50, 0, 0, 0, 0, 37623),
(1056, 343184, 17500, 2751, 45, 0, 0, 0, 0, 37623),
(1056, 307611, 20000, 2751, 50, 0, 0, 0, 0, 37623),
(1056, 307682, 11500, 2751, 30, 0, 0, 0, 0, 37623),
(1056, 309828, 10000, 164, 1, 0, 0, 0, 48, 37623),
(1056, 307666, 10000, 2751, 25, 0, 0, 0, 0, 37623),
(1056, 307668, 13000, 2751, 35, 0, 0, 0, 0, 37623),
(1056, 307674, 7500, 2751, 20, 0, 0, 0, 0, 37623),
(1056, 307672, 10000, 2751, 25, 0, 0, 0, 0, 37623),
(1056, 307679, 13000, 2751, 35, 0, 0, 0, 0, 37623),
(1056, 307681, 5000, 2751, 15, 0, 0, 0, 0, 37623),
(1056, 307667, 11500, 2751, 30, 0, 0, 0, 0, 37623),
(1056, 307663, 7500, 2751, 20, 0, 0, 0, 0, 37623),
(1056, 307678, 1500, 2751, 5, 0, 0, 0, 0, 37623),
(1056, 307665, 3000, 2751, 10, 0, 0, 0, 0, 37623),
(1056, 307669, 1500, 2751, 5, 0, 0, 0, 0, 37623),
(1056, 307671, 5000, 2751, 15, 0, 0, 0, 0, 37623),
(1056, 307721, 5000, 2751, 15, 0, 0, 0, 0, 37623),
(1056, 307676, 10000, 2751, 25, 0, 0, 0, 0, 37623),
(1056, 307720, 22500, 2751, 55, 0, 0, 0, 0, 37623),
(1056, 307677, 5000, 2751, 15, 0, 0, 0, 0, 37623),
(1056, 307675, 3000, 2751, 10, 0, 0, 0, 0, 37623),
(1056, 307718, 20000, 2751, 50, 0, 0, 0, 0, 37623),
(1042, 308570, 10000, 393, 1, 0, 0, 0, 48, 37623),
(1042, 265856, 10, 0, 0, 0, 0, 0, 5, 37623),
(1045, 308897, 40000, 2758, 80, 0, 0, 0, 0, 37623),
(1045, 343660, 20000, 2758, 50, 0, 0, 0, 0, 37623),
(1045, 343195, 17500, 2758, 45, 0, 0, 0, 0, 37623),
(1045, 309236, 25000, 2758, 60, 0, 0, 0, 0, 37623),
(1045, 309237, 20000, 2758, 50, 0, 0, 0, 0, 37623),
(1045, 309238, 22500, 2758, 55, 0, 0, 0, 0, 37623),
(1045, 309232, 27500, 2758, 65, 0, 0, 0, 0, 37623),
(1045, 309235, 77500, 2758, 95, 0, 0, 0, 0, 37623),
(1045, 309230, 22500, 2758, 55, 0, 0, 0, 0, 37623),
(1045, 309234, 65000, 2758, 90, 0, 0, 0, 0, 37623),
(1045, 309239, 52500, 2758, 80, 0, 0, 0, 0, 37623),
(1045, 309243, 77500, 2758, 95, 0, 0, 0, 0, 37623),
(1045, 309242, 65000, 2758, 90, 0, 0, 0, 0, 37623),
(1045, 309233, 35000, 2758, 75, 0, 0, 0, 0, 37623),
(1045, 309245, 20000, 2758, 50, 0, 0, 0, 0, 37623),
(1045, 309241, 35000, 2758, 75, 0, 0, 0, 0, 37623),
(1045, 309244, 25000, 2758, 60, 0, 0, 0, 0, 37623),
(1045, 309240, 27500, 2758, 65, 0, 0, 0, 0, 37623),
(1045, 309231, 52500, 2758, 80, 0, 0, 0, 0, 37623),
(1045, 308899, 30000, 2758, 70, 0, 0, 0, 0, 37623),
(1045, 324735, 40000, 2758, 80, 0, 0, 0, 0, 37623),
(1045, 309175, 10000, 2758, 25, 0, 0, 0, 0, 37623),
(1045, 309184, 3000, 2758, 10, 0, 0, 0, 0, 37623),
(1045, 309186, 11500, 2758, 30, 0, 0, 0, 0, 37623),
(1045, 309188, 1500, 2758, 5, 0, 0, 0, 0, 37623),
(1045, 309179, 13000, 2758, 35, 0, 0, 0, 0, 37623),
(1045, 309193, 17500, 2758, 45, 0, 0, 0, 0, 37623),
(1045, 309185, 7500, 2758, 20, 0, 0, 0, 0, 37623),
(1045, 309187, 13000, 2758, 35, 0, 0, 0, 0, 37623),
(1045, 309192, 10000, 2758, 25, 0, 0, 0, 0, 37623),
(1045, 309173, 100000, 2758, 100, 0, 0, 0, 0, 37623),
(1045, 309177, 7500, 2758, 20, 0, 0, 0, 0, 37623),
(1045, 309190, 5000, 2758, 15, 0, 0, 0, 0, 37623),
(1045, 309178, 11500, 2758, 30, 0, 0, 0, 0, 37623),
(1045, 309180, 1500, 2758, 5, 0, 0, 0, 0, 37623),
(1045, 309176, 3000, 2758, 10, 0, 0, 0, 0, 37623),
(1045, 309183, 10000, 2758, 25, 0, 0, 0, 0, 37623),
(1045, 309191, 5000, 2758, 15, 0, 0, 0, 0, 37623),
(1045, 309039, 10000, 165, 1, 0, 0, 0, 48, 37623),
(1045, 264578, 10, 0, 0, 0, 0, 0, 5, 37623),
(1057, 271617, 10, 0, 0, 0, 0, 0, 5, 37623),
(1057, 310676, 10000, 356, 1, 0, 0, 0, 48, 37623),
(1060, 264633, 10, 0, 0, 0, 0, 0, 5, 37623),
(1060, 308420, 30000, 2752, 70, 0, 0, 0, 0, 37623),
(1060, 308419, 25000, 2752, 60, 0, 0, 0, 0, 37623),
(1060, 308417, 25000, 2752, 60, 0, 0, 0, 0, 37623),
(1060, 308426, 15000, 2752, 40, 0, 0, 0, 0, 37623),
(1060, 308425, 3000, 2752, 10, 0, 0, 0, 0, 37623),
(1060, 308415, 11500, 2752, 30, 0, 0, 0, 0, 37623),
(1060, 308413, 17500, 2752, 45, 0, 0, 0, 0, 37623),
(1060, 308412, 5000, 2752, 15, 0, 0, 0, 0, 37623),
(1060, 308411, 11500, 2752, 30, 0, 0, 0, 0, 37623),
(1060, 308405, 15000, 2752, 40, 0, 0, 0, 0, 37623),
(1060, 308404, 7500, 2752, 20, 0, 0, 0, 0, 37623),
(1060, 308402, 30000, 2752, 70, 0, 0, 0, 0, 37623),
(1060, 308400, 20000, 2752, 50, 0, 0, 0, 0, 37623),
(1060, 308397, 3000, 2752, 10, 0, 0, 0, 0, 37623),
(1060, 309831, 10000, 185, 1, 0, 0, 0, 48, 37623),
(1058, 309636, 60000, 2753, 115, 0, 0, 0, 0, 37623),
(1058, 343684, 17500, 2753, 45, 0, 0, 0, 0, 37623),
(1058, 343680, 20000, 2753, 50, 0, 0, 0, 0, 37623),
(1058, 342316, 25000, 2753, 60, 0, 0, 0, 0, 37623),
(1058, 324773, 40000, 2753, 90, 0, 0, 0, 0, 37623),
(1058, 309609, 32500, 2753, 75, 0, 0, 0, 0, 37623),
(1058, 309608, 3000, 2753, 10, 0, 0, 0, 0, 37623),
(1058, 265105, 5000, 2753, 15, 0, 0, 0, 0, 37623),
(1058, 309627, 7500, 2753, 20, 0, 0, 0, 0, 37623),
(1058, 309623, 55000, 2753, 110, 0, 0, 0, 0, 37623),
(1058, 309622, 55000, 2753, 110, 0, 0, 0, 0, 37623),
(1058, 309621, 45000, 2753, 100, 0, 0, 0, 0, 37623),
(1058, 309620, 45000, 2753, 100, 0, 0, 0, 0, 37623),
(1058, 309645, 30000, 2753, 70, 0, 0, 0, 0, 37623),
(1058, 309619, 35000, 2753, 80, 0, 0, 0, 0, 37623),
(1058, 309615, 20000, 2753, 50, 0, 0, 0, 0, 37623),
(1058, 309618, 35000, 2753, 80, 0, 0, 0, 0, 37623),
(1058, 309614, 17500, 2753, 45, 0, 0, 0, 0, 37623),
(1058, 309617, 35000, 2753, 80, 0, 0, 0, 0, 37623),
(1058, 309613, 15000, 2753, 40, 0, 0, 0, 0, 37623),
(1058, 309616, 35000, 2753, 80, 0, 0, 0, 0, 37623),
(1058, 309612, 13000, 2753, 35, 0, 0, 0, 0, 37623),
(1058, 309638, 60000, 2753, 115, 0, 0, 0, 0, 37623),
(1058, 309637, 60000, 2753, 115, 0, 0, 0, 0, 37623),
(1058, 309526, 32500, 2753, 75, 0, 0, 0, 0, 37623),
(1058, 309525, 3000, 2753, 10, 0, 0, 0, 0, 37623),
(1058, 323755, 22500, 2753, 55, 0, 0, 0, 0, 37623),
(1058, 309531, 10000, 2753, 25, 0, 0, 0, 0, 37623),
(1058, 309530, 10000, 2753, 25, 0, 0, 0, 0, 37623),
(1058, 309528, 10000, 2753, 25, 0, 0, 0, 0, 37623),
(1058, 323762, 11500, 2753, 30, 0, 0, 0, 0, 37623),
(1058, 323761, 42500, 2753, 95, 0, 0, 0, 0, 37623),
(1058, 323760, 42500, 2753, 95, 0, 0, 0, 0, 37623),
(1058, 309535, 25000, 2753, 60, 0, 0, 0, 0, 37623),
(1058, 309532, 3000, 2753, 10, 0, 0, 0, 0, 37623),
(1058, 309833, 10000, 2494, 1, 0, 0, 0, 48, 37623),
(1058, 309534, 32500, 2753, 75, 0, 0, 0, 0, 37623),
(1058, 264457, 10, 0, 0, 0, 0, 0, 5, 37623),
(1048, 345986, 27500, 2759, 65, 0, 0, 0, 0, 37623),
(1048, 345985, 5000, 2759, 15, 0, 0, 0, 0, 37623);

INSERT INTO `trainer_spell` (`TrainerId`, `SpellId`, `MoneyCost`, `ReqSkillLine`, `ReqSkillRank`, `ReqAbility1`, `ReqAbility2`, `ReqAbility3`, `ReqLevel`, `VerifiedBuild`) VALUES
(1048, 310872, 3000, 2759, 10, 0, 0, 0, 0, 37623),
(1048, 343659, 20000, 2759, 50, 0, 0, 0, 0, 37623),
(1048, 343634, 1000, 2759, 1, 0, 0, 0, 0, 37623),
(1048, 343204, 17500, 2759, 45, 0, 0, 0, 0, 37623),
(1048, 310899, 27500, 2759, 65, 0, 0, 0, 0, 37623),
(1048, 310902, 77500, 2759, 95, 0, 0, 0, 0, 37623),
(1048, 310901, 65000, 2759, 90, 0, 0, 0, 0, 37623),
(1048, 310900, 35000, 2759, 75, 0, 0, 0, 0, 37623),
(1048, 310897, 40000, 2759, 80, 0, 0, 0, 0, 37623),
(1048, 310903, 25000, 2759, 60, 0, 0, 0, 0, 37623),
(1048, 310896, 22500, 2759, 55, 0, 0, 0, 0, 37623),
(1048, 310904, 20000, 2759, 50, 0, 0, 0, 0, 37623),
(1048, 310873, 7500, 2759, 20, 0, 0, 0, 0, 37623),
(1048, 310876, 1500, 2759, 5, 0, 0, 0, 0, 37623),
(1048, 310875, 13000, 2759, 35, 0, 0, 0, 0, 37623),
(1048, 310950, 10000, 197, 1, 0, 0, 0, 48, 37623),
(1048, 310870, 10000, 2759, 25, 0, 0, 0, 0, 37623),
(1048, 310874, 11500, 2759, 30, 0, 0, 0, 0, 37623),
(1048, 310923, 15000, 2759, 40, 0, 0, 0, 0, 37623),
(1048, 310871, 5000, 2759, 15, 0, 0, 0, 0, 37623),
(1048, 264617, 10, 0, 0, 0, 0, 0, 5, 37623);


DELETE FROM `creature_trainer` WHERE (`CreatureId`=156691 AND `MenuID`=0 AND `OptionIndex`=0) OR (`CreatureId`=156670 AND `MenuID`=10185 AND `OptionIndex`=0) OR (`CreatureId`=156687 AND `MenuID`=0 AND `OptionIndex`=0) OR (`CreatureId`=156686 AND `MenuID`=0 AND `OptionIndex`=0) OR (`CreatureId`=156685 AND `MenuID`=0 AND `OptionIndex`=0) OR (`CreatureId`=156668 AND `MenuID`=0 AND `OptionIndex`=0) OR (`CreatureId`=156666 AND `MenuID`=10362 AND `OptionIndex`=0) OR (`CreatureId`=156667 AND `MenuID`=0 AND `OptionIndex`=0) OR (`CreatureId`=156669 AND `MenuID`=10185 AND `OptionIndex`=0) OR (`CreatureId`=156671 AND `MenuID`=0 AND `OptionIndex`=0) OR (`CreatureId`=156672 AND `MenuID`=0 AND `OptionIndex`=0) OR (`CreatureId`=156683 AND `MenuID`=0 AND `OptionIndex`=0) OR (`CreatureId`=156681 AND `MenuID`=10185 AND `OptionIndex`=0);
INSERT INTO `creature_trainer` (`CreatureId`, `TrainerId`, `MenuID`, `OptionIndex`) VALUES
(156691, 1055, 0, 0),
(156670, 1061, 10185, 0),
(156687, 1054, 0, 0),
(156686, 1046, 0, 0),
(156685, 1047, 0, 0),
(156668, 1059, 0, 0),
(156666, 1056, 10362, 0),
(156667, 1042, 0, 0),
(156669, 1045, 10185, 0),
(156671, 1057, 0, 0),
(156672, 1060, 0, 0),
(156683, 1058, 0, 0),
(156681, 1048, 10185, 0);


DELETE FROM `npc_vendor` WHERE (`entry`=173370 AND `item`=182123 AND `ExtendedCost`=0 AND `type`=1) OR (`entry`=173370 AND `item`=144410 AND `ExtendedCost`=0 AND `type`=1) OR (`entry`=173370 AND `item`=144411 AND `ExtendedCost`=0 AND `type`=1) OR (`entry`=173370 AND `item`=163158 AND `ExtendedCost`=0 AND `type`=1) OR (`entry`=173370 AND `item`=163548 AND `ExtendedCost`=0 AND `type`=1) OR (`entry`=173370 AND `item`=163643 AND `ExtendedCost`=0 AND `type`=1) OR (`entry`=173370 AND `item`=169661 AND `ExtendedCost`=0 AND `type`=1) OR (`entry`=173370 AND `item`=178219 AND `ExtendedCost`=0 AND `type`=1) OR (`entry`=173370 AND `item`=178221 AND `ExtendedCost`=0 AND `type`=1) OR (`entry`=173370 AND `item`=179278 AND `ExtendedCost`=0 AND `type`=1) OR (`entry`=173370 AND `item`=179307 AND `ExtendedCost`=0 AND `type`=1) OR (`entry`=173370 AND `item`=180409 AND `ExtendedCost`=0 AND `type`=1) OR (`entry`=173370 AND `item`=180411 AND `ExtendedCost`=0 AND `type`=1) OR (`entry`=173369 AND `item`=39489 AND `ExtendedCost`=0 AND `type`=1) OR (`entry`=173369 AND `item`=39505 AND `ExtendedCost`=0 AND `type`=1) OR (`entry`=173369 AND `item`=183953 AND `ExtendedCost`=0 AND `type`=1) OR (`entry`=173369 AND `item`=175886 AND `ExtendedCost`=0 AND `type`=1) OR (`entry`=173369 AND `item`=180732 AND `ExtendedCost`=0 AND `type`=1) OR (`entry`=173369 AND `item`=173060 AND `ExtendedCost`=0 AND `type`=1) OR (`entry`=173369 AND `item`=177061 AND `ExtendedCost`=0 AND `type`=1) OR (`entry`=173369 AND `item`=178787 AND `ExtendedCost`=0 AND `type`=1) OR (`entry`=173369 AND `item`=183955 AND `ExtendedCost`=0 AND `type`=1) OR (`entry`=173369 AND `item`=177062 AND `ExtendedCost`=0 AND `type`=1) OR (`entry`=173369 AND `item`=2901 AND `ExtendedCost`=0 AND `type`=1) OR (`entry`=173369 AND `item`=5956 AND `ExtendedCost`=0 AND `type`=1) OR (`entry`=173369 AND `item`=3857 AND `ExtendedCost`=0 AND `type`=1) OR (`entry`=173369 AND `item`=2880 AND `ExtendedCost`=0 AND `type`=1) OR (`entry`=173369 AND `item`=3466 AND `ExtendedCost`=0 AND `type`=1) OR (`entry`=173369 AND `item`=18567 AND `ExtendedCost`=0 AND `type`=1) OR (`entry`=173369 AND `item`=180733 AND `ExtendedCost`=0 AND `type`=1) OR (`entry`=168011 AND `item`=182624 AND `ExtendedCost`=6910 AND `type`=1) OR (`entry`=168011 AND `item`=181712 AND `ExtendedCost`=6910 AND `type`=1) OR (`entry`=168011 AND `item`=180935 AND `ExtendedCost`=6910 AND `type`=1) OR (`entry`=168011 AND `item`=180842 AND `ExtendedCost`=6910 AND `type`=1) OR (`entry`=168011 AND `item`=182769 AND `ExtendedCost`=6910 AND `type`=1) OR (`entry`=168011 AND `item`=182748 AND `ExtendedCost`=6910 AND `type`=1) OR (`entry`=168011 AND `item`=182449 AND `ExtendedCost`=6910 AND `type`=1) OR (`entry`=168011 AND `item`=182743 AND `ExtendedCost`=6910 AND `type`=1) OR (`entry`=168011 AND `item`=182142 AND `ExtendedCost`=6910 AND `type`=1) OR (`entry`=168011 AND `item`=182137 AND `ExtendedCost`=6910 AND `type`=1) OR (`entry`=168011 AND `item`=182128 AND `ExtendedCost`=6910 AND `type`=1) OR (`entry`=168011 AND `item`=182109 AND `ExtendedCost`=6910 AND `type`=1) OR (`entry`=168011 AND `item`=183514 AND `ExtendedCost`=6910 AND `type`=1) OR (`entry`=168011 AND `item`=183507 AND `ExtendedCost`=6910 AND `type`=1) OR (`entry`=168011 AND `item`=183506 AND `ExtendedCost`=6910 AND `type`=1) OR (`entry`=168011 AND `item`=183501 AND `ExtendedCost`=6910 AND `type`=1) OR (`entry`=168011 AND `item`=182140 AND `ExtendedCost`=6910 AND `type`=1) OR (`entry`=168011 AND `item`=181944 AND `ExtendedCost`=6910 AND `type`=1) OR (`entry`=168011 AND `item`=181844 AND `ExtendedCost`=6910 AND `type`=1) OR (`entry`=168011 AND `item`=181837 AND `ExtendedCost`=6910 AND `type`=1) OR (`entry`=168011 AND `item`=182465 AND `ExtendedCost`=6910 AND `type`=1) OR (`entry`=168011 AND `item`=182681 AND `ExtendedCost`=6910 AND `type`=1) OR (`entry`=168011 AND `item`=182667 AND `ExtendedCost`=6910 AND `type`=1) OR (`entry`=168011 AND `item`=182461 AND `ExtendedCost`=6910 AND `type`=1) OR (`entry`=168011 AND `item`=181462 AND `ExtendedCost`=6910 AND `type`=1) OR (`entry`=168011 AND `item`=181737 AND `ExtendedCost`=6910 AND `type`=1) OR (`entry`=168011 AND `item`=181700 AND `ExtendedCost`=6910 AND `type`=1) OR (`entry`=168011 AND `item`=181373 AND `ExtendedCost`=6910 AND `type`=1) OR (`entry`=168011 AND `item`=181461 AND `ExtendedCost`=6910 AND `type`=1) OR (`entry`=168011 AND `item`=183197 AND `ExtendedCost`=6910 AND `type`=1) OR (`entry`=168011 AND `item`=181511 AND `ExtendedCost`=6910 AND `type`=1) OR (`entry`=168011 AND `item`=181498 AND `ExtendedCost`=6910 AND `type`=1) OR (`entry`=168011 AND `item`=183184 AND `ExtendedCost`=6910 AND `type`=1) OR (`entry`=168011 AND `item`=182686 AND `ExtendedCost`=6910 AND `type`=1) OR (`entry`=168011 AND `item`=182621 AND `ExtendedCost`=6910 AND `type`=1) OR (`entry`=168011 AND `item`=182480 AND `ExtendedCost`=6910 AND `type`=1) OR (`entry`=168011 AND `item`=183491 AND `ExtendedCost`=6910 AND `type`=1) OR (`entry`=168011 AND `item`=183485 AND `ExtendedCost`=6910 AND `type`=1) OR (`entry`=168011 AND `item`=183480 AND `ExtendedCost`=6910 AND `type`=1) OR (`entry`=168011 AND `item`=183478 AND `ExtendedCost`=6910 AND `type`=1) OR (`entry`=168011 AND `item`=183470 AND `ExtendedCost`=6910 AND `type`=1) OR (`entry`=168011 AND `item`=182344 AND `ExtendedCost`=6910 AND `type`=1) OR (`entry`=168011 AND `item`=182598 AND `ExtendedCost`=6910 AND `type`=1) OR (`entry`=168011 AND `item`=182368 AND `ExtendedCost`=6910 AND `type`=1) OR (`entry`=168011 AND `item`=182325 AND `ExtendedCost`=6910 AND `type`=1) OR (`entry`=168011 AND `item`=181980 AND `ExtendedCost`=6910 AND `type`=1) OR (`entry`=168011 AND `item`=181848 AND `ExtendedCost`=6910 AND `type`=1) OR (`entry`=168011 AND `item`=182187 AND `ExtendedCost`=6910 AND `type`=1) OR (`entry`=168011 AND `item`=181836 AND `ExtendedCost`=6910 AND `type`=1) OR (`entry`=168011 AND `item`=178448 AND `ExtendedCost`=6717 AND `type`=1) OR (`entry`=168011 AND `item`=178387 AND `ExtendedCost`=6717 AND `type`=1) OR (`entry`=168011 AND `item`=175922 AND `ExtendedCost`=6717 AND `type`=1) OR (`entry`=168011 AND `item`=178442 AND `ExtendedCost`=6717 AND `type`=1) OR (`entry`=168011 AND `item`=178381 AND `ExtendedCost`=6717 AND `type`=1) OR (`entry`=168011 AND `item`=175916 AND `ExtendedCost`=6717 AND `type`=1) OR (`entry`=168011 AND `item`=184311 AND `ExtendedCost`=6717 AND `type`=1) OR (`entry`=168011 AND `item`=178414 AND `ExtendedCost`=6717 AND `type`=1) OR (`entry`=168011 AND `item`=178353 AND `ExtendedCost`=6717 AND `type`=1) OR (`entry`=168011 AND `item`=175888 AND `ExtendedCost`=6717 AND `type`=1) OR (`entry`=168011 AND `item`=178383 AND `ExtendedCost`=6717 AND `type`=1) OR (`entry`=168011 AND `item`=175918 AND `ExtendedCost`=6717 AND `type`=1) OR (`entry`=168011 AND `item`=178384 AND `ExtendedCost`=6717 AND `type`=1) OR (`entry`=168011 AND `item`=175919 AND `ExtendedCost`=6717 AND `type`=1) OR (`entry`=168011 AND `item`=178385 AND `ExtendedCost`=6717 AND `type`=1) OR (`entry`=168011 AND `item`=175920 AND `ExtendedCost`=6717 AND `type`=1) OR (`entry`=168011 AND `item`=178382 AND `ExtendedCost`=6717 AND `type`=1) OR (`entry`=168011 AND `item`=175917 AND `ExtendedCost`=6717 AND `type`=1) OR (`entry`=168011 AND `item`=178447 AND `ExtendedCost`=6718 AND `type`=1) OR (`entry`=168011 AND `item`=178386 AND `ExtendedCost`=6718 AND `type`=1) OR (`entry`=168011 AND `item`=175921 AND `ExtendedCost`=6718 AND `type`=1) OR (`entry`=168011 AND `item`=181816 AND `ExtendedCost`=6717 AND `type`=1) OR (`entry`=168011 AND `item`=181335 AND `ExtendedCost`=6717 AND `type`=1) OR (`entry`=168011 AND `item`=181333 AND `ExtendedCost`=6717 AND `type`=1) OR (`entry`=168011 AND `item`=178377 AND `ExtendedCost`=6718 AND `type`=1) OR (`entry`=168011 AND `item`=175912 AND `ExtendedCost`=6718 AND `type`=1) OR (`entry`=168011 AND `item`=178374 AND `ExtendedCost`=6718 AND `type`=1) OR (`entry`=168011 AND `item`=175909 AND `ExtendedCost`=6718 AND `type`=1) OR (`entry`=168011 AND `item`=178363 AND `ExtendedCost`=6718 AND `type`=1) OR (`entry`=168011 AND `item`=175898 AND `ExtendedCost`=6718 AND `type`=1) OR (`entry`=168011 AND `item`=178358 AND `ExtendedCost`=6718 AND `type`=1) OR (`entry`=168011 AND `item`=175893 AND `ExtendedCost`=6718 AND `type`=1) OR (`entry`=168011 AND `item`=178379 AND `ExtendedCost`=6718 AND `type`=1) OR (`entry`=168011 AND `item`=175914 AND `ExtendedCost`=6718 AND `type`=1) OR (`entry`=168011 AND `item`=178376 AND `ExtendedCost`=6718 AND `type`=1) OR (`entry`=168011 AND `item`=175911 AND `ExtendedCost`=6718 AND `type`=1) OR (`entry`=168011 AND `item`=178365 AND `ExtendedCost`=6718 AND `type`=1) OR (`entry`=168011 AND `item`=175900 AND `ExtendedCost`=6718 AND `type`=1) OR (`entry`=168011 AND `item`=178360 AND `ExtendedCost`=6718 AND `type`=1) OR (`entry`=168011 AND `item`=175895 AND `ExtendedCost`=6718 AND `type`=1) OR (`entry`=168011 AND `item`=178380 AND `ExtendedCost`=6718 AND `type`=1) OR (`entry`=168011 AND `item`=175915 AND `ExtendedCost`=6718 AND `type`=1) OR (`entry`=168011 AND `item`=178373 AND `ExtendedCost`=6718 AND `type`=1) OR (`entry`=168011 AND `item`=175908 AND `ExtendedCost`=6718 AND `type`=1) OR (`entry`=168011 AND `item`=178362 AND `ExtendedCost`=6718 AND `type`=1) OR (`entry`=168011 AND `item`=175897 AND `ExtendedCost`=6718 AND `type`=1) OR (`entry`=168011 AND `item`=178361 AND `ExtendedCost`=6718 AND `type`=1) OR (`entry`=168011 AND `item`=175896 AND `ExtendedCost`=6718 AND `type`=1) OR (`entry`=168011 AND `item`=178378 AND `ExtendedCost`=6718 AND `type`=1) OR (`entry`=168011 AND `item`=175913 AND `ExtendedCost`=6718 AND `type`=1) OR (`entry`=168011 AND `item`=178375 AND `ExtendedCost`=6718 AND `type`=1) OR (`entry`=168011 AND `item`=175910 AND `ExtendedCost`=6718 AND `type`=1) OR (`entry`=168011 AND `item`=178364 AND `ExtendedCost`=6718 AND `type`=1) OR (`entry`=168011 AND `item`=175899 AND `ExtendedCost`=6718 AND `type`=1) OR (`entry`=168011 AND `item`=178359 AND `ExtendedCost`=6718 AND `type`=1) OR (`entry`=168011 AND `item`=175894 AND `ExtendedCost`=6718 AND `type`=1) OR (`entry`=168011 AND `item`=178369 AND `ExtendedCost`=6719 AND `type`=1) OR (`entry`=168011 AND `item`=175904 AND `ExtendedCost`=6719 AND `type`=1) OR (`entry`=168011 AND `item`=178352 AND `ExtendedCost`=6719 AND `type`=1) OR (`entry`=168011 AND `item`=175887 AND `ExtendedCost`=6719 AND `type`=1) OR (`entry`=168011 AND `item`=178355 AND `ExtendedCost`=6719 AND `type`=1) OR (`entry`=168011 AND `item`=175890 AND `ExtendedCost`=6719 AND `type`=1) OR (`entry`=168011 AND `item`=178371 AND `ExtendedCost`=6719 AND `type`=1) OR (`entry`=168011 AND `item`=175906 AND `ExtendedCost`=6719 AND `type`=1) OR (`entry`=168011 AND `item`=178367 AND `ExtendedCost`=6719 AND `type`=1) OR (`entry`=168011 AND `item`=175902 AND `ExtendedCost`=6719 AND `type`=1) OR (`entry`=168011 AND `item`=178356 AND `ExtendedCost`=6719 AND `type`=1) OR (`entry`=168011 AND `item`=175891 AND `ExtendedCost`=6719 AND `type`=1) OR (`entry`=168011 AND `item`=178372 AND `ExtendedCost`=6719 AND `type`=1) OR (`entry`=168011 AND `item`=175907 AND `ExtendedCost`=6719 AND `type`=1) OR (`entry`=168011 AND `item`=178368 AND `ExtendedCost`=6719 AND `type`=1) OR (`entry`=168011 AND `item`=175903 AND `ExtendedCost`=6719 AND `type`=1) OR (`entry`=168011 AND `item`=178357 AND `ExtendedCost`=6719 AND `type`=1) OR (`entry`=168011 AND `item`=175892 AND `ExtendedCost`=6719 AND `type`=1) OR (`entry`=168011 AND `item`=178370 AND `ExtendedCost`=6719 AND `type`=1) OR (`entry`=168011 AND `item`=175905 AND `ExtendedCost`=6719 AND `type`=1) OR (`entry`=168011 AND `item`=178366 AND `ExtendedCost`=6719 AND `type`=1) OR (`entry`=168011 AND `item`=175901 AND `ExtendedCost`=6719 AND `type`=1) OR (`entry`=168011 AND `item`=178354 AND `ExtendedCost`=6719 AND `type`=1) OR (`entry`=168011 AND `item`=175889 AND `ExtendedCost`=6719 AND `type`=1) OR (`entry`=164095 AND `item`=183301 AND `ExtendedCost`=6912 AND `type`=1) OR (`entry`=164095 AND `item`=183285 AND `ExtendedCost`=6912 AND `type`=1) OR (`entry`=164095 AND `item`=183378 AND `ExtendedCost`=6912 AND `type`=1) OR (`entry`=164095 AND `item`=183211 AND `ExtendedCost`=6912 AND `type`=1) OR (`entry`=164095 AND `item`=183222 AND `ExtendedCost`=6912 AND `type`=1) OR (`entry`=164095 AND `item`=183368 AND `ExtendedCost`=6912 AND `type`=1) OR (`entry`=164095 AND `item`=183246 AND `ExtendedCost`=6912 AND `type`=1) OR (`entry`=164095 AND `item`=183331 AND `ExtendedCost`=6912 AND `type`=1) OR (`entry`=164095 AND `item`=183347 AND `ExtendedCost`=6912 AND `type`=1) OR (`entry`=164095 AND `item`=182625 AND `ExtendedCost`=6912 AND `type`=1) OR (`entry`=164095 AND `item`=183252 AND `ExtendedCost`=6912 AND `type`=1) OR (`entry`=164095 AND `item`=183317 AND `ExtendedCost`=6912 AND `type`=1) OR (`entry`=164095 AND `item`=183268 AND `ExtendedCost`=6912 AND `type`=1) OR (`entry`=164095 AND `item`=178335 AND `ExtendedCost`=6774 AND `type`=1) OR (`entry`=164095 AND `item`=178299 AND `ExtendedCost`=6774 AND `type`=1) OR (`entry`=164095 AND `item`=175885 AND `ExtendedCost`=6774 AND `type`=1) OR (`entry`=164095 AND `item`=178329 AND `ExtendedCost`=6774 AND `type`=1) OR (`entry`=164095 AND `item`=178293 AND `ExtendedCost`=6774 AND `type`=1) OR (`entry`=164095 AND `item`=175879 AND `ExtendedCost`=6774 AND `type`=1) OR (`entry`=164095 AND `item`=178301 AND `ExtendedCost`=6774 AND `type`=1) OR (`entry`=164095 AND `item`=178265 AND `ExtendedCost`=6774 AND `type`=1) OR (`entry`=164095 AND `item`=175851 AND `ExtendedCost`=6774 AND `type`=1) OR (`entry`=164095 AND `item`=175881 AND `ExtendedCost`=6774 AND `type`=1) OR (`entry`=164095 AND `item`=175882 AND `ExtendedCost`=6774 AND `type`=1) OR (`entry`=164095 AND `item`=175883 AND `ExtendedCost`=6774 AND `type`=1) OR (`entry`=164095 AND `item`=175880 AND `ExtendedCost`=6774 AND `type`=1) OR (`entry`=164095 AND `item`=175875 AND `ExtendedCost`=6775 AND `type`=1) OR (`entry`=164095 AND `item`=175872 AND `ExtendedCost`=6775 AND `type`=1) OR (`entry`=164095 AND `item`=175861 AND `ExtendedCost`=6775 AND `type`=1) OR (`entry`=164095 AND `item`=175856 AND `ExtendedCost`=6775 AND `type`=1) OR (`entry`=164095 AND `item`=175877 AND `ExtendedCost`=6775 AND `type`=1) OR (`entry`=164095 AND `item`=175874 AND `ExtendedCost`=6775 AND `type`=1) OR (`entry`=164095 AND `item`=175863 AND `ExtendedCost`=6775 AND `type`=1) OR (`entry`=164095 AND `item`=175858 AND `ExtendedCost`=6775 AND `type`=1) OR (`entry`=164095 AND `item`=175878 AND `ExtendedCost`=6775 AND `type`=1) OR (`entry`=164095 AND `item`=175871 AND `ExtendedCost`=6775 AND `type`=1) OR (`entry`=164095 AND `item`=175860 AND `ExtendedCost`=6775 AND `type`=1) OR (`entry`=164095 AND `item`=175859 AND `ExtendedCost`=6775 AND `type`=1) OR (`entry`=164095 AND `item`=175876 AND `ExtendedCost`=6775 AND `type`=1) OR (`entry`=164095 AND `item`=175873 AND `ExtendedCost`=6775 AND `type`=1) OR (`entry`=164095 AND `item`=175862 AND `ExtendedCost`=6775 AND `type`=1) OR (`entry`=164095 AND `item`=175857 AND `ExtendedCost`=6775 AND `type`=1) OR (`entry`=164095 AND `item`=178334 AND `ExtendedCost`=6775 AND `type`=1) OR (`entry`=164095 AND `item`=178298 AND `ExtendedCost`=6775 AND `type`=1) OR (`entry`=164095 AND `item`=175884 AND `ExtendedCost`=6775 AND `type`=1) OR (`entry`=164095 AND `item`=175867 AND `ExtendedCost`=6776 AND `type`=1) OR (`entry`=164095 AND `item`=175850 AND `ExtendedCost`=6776 AND `type`=1) OR (`entry`=164095 AND `item`=175853 AND `ExtendedCost`=6776 AND `type`=1) OR (`entry`=164095 AND `item`=175869 AND `ExtendedCost`=6776 AND `type`=1) OR (`entry`=164095 AND `item`=175865 AND `ExtendedCost`=6776 AND `type`=1) OR (`entry`=164095 AND `item`=175854 AND `ExtendedCost`=6776 AND `type`=1) OR (`entry`=164095 AND `item`=175870 AND `ExtendedCost`=6776 AND `type`=1) OR (`entry`=164095 AND `item`=175866 AND `ExtendedCost`=6776 AND `type`=1) OR (`entry`=164095 AND `item`=175855 AND `ExtendedCost`=6776 AND `type`=1) OR (`entry`=164095 AND `item`=175868 AND `ExtendedCost`=6776 AND `type`=1) OR (`entry`=164095 AND `item`=175864 AND `ExtendedCost`=6776 AND `type`=1) OR (`entry`=164095 AND `item`=175852 AND `ExtendedCost`=6776 AND `type`=1) OR (`entry`=164095 AND `item`=178478 AND `ExtendedCost`=6882 AND `type`=1) OR (`entry`=164095 AND `item`=178490 AND `ExtendedCost`=6882 AND `type`=1) OR (`entry`=164095 AND `item`=178468 AND `ExtendedCost`=6881 AND `type`=1) OR (`entry`=164095 AND `item`=178663 AND `ExtendedCost`=6881 AND `type`=1) OR (`entry`=164095 AND `item`=178470 AND `ExtendedCost`=6881 AND `type`=1) OR (`entry`=164095 AND `item`=178471 AND `ExtendedCost`=6881 AND `type`=1) OR (`entry`=164095 AND `item`=183433 AND `ExtendedCost`=6881 AND `type`=1) OR (`entry`=164095 AND `item`=178474 AND `ExtendedCost`=6881 AND `type`=1) OR (`entry`=164095 AND `item`=178670 AND `ExtendedCost`=6881 AND `type`=1) OR (`entry`=164095 AND `item`=178479 AND `ExtendedCost`=6881 AND `type`=1) OR (`entry`=164095 AND `item`=183435 AND `ExtendedCost`=6993 AND `type`=1) OR (`entry`=164095 AND `item`=178481 AND `ExtendedCost`=6993 AND `type`=1) OR (`entry`=164095 AND `item`=178475 AND `ExtendedCost`=6777 AND `type`=1) OR (`entry`=164095 AND `item`=178664 AND `ExtendedCost`=6777 AND `type`=1) OR (`entry`=164095 AND `item`=178472 AND `ExtendedCost`=6777 AND `type`=1) OR (`entry`=164095 AND `item`=178668 AND `ExtendedCost`=6777 AND `type`=1) OR (`entry`=164095 AND `item`=178473 AND `ExtendedCost`=6777 AND `type`=1) OR (`entry`=164095 AND `item`=178476 AND `ExtendedCost`=6777 AND `type`=1) OR (`entry`=164095 AND `item`=184054 AND `ExtendedCost`=6774 AND `type`=1) OR (`entry`=164095 AND `item`=184053 AND `ExtendedCost`=6774 AND `type`=1) OR (`entry`=164095 AND `item`=184052 AND `ExtendedCost`=6774 AND `type`=1) OR (`entry`=156692 AND `item`=2901 AND `ExtendedCost`=0 AND `type`=1) OR (`entry`=156692 AND `item`=5956 AND `ExtendedCost`=0 AND `type`=1) OR (`entry`=156692 AND `item`=6219 AND `ExtendedCost`=0 AND `type`=1) OR (`entry`=156692 AND `item`=177061 AND `ExtendedCost`=0 AND `type`=1) OR (`entry`=156692 AND `item`=183952 AND `ExtendedCost`=0 AND `type`=1) OR (`entry`=156692 AND `item`=180733 AND `ExtendedCost`=0 AND `type`=1) OR (`entry`=156733 AND `item`=178787 AND `ExtendedCost`=0 AND `type`=1) OR (`entry`=156733 AND `item`=20815 AND `ExtendedCost`=0 AND `type`=1) OR (`entry`=156733 AND `item`=183954 AND `ExtendedCost`=0 AND `type`=1) OR (`entry`=156733 AND `item`=173168 AND `ExtendedCost`=0 AND `type`=1) OR (`entry`=156689 AND `item`=183950 AND `ExtendedCost`=0 AND `type`=1) OR (`entry`=156689 AND `item`=3371 AND `ExtendedCost`=0 AND `type`=1) OR (`entry`=156689 AND `item`=180732 AND `ExtendedCost`=0 AND `type`=1) OR (`entry`=156732 AND `item`=177061 AND `ExtendedCost`=0 AND `type`=1) OR (`entry`=156732 AND `item`=39489 AND `ExtendedCost`=0 AND `type`=1) OR (`entry`=156732 AND `item`=39505 AND `ExtendedCost`=0 AND `type`=1) OR (`entry`=156732 AND `item`=183953 AND `ExtendedCost`=0 AND `type`=1) OR (`entry`=156732 AND `item`=175886 AND `ExtendedCost`=0 AND `type`=1) OR (`entry`=156732 AND `item`=180732 AND `ExtendedCost`=0 AND `type`=1) OR (`entry`=156732 AND `item`=173060 AND `ExtendedCost`=0 AND `type`=1) OR (`entry`=164736 AND `item`=43118 AND `ExtendedCost`=2582 AND `type`=1) OR (`entry`=164736 AND `item`=43122 AND `ExtendedCost`=2582 AND `type`=1) OR (`entry`=164736 AND `item`=43120 AND `ExtendedCost`=2582 AND `type`=1) OR (`entry`=164736 AND `item`=39774 AND `ExtendedCost`=2582 AND `type`=1) OR (`entry`=164736 AND `item`=43116 AND `ExtendedCost`=2582 AND `type`=1) OR (`entry`=164736 AND `item`=39469 AND `ExtendedCost`=2582 AND `type`=1) OR (`entry`=164736 AND `item`=43125 AND `ExtendedCost`=2583 AND `type`=1) OR (`entry`=164736 AND `item`=43124 AND `ExtendedCost`=2582 AND `type`=1) OR (`entry`=164736 AND `item`=43127 AND `ExtendedCost`=2583 AND `type`=1) OR (`entry`=164736 AND `item`=43126 AND `ExtendedCost`=2582 AND `type`=1) OR (`entry`=164736 AND `item`=61978 AND `ExtendedCost`=2582 AND `type`=1) OR (`entry`=164736 AND `item`=61981 AND `ExtendedCost`=2583 AND `type`=1) OR (`entry`=164736 AND `item`=79255 AND `ExtendedCost`=2583 AND `type`=1) OR (`entry`=164736 AND `item`=79254 AND `ExtendedCost`=2582 AND `type`=1) OR (`entry`=164736 AND `item`=113111 AND `ExtendedCost`=2582 AND `type`=1) OR (`entry`=164736 AND `item`=129034 AND `ExtendedCost`=2582 AND `type`=1) OR (`entry`=164736 AND `item`=129032 AND `ExtendedCost`=2582 AND `type`=1) OR (`entry`=164736 AND `item`=168663 AND `ExtendedCost`=2582 AND `type`=1) OR (`entry`=164736 AND `item`=158189 AND `ExtendedCost`=2583 AND `type`=1) OR (`entry`=164736 AND `item`=158188 AND `ExtendedCost`=2582 AND `type`=1) OR (`entry`=164736 AND `item`=158187 AND `ExtendedCost`=2582 AND `type`=1) OR (`entry`=156777 AND `item`=6530 AND `ExtendedCost`=0 AND `type`=1) OR (`entry`=156777 AND `item`=6256 AND `ExtendedCost`=0 AND `type`=1) OR (`entry`=156777 AND `item`=6217 AND `ExtendedCost`=0 AND `type`=1) OR (`entry`=156777 AND `item`=39505 AND `ExtendedCost`=0 AND `type`=1) OR (`entry`=156777 AND `item`=20815 AND `ExtendedCost`=0 AND `type`=1) OR (`entry`=156777 AND `item`=5956 AND `ExtendedCost`=0 AND `type`=1) OR (`entry`=156777 AND `item`=7005 AND `ExtendedCost`=0 AND `type`=1) OR (`entry`=156777 AND `item`=85663 AND `ExtendedCost`=0 AND `type`=1) OR (`entry`=156777 AND `item`=2901 AND `ExtendedCost`=0 AND `type`=1) OR (`entry`=156777 AND `item`=178787 AND `ExtendedCost`=0 AND `type`=1) OR (`entry`=156777 AND `item`=180733 AND `ExtendedCost`=0 AND `type`=1) OR (`entry`=156696 AND `item`=177061 AND `ExtendedCost`=0 AND `type`=1) OR (`entry`=156696 AND `item`=178787 AND `ExtendedCost`=0 AND `type`=1) OR (`entry`=156696 AND `item`=183955 AND `ExtendedCost`=0 AND `type`=1) OR (`entry`=156696 AND `item`=177062 AND `ExtendedCost`=0 AND `type`=1) OR (`entry`=156690 AND `item`=180136 AND `ExtendedCost`=0 AND `type`=1) OR (`entry`=156690 AND `item`=6256 AND `ExtendedCost`=0 AND `type`=1) OR (`entry`=156690 AND `item`=6530 AND `ExtendedCost`=0 AND `type`=1) OR (`entry`=156690 AND `item`=173043 AND `ExtendedCost`=0 AND `type`=1) OR (`entry`=156690 AND `item`=173042 AND `ExtendedCost`=0 AND `type`=1) OR (`entry`=156690 AND `item`=173039 AND `ExtendedCost`=0 AND `type`=1) OR (`entry`=156690 AND `item`=173041 AND `ExtendedCost`=0 AND `type`=1) OR (`entry`=156690 AND `item`=173040 AND `ExtendedCost`=0 AND `type`=1) OR (`entry`=156690 AND `item`=173038 AND `ExtendedCost`=0 AND `type`=1) OR (`entry`=168353 AND `item`=2678 AND `ExtendedCost`=0 AND `type`=1) OR (`entry`=168353 AND `item`=30817 AND `ExtendedCost`=0 AND `type`=1) OR (`entry`=168353 AND `item`=159 AND `ExtendedCost`=0 AND `type`=1) OR (`entry`=168353 AND `item`=178786 AND `ExtendedCost`=0 AND `type`=1) OR (`entry`=168353 AND `item`=172059 AND `ExtendedCost`=0 AND `type`=1) OR (`entry`=168353 AND `item`=172058 AND `ExtendedCost`=0 AND `type`=1) OR (`entry`=168353 AND `item`=172057 AND `ExtendedCost`=0 AND `type`=1) OR (`entry`=168353 AND `item`=172056 AND `ExtendedCost`=0 AND `type`=1) OR (`entry`=156694 AND `item`=11291 AND `ExtendedCost`=0 AND `type`=1) OR (`entry`=156694 AND `item`=4470 AND `ExtendedCost`=0 AND `type`=1) OR (`entry`=156694 AND `item`=10938 AND `ExtendedCost`=0 AND `type`=1) OR (`entry`=156694 AND `item`=10940 AND `ExtendedCost`=0 AND `type`=1) OR (`entry`=156694 AND `item`=6217 AND `ExtendedCost`=0 AND `type`=1) OR (`entry`=156694 AND `item`=38682 AND `ExtendedCost`=0 AND `type`=1) OR (`entry`=156694 AND `item`=183951 AND `ExtendedCost`=0 AND `type`=1) OR (`entry`=156688 AND `item`=177040 AND `ExtendedCost`=0 AND `type`=1) OR (`entry`=156688 AND `item`=174281 AND `ExtendedCost`=0 AND `type`=1) OR (`entry`=156688 AND `item`=178222 AND `ExtendedCost`=0 AND `type`=1) OR (`entry`=156688 AND `item`=173859 AND `ExtendedCost`=0 AND `type`=1) OR (`entry`=156688 AND `item`=174282 AND `ExtendedCost`=0 AND `type`=1) OR (`entry`=169524 AND `item`=180970 AND `ExtendedCost`=6814 AND `type`=1) OR (`entry`=169524 AND `item`=151609 AND `ExtendedCost`=0 AND `type`=1) OR (`entry`=169524 AND `item`=58090 AND `ExtendedCost`=0 AND `type`=1) OR (`entry`=169524 AND `item`=116925 AND `ExtendedCost`=0 AND `type`=1) OR (`entry`=156663 AND `item`=151116 AND `ExtendedCost`=6211 AND `type`=1) OR (`entry`=156663 AND `item`=151120 AND `ExtendedCost`=6188 AND `type`=1) OR (`entry`=156663 AND `item`=151119 AND `ExtendedCost`=6188 AND `type`=1) OR (`entry`=156663 AND `item`=151118 AND `ExtendedCost`=6188 AND `type`=1) OR (`entry`=156663 AND `item`=151117 AND `ExtendedCost`=6188 AND `type`=1) OR (`entry`=156663 AND `item`=157577 AND `ExtendedCost`=6188 AND `type`=1) OR (`entry`=156663 AND `item`=157576 AND `ExtendedCost`=6188 AND `type`=1) OR (`entry`=156663 AND `item`=157574 AND `ExtendedCost`=6188 AND `type`=1) OR (`entry`=156663 AND `item`=157573 AND `ExtendedCost`=6188 AND `type`=1) OR (`entry`=156663 AND `item`=164378 AND `ExtendedCost`=6444 AND `type`=1) OR (`entry`=156663 AND `item`=168061 AND `ExtendedCost`=6188 AND `type`=1) OR (`entry`=156663 AND `item`=168060 AND `ExtendedCost`=6188 AND `type`=1) OR (`entry`=156663 AND `item`=168059 AND `ExtendedCost`=6188 AND `type`=1) OR (`entry`=156663 AND `item`=168058 AND `ExtendedCost`=6188 AND `type`=1) OR (`entry`=156769 AND `item`=98715 AND `ExtendedCost`=6433 AND `type`=1) OR (`entry`=156769 AND `item`=122457 AND `ExtendedCost`=6439 AND `type`=1) OR (`entry`=156769 AND `item`=116429 AND `ExtendedCost`=6436 AND `type`=1) OR (`entry`=156769 AND `item`=120321 AND `ExtendedCost`=6437 AND `type`=1) OR (`entry`=156769 AND `item`=86143 AND `ExtendedCost`=6435 AND `type`=1) OR (`entry`=149740 AND `item`=175732 AND `ExtendedCost`=6977 AND `type`=1) OR (`entry`=149740 AND `item`=177657 AND `ExtendedCost`=6977 AND `type`=1) OR (`entry`=149740 AND `item`=175733 AND `ExtendedCost`=6977 AND `type`=1) OR (`entry`=149740 AND `item`=175731 AND `ExtendedCost`=6977 AND `type`=1) OR (`entry`=149740 AND `item`=175730 AND `ExtendedCost`=6977 AND `type`=1) OR (`entry`=149740 AND `item`=180827 AND `ExtendedCost`=6977 AND `type`=1) OR (`entry`=149740 AND `item`=175723 AND `ExtendedCost`=6977 AND `type`=1) OR (`entry`=149740 AND `item`=175725 AND `ExtendedCost`=6977 AND `type`=1) OR (`entry`=149740 AND `item`=175722 AND `ExtendedCost`=6977 AND `type`=1) OR (`entry`=149740 AND `item`=173349 AND `ExtendedCost`=6977 AND `type`=1) OR (`entry`=149740 AND `item`=175719 AND `ExtendedCost`=6977 AND `type`=1) OR (`entry`=149740 AND `item`=175718 AND `ExtendedCost`=6977 AND `type`=1) OR (`entry`=149740 AND `item`=183849 AND `ExtendedCost`=6977 AND `type`=1) OR (`entry`=149740 AND `item`=183850 AND `ExtendedCost`=6977 AND `type`=1) OR (`entry`=149740 AND `item`=175727 AND `ExtendedCost`=6977 AND `type`=1) OR (`entry`=149740 AND `item`=175726 AND `ExtendedCost`=6977 AND `type`=1) OR (`entry`=149740 AND `item`=183851 AND `ExtendedCost`=6977 AND `type`=1) OR (`entry`=149740 AND `item`=179927 AND `ExtendedCost`=6977 AND `type`=1) OR (`entry`=149740 AND `item`=184279 AND `ExtendedCost`=6977 AND `type`=1) OR (`entry`=149740 AND `item`=177813 AND `ExtendedCost`=6977 AND `type`=1) OR (`entry`=149740 AND `item`=182682 AND `ExtendedCost`=6977 AND `type`=1) OR (`entry`=149740 AND `item`=182455 AND `ExtendedCost`=6977 AND `type`=1) OR (`entry`=149740 AND `item`=182454 AND `ExtendedCost`=6977 AND `type`=1) OR (`entry`=149740 AND `item`=175729 AND `ExtendedCost`=6977 AND `type`=1) OR (`entry`=149740 AND `item`=182451 AND `ExtendedCost`=6977 AND `type`=1) OR (`entry`=149740 AND `item`=182453 AND `ExtendedCost`=6977 AND `type`=1) OR (`entry`=149740 AND `item`=182452 AND `ExtendedCost`=6977 AND `type`=1) OR (`entry`=149740 AND `item`=181358 AND `ExtendedCost`=6977 AND `type`=1) OR (`entry`=149740 AND `item`=181360 AND `ExtendedCost`=6977 AND `type`=1) OR (`entry`=149740 AND `item`=181357 AND `ExtendedCost`=6977 AND `type`=1) OR (`entry`=149740 AND `item`=181359 AND `ExtendedCost`=6977 AND `type`=1) OR (`entry`=149740 AND `item`=181334 AND `ExtendedCost`=6977 AND `type`=1) OR (`entry`=149740 AND `item`=181502 AND `ExtendedCost`=6977 AND `type`=1) OR (`entry`=149740 AND `item`=181501 AND `ExtendedCost`=6977 AND `type`=1) OR (`entry`=149740 AND `item`=181503 AND `ExtendedCost`=6977 AND `type`=1) OR (`entry`=149740 AND `item`=181507 AND `ExtendedCost`=6977 AND `type`=1) OR (`entry`=149740 AND `item`=175728 AND `ExtendedCost`=6977 AND `type`=1) OR (`entry`=149740 AND `item`=181457 AND `ExtendedCost`=6977 AND `type`=1) OR (`entry`=149740 AND `item`=181459 AND `ExtendedCost`=6977 AND `type`=1) OR (`entry`=149740 AND `item`=181458 AND `ExtendedCost`=6977 AND `type`=1) OR (`entry`=149740 AND `item`=178770 AND `ExtendedCost`=6977 AND `type`=1) OR (`entry`=149740 AND `item`=178715 AND `ExtendedCost`=6977 AND `type`=1) OR (`entry`=149740 AND `item`=178708 AND `ExtendedCost`=6977 AND `type`=1) OR (`entry`=149740 AND `item`=178811 AND `ExtendedCost`=6977 AND `type`=1) OR (`entry`=149740 AND `item`=178809 AND `ExtendedCost`=6977 AND `type`=1) OR (`entry`=149740 AND `item`=178808 AND `ExtendedCost`=6977 AND `type`=1) OR (`entry`=149740 AND `item`=178810 AND `ExtendedCost`=6977 AND `type`=1) OR (`entry`=149740 AND `item`=180119 AND `ExtendedCost`=6977 AND `type`=1) OR (`entry`=149740 AND `item`=180118 AND `ExtendedCost`=6977 AND `type`=1) OR (`entry`=149740 AND `item`=180117 AND `ExtendedCost`=6977 AND `type`=1) OR (`entry`=149740 AND `item`=180116 AND `ExtendedCost`=6977 AND `type`=1) OR (`entry`=149740 AND `item`=178862 AND `ExtendedCost`=6977 AND `type`=1) OR (`entry`=149740 AND `item`=178861 AND `ExtendedCost`=6977 AND `type`=1) OR (`entry`=149740 AND `item`=178850 AND `ExtendedCost`=6977 AND `type`=1) OR (`entry`=149740 AND `item`=178849 AND `ExtendedCost`=6977 AND `type`=1) OR (`entry`=149740 AND `item`=178769 AND `ExtendedCost`=6977 AND `type`=1) OR (`entry`=149740 AND `item`=178771 AND `ExtendedCost`=6977 AND `type`=1) OR (`entry`=149740 AND `item`=178783 AND `ExtendedCost`=6977 AND `type`=1) OR (`entry`=149740 AND `item`=178751 AND `ExtendedCost`=6977 AND `type`=1) OR (`entry`=149740 AND `item`=178772 AND `ExtendedCost`=6977 AND `type`=1) OR (`entry`=149740 AND `item`=178742 AND `ExtendedCost`=6977 AND `type`=1) OR (`entry`=149740 AND `item`=178826 AND `ExtendedCost`=6977 AND `type`=1) OR (`entry`=149740 AND `item`=178825 AND `ExtendedCost`=6977 AND `type`=1) OR (`entry`=149740 AND `item`=179356 AND `ExtendedCost`=6977 AND `type`=1) OR (`entry`=149740 AND `item`=179350 AND `ExtendedCost`=6977 AND `type`=1) OR (`entry`=149740 AND `item`=179342 AND `ExtendedCost`=6977 AND `type`=1) OR (`entry`=149740 AND `item`=179331 AND `ExtendedCost`=6977 AND `type`=1) OR (`entry`=149740 AND `item`=175943 AND `ExtendedCost`=6977 AND `type`=1) OR (`entry`=149740 AND `item`=171323 AND `ExtendedCost`=6977 AND `type`=1) OR (`entry`=149740 AND `item`=175941 AND `ExtendedCost`=6977 AND `type`=1) OR (`entry`=149740 AND `item`=175942 AND `ExtendedCost`=6977 AND `type`=1) OR (`entry`=149740 AND `item`=173096 AND `ExtendedCost`=6977 AND `type`=1) OR (`entry`=149740 AND `item`=173087 AND `ExtendedCost`=6977 AND `type`=1) OR (`entry`=149740 AND `item`=173078 AND `ExtendedCost`=6977 AND `type`=1) OR (`entry`=149740 AND `item`=173069 AND `ExtendedCost`=6977 AND `type`=1) OR (`entry`=149740 AND `item`=184031 AND `ExtendedCost`=6977 AND `type`=1) OR (`entry`=149740 AND `item`=184030 AND `ExtendedCost`=6977 AND `type`=1) OR (`entry`=149740 AND `item`=184028 AND `ExtendedCost`=6977 AND `type`=1) OR (`entry`=149740 AND `item`=184029 AND `ExtendedCost`=6977 AND `type`=1) OR (`entry`=149740 AND `item`=184027 AND `ExtendedCost`=6977 AND `type`=1) OR (`entry`=149740 AND `item`=184026 AND `ExtendedCost`=6977 AND `type`=1) OR (`entry`=149740 AND `item`=184025 AND `ExtendedCost`=6977 AND `type`=1) OR (`entry`=149740 AND `item`=184024 AND `ExtendedCost`=6977 AND `type`=1) OR (`entry`=149740 AND `item`=184023 AND `ExtendedCost`=6977 AND `type`=1) OR (`entry`=149740 AND `item`=184022 AND `ExtendedCost`=6977 AND `type`=1) OR (`entry`=149740 AND `item`=184021 AND `ExtendedCost`=6977 AND `type`=1) OR (`entry`=149740 AND `item`=184018 AND `ExtendedCost`=6977 AND `type`=1) OR (`entry`=149740 AND `item`=184019 AND `ExtendedCost`=6977 AND `type`=1) OR (`entry`=149740 AND `item`=184020 AND `ExtendedCost`=6977 AND `type`=1) OR (`entry`=149740 AND `item`=184017 AND `ExtendedCost`=6977 AND `type`=1) OR (`entry`=149740 AND `item`=184016 AND `ExtendedCost`=6977 AND `type`=1) OR (`entry`=149740 AND `item`=141482 AND `ExtendedCost`=6980 AND `type`=1) OR (`entry`=174292 AND `item`=173163 AND `ExtendedCost`=0 AND `type`=1) OR (`entry`=174292 AND `item`=173162 AND `ExtendedCost`=0 AND `type`=1) OR (`entry`=174292 AND `item`=173160 AND `ExtendedCost`=0 AND `type`=1) OR (`entry`=174292 AND `item`=173161 AND `ExtendedCost`=0 AND `type`=1) OR (`entry`=174292 AND `item`=173382 AND `ExtendedCost`=0 AND `type`=1) OR (`entry`=174292 AND `item`=173381 AND `ExtendedCost`=0 AND `type`=1) OR (`entry`=174292 AND `item`=183942 AND `ExtendedCost`=0 AND `type`=1) OR (`entry`=174292 AND `item`=177946 AND `ExtendedCost`=0 AND `type`=1) OR (`entry`=174292 AND `item`=172233 AND `ExtendedCost`=0 AND `type`=1) OR (`entry`=174292 AND `item`=172347 AND `ExtendedCost`=0 AND `type`=1) OR (`entry`=174292 AND `item`=173125 AND `ExtendedCost`=0 AND `type`=1) OR (`entry`=174292 AND `item`=173126 AND `ExtendedCost`=0 AND `type`=1) OR (`entry`=174292 AND `item`=173128 AND `ExtendedCost`=0 AND `type`=1) OR (`entry`=174292 AND `item`=173130 AND `ExtendedCost`=0 AND `type`=1) OR (`entry`=174292 AND `item`=173127 AND `ExtendedCost`=0 AND `type`=1) OR (`entry`=174292 AND `item`=173129 AND `ExtendedCost`=0 AND `type`=1) OR (`entry`=174292 AND `item`=173067 AND `ExtendedCost`=0 AND `type`=1) OR (`entry`=174292 AND `item`=173065 AND `ExtendedCost`=0 AND `type`=1) OR (`entry`=174292 AND `item`=173062 AND `ExtendedCost`=0 AND `type`=1) OR (`entry`=174292 AND `item`=175924 AND `ExtendedCost`=0 AND `type`=1) OR (`entry`=174292 AND `item`=173051 AND `ExtendedCost`=0 AND `type`=1) OR (`entry`=174292 AND `item`=173053 AND `ExtendedCost`=0 AND `type`=1) OR (`entry`=174292 AND `item`=173049 AND `ExtendedCost`=0 AND `type`=1) OR (`entry`=174292 AND `item`=173048 AND `ExtendedCost`=0 AND `type`=1) OR (`entry`=174292 AND `item`=172921 AND `ExtendedCost`=0 AND `type`=1) OR (`entry`=174292 AND `item`=172920 AND `ExtendedCost`=0 AND `type`=1) OR (`entry`=174292 AND `item`=172904 AND `ExtendedCost`=0 AND `type`=1) OR (`entry`=174292 AND `item`=172902 AND `ExtendedCost`=0 AND `type`=1) OR (`entry`=174292 AND `item`=172903 AND `ExtendedCost`=0 AND `type`=1) OR (`entry`=174292 AND `item`=172366 AND `ExtendedCost`=0 AND `type`=1) OR (`entry`=174292 AND `item`=172368 AND `ExtendedCost`=0 AND `type`=1) OR (`entry`=174292 AND `item`=172365 AND `ExtendedCost`=0 AND `type`=1) OR (`entry`=174292 AND `item`=172367 AND `ExtendedCost`=0 AND `type`=1) OR (`entry`=174292 AND `item`=172370 AND `ExtendedCost`=0 AND `type`=1) OR (`entry`=174292 AND `item`=172364 AND `ExtendedCost`=0 AND `type`=1) OR (`entry`=174292 AND `item`=172363 AND `ExtendedCost`=0 AND `type`=1) OR (`entry`=174292 AND `item`=172362 AND `ExtendedCost`=0 AND `type`=1) OR (`entry`=174292 AND `item`=172361 AND `ExtendedCost`=0 AND `type`=1) OR (`entry`=174292 AND `item`=172408 AND `ExtendedCost`=0 AND `type`=1) OR (`entry`=174292 AND `item`=172407 AND `ExtendedCost`=0 AND `type`=1) OR (`entry`=174292 AND `item`=172406 AND `ExtendedCost`=0 AND `type`=1) OR (`entry`=174292 AND `item`=177962 AND `ExtendedCost`=0 AND `type`=1) OR (`entry`=174292 AND `item`=177716 AND `ExtendedCost`=0 AND `type`=1) OR (`entry`=174292 AND `item`=177715 AND `ExtendedCost`=0 AND `type`=1) OR (`entry`=174292 AND `item`=177659 AND `ExtendedCost`=0 AND `type`=1) OR (`entry`=174292 AND `item`=172418 AND `ExtendedCost`=0 AND `type`=1) OR (`entry`=174292 AND `item`=172416 AND `ExtendedCost`=0 AND `type`=1) OR (`entry`=174292 AND `item`=172415 AND `ExtendedCost`=0 AND `type`=1) OR (`entry`=174292 AND `item`=172414 AND `ExtendedCost`=0 AND `type`=1) OR (`entry`=174292 AND `item`=177661 AND `ExtendedCost`=0 AND `type`=1) OR (`entry`=174292 AND `item`=172413 AND `ExtendedCost`=0 AND `type`=1) OR (`entry`=174292 AND `item`=172419 AND `ExtendedCost`=0 AND `type`=1) OR (`entry`=174292 AND `item`=177660 AND `ExtendedCost`=0 AND `type`=1) OR (`entry`=174292 AND `item`=172412 AND `ExtendedCost`=0 AND `type`=1) OR (`entry`=174292 AND `item`=172411 AND `ExtendedCost`=0 AND `type`=1) OR (`entry`=174292 AND `item`=172410 AND `ExtendedCost`=0 AND `type`=1) OR (`entry`=174292 AND `item`=172063 AND `ExtendedCost`=0 AND `type`=1) OR (`entry`=174292 AND `item`=172062 AND `ExtendedCost`=0 AND `type`=1) OR (`entry`=174292 AND `item`=172061 AND `ExtendedCost`=0 AND `type`=1) OR (`entry`=174292 AND `item`=172051 AND `ExtendedCost`=0 AND `type`=1) OR (`entry`=174292 AND `item`=172069 AND `ExtendedCost`=0 AND `type`=1) OR (`entry`=174292 AND `item`=172049 AND `ExtendedCost`=0 AND `type`=1) OR (`entry`=174292 AND `item`=172047 AND `ExtendedCost`=0 AND `type`=1) OR (`entry`=174292 AND `item`=172045 AND `ExtendedCost`=0 AND `type`=1) OR (`entry`=174292 AND `item`=172041 AND `ExtendedCost`=0 AND `type`=1) OR (`entry`=174292 AND `item`=172043 AND `ExtendedCost`=0 AND `type`=1) OR (`entry`=174292 AND `item`=171439 AND `ExtendedCost`=0 AND `type`=1) OR (`entry`=174292 AND `item`=171437 AND `ExtendedCost`=0 AND `type`=1) OR (`entry`=174292 AND `item`=171441 AND `ExtendedCost`=0 AND `type`=1) OR (`entry`=174292 AND `item`=171286 AND `ExtendedCost`=0 AND `type`=1) OR (`entry`=174292 AND `item`=171285 AND `ExtendedCost`=0 AND `type`=1) OR (`entry`=174292 AND `item`=171264 AND `ExtendedCost`=0 AND `type`=1) OR (`entry`=174292 AND `item`=171370 AND `ExtendedCost`=0 AND `type`=1) OR (`entry`=174292 AND `item`=171266 AND `ExtendedCost`=0 AND `type`=1) OR (`entry`=174292 AND `item`=171263 AND `ExtendedCost`=0 AND `type`=1) OR (`entry`=174292 AND `item`=171269 AND `ExtendedCost`=0 AND `type`=1) OR (`entry`=174292 AND `item`=171268 AND `ExtendedCost`=0 AND `type`=1) OR (`entry`=174292 AND `item`=171267 AND `ExtendedCost`=0 AND `type`=1) OR (`entry`=174292 AND `item`=171351 AND `ExtendedCost`=0 AND `type`=1) OR (`entry`=174292 AND `item`=176811 AND `ExtendedCost`=0 AND `type`=1) OR (`entry`=174292 AND `item`=171273 AND `ExtendedCost`=0 AND `type`=1) OR (`entry`=174292 AND `item`=171272 AND `ExtendedCost`=0 AND `type`=1) OR (`entry`=174292 AND `item`=171350 AND `ExtendedCost`=0 AND `type`=1) OR (`entry`=174292 AND `item`=171349 AND `ExtendedCost`=0 AND `type`=1) OR (`entry`=174292 AND `item`=171271 AND `ExtendedCost`=0 AND `type`=1) OR (`entry`=174292 AND `item`=171352 AND `ExtendedCost`=0 AND `type`=1) OR (`entry`=174292 AND `item`=171275 AND `ExtendedCost`=0 AND `type`=1) OR (`entry`=174292 AND `item`=171274 AND `ExtendedCost`=0 AND `type`=1) OR (`entry`=174292 AND `item`=171270 AND `ExtendedCost`=0 AND `type`=1) OR (`entry`=174292 AND `item`=184090 AND `ExtendedCost`=0 AND `type`=1) OR (`entry`=174292 AND `item`=171278 AND `ExtendedCost`=0 AND `type`=1) OR (`entry`=174292 AND `item`=171276 AND `ExtendedCost`=0 AND `type`=1) OR (`entry`=174292 AND `item`=171301 AND `ExtendedCost`=0 AND `type`=1) OR (`entry`=170260 AND `item`=173242 AND `ExtendedCost`=0 AND `type`=1) OR (`entry`=170260 AND `item`=172321 AND `ExtendedCost`=0 AND `type`=1) OR (`entry`=170260 AND `item`=172320 AND `ExtendedCost`=0 AND `type`=1) OR (`entry`=170260 AND `item`=172319 AND `ExtendedCost`=0 AND `type`=1) OR (`entry`=170260 AND `item`=172318 AND `ExtendedCost`=0 AND `type`=1) OR (`entry`=170260 AND `item`=172317 AND `ExtendedCost`=0 AND `type`=1) OR (`entry`=170260 AND `item`=172316 AND `ExtendedCost`=0 AND `type`=1) OR (`entry`=170260 AND `item`=172315 AND `ExtendedCost`=0 AND `type`=1) OR (`entry`=170260 AND `item`=172314 AND `ExtendedCost`=0 AND `type`=1) OR (`entry`=170260 AND `item`=178927 AND `ExtendedCost`=0 AND `type`=1) OR (`entry`=170260 AND `item`=178926 AND `ExtendedCost`=0 AND `type`=1) OR (`entry`=170260 AND `item`=173163 AND `ExtendedCost`=0 AND `type`=1) OR (`entry`=170260 AND `item`=173162 AND `ExtendedCost`=0 AND `type`=1) OR (`entry`=170260 AND `item`=173160 AND `ExtendedCost`=0 AND `type`=1) OR (`entry`=170260 AND `item`=173161 AND `ExtendedCost`=0 AND `type`=1) OR (`entry`=170260 AND `item`=180278 AND `ExtendedCost`=0 AND `type`=1) OR (`entry`=170260 AND `item`=181739 AND `ExtendedCost`=0 AND `type`=1);
INSERT INTO `npc_vendor` (`entry`, `slot`, `item`, `maxcount`, `ExtendedCost`, `type`, `PlayerConditionID`, `IgnoreFiltering`, `VerifiedBuild`) VALUES
(173370, 17, 182123, 1, 0, 1, 0, 0, 37623), -- 182123
(173370, 15, 144410, 0, 0, 1, 0, 0, 37623), -- 144410
(173370, 14, 144411, 0, 0, 1, 0, 0, 37623), -- 144411
(173370, 11, 163158, 2, 0, 1, 0, 0, 37623), -- 163158
(173370, 10, 163548, 1, 0, 1, 0, 0, 37623), -- 163548
(173370, 9, 163643, 1, 0, 1, 0, 0, 37623), -- 163643
(173370, 8, 169661, 0, 0, 1, 0, 0, 37623), -- 169661
(173370, 7, 178219, 0, 0, 1, 0, 0, 37623), -- 178219
(173370, 6, 178221, 1, 0, 1, 0, 0, 37623), -- 178221
(173370, 5, 179278, 0, 0, 1, 0, 0, 37623), -- 179278
(173370, 4, 179307, 1, 0, 1, 0, 0, 37623), -- 179307
(173370, 3, 180409, 2, 0, 1, 0, 0, 37623), -- 180409
(173370, 2, 180411, 0, 0, 1, 0, 0, 37623), -- 180411
(173369, 525, 39489, 0, 0, 1, 0, 0, 37623), -- 39489
(173369, 524, 39505, 0, 0, 1, 0, 0, 37623), -- 39505
(173369, 523, 183953, 0, 0, 1, 0, 0, 37623), -- 183953
(173369, 522, 175886, 0, 0, 1, 0, 0, 37623), -- 175886
(173369, 521, 180732, 0, 0, 1, 0, 0, 37623), -- 180732
(173369, 520, 173060, 0, 0, 1, 0, 0, 37623), -- 173060
(173369, 519, 177061, 5, 0, 1, 0, 0, 37623), -- 177061
(173369, 518, 178787, 0, 0, 1, 0, 0, 37623), -- 178787
(173369, 517, 183955, 0, 0, 1, 0, 0, 37623), -- 183955
(173369, 516, 177062, 0, 0, 1, 0, 0, 37623), -- 177062
(173369, 7, 2901, 0, 0, 1, 0, 0, 37623), -- 2901
(173369, 6, 5956, 0, 0, 1, 0, 0, 37623), -- 5956
(173369, 5, 3857, 0, 0, 1, 0, 0, 37623), -- 3857
(173369, 4, 2880, 0, 0, 1, 0, 0, 37623), -- 2880
(173369, 3, 3466, 0, 0, 1, 0, 0, 37623), -- 3466
(173369, 2, 18567, 0, 0, 1, 0, 0, 37623), -- 18567
(173369, 1, 180733, 0, 0, 1, 0, 0, 37623), -- 180733
(168011, 181, 182624, 0, 6910, 1, 0, 0, 37623), -- 182624
(168011, 180, 181712, 0, 6910, 1, 0, 0, 37623), -- 181712
(168011, 179, 180935, 0, 6910, 1, 0, 0, 37623), -- 180935
(168011, 178, 180842, 0, 6910, 1, 0, 0, 37623), -- 180842
(168011, 177, 182769, 0, 6910, 1, 0, 0, 37623), -- 182769
(168011, 176, 182748, 0, 6910, 1, 0, 0, 37623), -- 182748
(168011, 175, 182449, 0, 6910, 1, 0, 0, 37623), -- 182449
(168011, 174, 182743, 0, 6910, 1, 0, 0, 37623), -- 182743
(168011, 173, 182142, 0, 6910, 1, 0, 0, 37623), -- 182142
(168011, 172, 182137, 0, 6910, 1, 0, 0, 37623), -- 182137
(168011, 171, 182128, 0, 6910, 1, 0, 0, 37623), -- 182128
(168011, 170, 182109, 0, 6910, 1, 0, 0, 37623), -- 182109
(168011, 169, 183514, 0, 6910, 1, 0, 0, 37623), -- 183514
(168011, 168, 183507, 0, 6910, 1, 0, 0, 37623), -- 183507
(168011, 167, 183506, 0, 6910, 1, 0, 0, 37623), -- 183506
(168011, 166, 183501, 0, 6910, 1, 0, 0, 37623), -- 183501
(168011, 165, 182140, 0, 6910, 1, 0, 0, 37623), -- 182140
(168011, 164, 181944, 0, 6910, 1, 0, 0, 37623), -- 181944
(168011, 163, 181844, 0, 6910, 1, 0, 0, 37623), -- 181844
(168011, 162, 181837, 0, 6910, 1, 0, 0, 37623), -- 181837
(168011, 161, 182465, 0, 6910, 1, 0, 0, 37623), -- 182465
(168011, 160, 182681, 0, 6910, 1, 0, 0, 37623), -- 182681
(168011, 159, 182667, 0, 6910, 1, 0, 0, 37623), -- 182667
(168011, 158, 182461, 0, 6910, 1, 0, 0, 37623), -- 182461
(168011, 157, 181462, 0, 6910, 1, 0, 0, 37623), -- 181462
(168011, 156, 181737, 0, 6910, 1, 0, 0, 37623), -- 181737
(168011, 155, 181700, 0, 6910, 1, 0, 0, 37623), -- 181700
(168011, 154, 181373, 0, 6910, 1, 0, 0, 37623), -- 181373
(168011, 153, 181461, 0, 6910, 1, 0, 0, 37623), -- 181461
(168011, 152, 183197, 0, 6910, 1, 0, 0, 37623), -- 183197
(168011, 151, 181511, 0, 6910, 1, 0, 0, 37623), -- 181511
(168011, 150, 181498, 0, 6910, 1, 0, 0, 37623), -- 181498
(168011, 149, 183184, 0, 6910, 1, 0, 0, 37623), -- 183184
(168011, 148, 182686, 0, 6910, 1, 0, 0, 37623), -- 182686
(168011, 147, 182621, 0, 6910, 1, 0, 0, 37623), -- 182621
(168011, 146, 182480, 0, 6910, 1, 0, 0, 37623), -- 182480
(168011, 145, 183491, 0, 6910, 1, 0, 0, 37623), -- 183491
(168011, 144, 183485, 0, 6910, 1, 0, 0, 37623), -- 183485
(168011, 143, 183480, 0, 6910, 1, 0, 0, 37623), -- 183480
(168011, 142, 183478, 0, 6910, 1, 0, 0, 37623), -- 183478
(168011, 141, 183470, 0, 6910, 1, 0, 0, 37623), -- 183470
(168011, 140, 182344, 0, 6910, 1, 0, 0, 37623), -- 182344
(168011, 139, 182598, 0, 6910, 1, 0, 0, 37623), -- 182598
(168011, 138, 182368, 0, 6910, 1, 0, 0, 37623), -- 182368
(168011, 137, 182325, 0, 6910, 1, 0, 0, 37623), -- 182325
(168011, 136, 181980, 0, 6910, 1, 0, 0, 37623), -- 181980
(168011, 135, 181848, 0, 6910, 1, 0, 0, 37623), -- 181848
(168011, 134, 182187, 0, 6910, 1, 0, 0, 37623), -- 182187
(168011, 133, 181836, 0, 6910, 1, 0, 0, 37623), -- 181836
(168011, 132, 178448, 0, 6717, 1, 0, 0, 37623), -- 178448
(168011, 131, 178387, 0, 6717, 1, 0, 0, 37623), -- 178387
(168011, 130, 175922, 0, 6717, 1, 0, 0, 37623), -- 175922
(168011, 129, 178442, 0, 6717, 1, 0, 0, 37623), -- 178442
(168011, 128, 178381, 0, 6717, 1, 0, 0, 37623), -- 178381
(168011, 127, 175916, 0, 6717, 1, 0, 0, 37623), -- 175916
(168011, 126, 184311, 0, 6717, 1, 0, 0, 37623), -- 184311
(168011, 125, 178414, 0, 6717, 1, 0, 0, 37623), -- 178414
(168011, 124, 178353, 0, 6717, 1, 0, 0, 37623), -- 178353
(168011, 123, 175888, 0, 6717, 1, 0, 0, 37623), -- 175888
(168011, 122, 178383, 0, 6717, 1, 0, 0, 37623), -- 178383
(168011, 121, 175918, 0, 6717, 1, 0, 0, 37623), -- 175918
(168011, 120, 178384, 0, 6717, 1, 0, 0, 37623), -- 178384
(168011, 119, 175919, 0, 6717, 1, 0, 0, 37623), -- 175919
(168011, 118, 178385, 0, 6717, 1, 0, 0, 37623), -- 178385
(168011, 117, 175920, 0, 6717, 1, 0, 0, 37623), -- 175920
(168011, 116, 178382, 0, 6717, 1, 0, 0, 37623), -- 178382
(168011, 115, 175917, 0, 6717, 1, 0, 0, 37623), -- 175917
(168011, 114, 178447, 0, 6718, 1, 0, 0, 37623), -- 178447
(168011, 113, 178386, 0, 6718, 1, 0, 0, 37623), -- 178386
(168011, 112, 175921, 0, 6718, 1, 0, 0, 37623), -- 175921
(168011, 111, 181816, 0, 6717, 1, 0, 0, 37623), -- 181816
(168011, 110, 181335, 0, 6717, 1, 0, 0, 37623), -- 181335
(168011, 109, 181333, 0, 6717, 1, 0, 0, 37623), -- 181333
(168011, 108, 178377, 0, 6718, 1, 0, 0, 37623), -- 178377
(168011, 107, 175912, 0, 6718, 1, 0, 0, 37623), -- 175912
(168011, 106, 178374, 0, 6718, 1, 0, 0, 37623), -- 178374
(168011, 105, 175909, 0, 6718, 1, 0, 0, 37623), -- 175909
(168011, 104, 178363, 0, 6718, 1, 0, 0, 37623), -- 178363
(168011, 103, 175898, 0, 6718, 1, 0, 0, 37623), -- 175898
(168011, 102, 178358, 0, 6718, 1, 0, 0, 37623), -- 178358
(168011, 101, 175893, 0, 6718, 1, 0, 0, 37623), -- 175893
(168011, 100, 178379, 0, 6718, 1, 0, 0, 37623), -- 178379
(168011, 99, 175914, 0, 6718, 1, 0, 0, 37623), -- 175914
(168011, 98, 178376, 0, 6718, 1, 0, 0, 37623), -- 178376
(168011, 97, 175911, 0, 6718, 1, 0, 0, 37623), -- 175911
(168011, 96, 178365, 0, 6718, 1, 0, 0, 37623), -- 178365
(168011, 95, 175900, 0, 6718, 1, 0, 0, 37623), -- 175900
(168011, 94, 178360, 0, 6718, 1, 0, 0, 37623), -- 178360
(168011, 93, 175895, 0, 6718, 1, 0, 0, 37623), -- 175895
(168011, 92, 178380, 0, 6718, 1, 0, 0, 37623), -- 178380
(168011, 91, 175915, 0, 6718, 1, 0, 0, 37623), -- 175915
(168011, 90, 178373, 0, 6718, 1, 0, 0, 37623), -- 178373
(168011, 89, 175908, 0, 6718, 1, 0, 0, 37623), -- 175908
(168011, 88, 178362, 0, 6718, 1, 0, 0, 37623), -- 178362
(168011, 87, 175897, 0, 6718, 1, 0, 0, 37623), -- 175897
(168011, 86, 178361, 0, 6718, 1, 0, 0, 37623), -- 178361
(168011, 85, 175896, 0, 6718, 1, 0, 0, 37623), -- 175896
(168011, 84, 178378, 0, 6718, 1, 0, 0, 37623), -- 178378
(168011, 83, 175913, 0, 6718, 1, 0, 0, 37623), -- 175913
(168011, 82, 178375, 0, 6718, 1, 0, 0, 37623), -- 178375
(168011, 81, 175910, 0, 6718, 1, 0, 0, 37623), -- 175910
(168011, 80, 178364, 0, 6718, 1, 0, 0, 37623), -- 178364
(168011, 79, 175899, 0, 6718, 1, 0, 0, 37623), -- 175899
(168011, 78, 178359, 0, 6718, 1, 0, 0, 37623), -- 178359
(168011, 77, 175894, 0, 6718, 1, 0, 0, 37623), -- 175894
(168011, 76, 178369, 0, 6719, 1, 0, 0, 37623), -- 178369
(168011, 75, 175904, 0, 6719, 1, 0, 0, 37623), -- 175904
(168011, 74, 178352, 0, 6719, 1, 0, 0, 37623), -- 178352
(168011, 73, 175887, 0, 6719, 1, 0, 0, 37623), -- 175887
(168011, 72, 178355, 0, 6719, 1, 0, 0, 37623), -- 178355
(168011, 71, 175890, 0, 6719, 1, 0, 0, 37623), -- 175890
(168011, 70, 178371, 0, 6719, 1, 0, 0, 37623), -- 178371
(168011, 69, 175906, 0, 6719, 1, 0, 0, 37623), -- 175906
(168011, 68, 178367, 0, 6719, 1, 0, 0, 37623), -- 178367
(168011, 67, 175902, 0, 6719, 1, 0, 0, 37623), -- 175902
(168011, 66, 178356, 0, 6719, 1, 0, 0, 37623), -- 178356
(168011, 65, 175891, 0, 6719, 1, 0, 0, 37623), -- 175891
(168011, 64, 178372, 0, 6719, 1, 0, 0, 37623), -- 178372
(168011, 63, 175907, 0, 6719, 1, 0, 0, 37623), -- 175907
(168011, 62, 178368, 0, 6719, 1, 0, 0, 37623), -- 178368
(168011, 61, 175903, 0, 6719, 1, 0, 0, 37623), -- 175903
(168011, 60, 178357, 0, 6719, 1, 0, 0, 37623), -- 178357
(168011, 59, 175892, 0, 6719, 1, 0, 0, 37623), -- 175892
(168011, 58, 178370, 0, 6719, 1, 0, 0, 37623), -- 178370
(168011, 57, 175905, 0, 6719, 1, 0, 0, 37623), -- 175905
(168011, 56, 178366, 0, 6719, 1, 0, 0, 37623), -- 178366
(168011, 55, 175901, 0, 6719, 1, 0, 0, 37623), -- 175901
(168011, 54, 178354, 0, 6719, 1, 0, 0, 37623), -- 178354
(168011, 53, 175889, 0, 6719, 1, 0, 0, 37623), -- 175889
(164095, 78, 183301, 0, 6912, 1, 85800, 0, 37623), -- 183301
(164095, 77, 183285, 0, 6912, 1, 85785, 0, 37623), -- 183285
(164095, 76, 183378, 0, 6912, 1, 85139, 0, 37623), -- 183378
(164095, 75, 183211, 0, 6912, 1, 85716, 0, 37623), -- 183211
(164095, 74, 183222, 0, 6912, 1, 85129, 0, 37623), -- 183222
(164095, 73, 183368, 0, 6912, 1, 85863, 0, 37623), -- 183368
(164095, 72, 183246, 0, 6912, 1, 85749, 0, 37623), -- 183246
(164095, 71, 183331, 0, 6912, 1, 85828, 0, 37623), -- 183331
(164095, 70, 183347, 0, 6912, 1, 85843, 0, 37623), -- 183347
(164095, 69, 182625, 0, 6912, 1, 85701, 0, 37623), -- 182625
(164095, 68, 183252, 0, 6912, 1, 85754, 0, 37623), -- 183252
(164095, 67, 183317, 0, 6912, 1, 85815, 0, 37623), -- 183317
(164095, 66, 183268, 0, 6912, 1, 85769, 0, 37623), -- 183268
(164095, 65, 178335, 0, 6774, 1, 0, 0, 37623), -- 178335
(164095, 64, 178299, 0, 6774, 1, 0, 0, 37623), -- 178299
(164095, 63, 175885, 0, 6774, 1, 0, 0, 37623), -- 175885
(164095, 62, 178329, 0, 6774, 1, 0, 0, 37623), -- 178329
(164095, 61, 178293, 0, 6774, 1, 0, 0, 37623), -- 178293
(164095, 60, 175879, 0, 6774, 1, 0, 0, 37623), -- 175879
(164095, 59, 178301, 0, 6774, 1, 0, 0, 37623), -- 178301
(164095, 58, 178265, 0, 6774, 1, 0, 0, 37623), -- 178265
(164095, 57, 175851, 0, 6774, 1, 0, 0, 37623), -- 175851
(164095, 56, 175881, 0, 6774, 1, 0, 0, 37623), -- 175881
(164095, 55, 175882, 0, 6774, 1, 0, 0, 37623), -- 175882
(164095, 54, 175883, 0, 6774, 1, 0, 0, 37623), -- 175883
(164095, 53, 175880, 0, 6774, 1, 0, 0, 37623), -- 175880
(164095, 52, 175875, 0, 6775, 1, 0, 0, 37623), -- 175875
(164095, 51, 175872, 0, 6775, 1, 0, 0, 37623), -- 175872
(164095, 50, 175861, 0, 6775, 1, 0, 0, 37623), -- 175861
(164095, 49, 175856, 0, 6775, 1, 0, 0, 37623), -- 175856
(164095, 48, 175877, 0, 6775, 1, 0, 0, 37623), -- 175877
(164095, 47, 175874, 0, 6775, 1, 0, 0, 37623), -- 175874
(164095, 46, 175863, 0, 6775, 1, 0, 0, 37623), -- 175863
(164095, 45, 175858, 0, 6775, 1, 0, 0, 37623), -- 175858
(164095, 44, 175878, 0, 6775, 1, 0, 0, 37623), -- 175878
(164095, 43, 175871, 0, 6775, 1, 0, 0, 37623), -- 175871
(164095, 42, 175860, 0, 6775, 1, 0, 0, 37623), -- 175860
(164095, 41, 175859, 0, 6775, 1, 0, 0, 37623), -- 175859
(164095, 40, 175876, 0, 6775, 1, 0, 0, 37623), -- 175876
(164095, 39, 175873, 0, 6775, 1, 0, 0, 37623), -- 175873
(164095, 38, 175862, 0, 6775, 1, 0, 0, 37623), -- 175862
(164095, 37, 175857, 0, 6775, 1, 0, 0, 37623), -- 175857
(164095, 36, 178334, 0, 6775, 1, 0, 0, 37623), -- 178334
(164095, 35, 178298, 0, 6775, 1, 0, 0, 37623), -- 178298
(164095, 34, 175884, 0, 6775, 1, 0, 0, 37623), -- 175884
(164095, 33, 175867, 0, 6776, 1, 0, 0, 37623), -- 175867
(164095, 32, 175850, 0, 6776, 1, 0, 0, 37623), -- 175850
(164095, 31, 175853, 0, 6776, 1, 0, 0, 37623), -- 175853
(164095, 30, 175869, 0, 6776, 1, 0, 0, 37623), -- 175869
(164095, 29, 175865, 0, 6776, 1, 0, 0, 37623), -- 175865
(164095, 28, 175854, 0, 6776, 1, 0, 0, 37623), -- 175854
(164095, 27, 175870, 0, 6776, 1, 0, 0, 37623), -- 175870
(164095, 26, 175866, 0, 6776, 1, 0, 0, 37623), -- 175866
(164095, 25, 175855, 0, 6776, 1, 0, 0, 37623), -- 175855
(164095, 24, 175868, 0, 6776, 1, 0, 0, 37623), -- 175868
(164095, 23, 175864, 0, 6776, 1, 0, 0, 37623), -- 175864
(164095, 22, 175852, 0, 6776, 1, 0, 0, 37623), -- 175852
(164095, 21, 178478, 0, 6882, 1, 0, 0, 37623), -- 178478
(164095, 20, 178490, 0, 6882, 1, 0, 0, 37623), -- 178490
(164095, 19, 178468, 0, 6881, 1, 0, 0, 37623), -- 178468
(164095, 18, 178663, 0, 6881, 1, 0, 0, 37623), -- 178663
(164095, 17, 178470, 0, 6881, 1, 0, 0, 37623), -- 178470
(164095, 16, 178471, 0, 6881, 1, 0, 0, 37623), -- 178471
(164095, 15, 183433, 0, 6881, 1, 0, 0, 37623), -- 183433
(164095, 14, 178474, 0, 6881, 1, 0, 0, 37623), -- 178474
(164095, 13, 178670, 0, 6881, 1, 0, 0, 37623), -- 178670
(164095, 12, 178479, 0, 6881, 1, 0, 0, 37623), -- 178479
(164095, 11, 183435, 0, 6993, 1, 0, 0, 37623), -- 183435
(164095, 10, 178481, 0, 6993, 1, 0, 0, 37623), -- 178481
(164095, 9, 178475, 0, 6777, 1, 0, 0, 37623), -- 178475
(164095, 8, 178664, 0, 6777, 1, 0, 0, 37623), -- 178664
(164095, 7, 178472, 0, 6777, 1, 0, 0, 37623), -- 178472
(164095, 6, 178668, 0, 6777, 1, 0, 0, 37623), -- 178668
(164095, 5, 178473, 0, 6777, 1, 0, 0, 37623), -- 178473
(164095, 4, 178476, 0, 6777, 1, 0, 0, 37623), -- 178476
(164095, 3, 184054, 0, 6774, 1, 0, 0, 37623), -- 184054
(164095, 2, 184053, 0, 6774, 1, 0, 0, 37623), -- 184053
(164095, 1, 184052, 0, 6774, 1, 0, 0, 37623), -- 184052
(156692, 300, 2901, 0, 0, 1, 0, 0, 37623), -- 2901
(156692, 299, 5956, 0, 0, 1, 0, 0, 37623), -- 5956
(156692, 298, 6219, 0, 0, 1, 0, 0, 37623), -- 6219
(156692, 297, 177061, 3, 0, 1, 0, 0, 37623), -- 177061
(156692, 296, 183952, 0, 0, 1, 0, 0, 37623), -- 183952
(156692, 295, 180733, 0, 0, 1, 0, 0, 37623), -- 180733
(156733, 4, 178787, 0, 0, 1, 0, 0, 37623), -- 178787
(156733, 3, 20815, 0, 0, 1, 0, 0, 37623), -- 20815
(156733, 2, 183954, 0, 0, 1, 0, 0, 37623), -- 183954
(156733, 1, 173168, 0, 0, 1, 0, 0, 37623), -- 173168
(156689, 3, 183950, 0, 0, 1, 0, 0, 37623), -- 183950
(156689, 2, 3371, 0, 0, 1, 0, 0, 37623), -- 3371
(156689, 1, 180732, 0, 0, 1, 0, 0, 37623); -- 180732

INSERT INTO `npc_vendor` (`entry`, `slot`, `item`, `maxcount`, `ExtendedCost`, `type`, `PlayerConditionID`, `IgnoreFiltering`, `VerifiedBuild`) VALUES
(156732, 357, 177061, 4, 0, 1, 0, 0, 37623), -- 177061
(156732, 356, 39489, 0, 0, 1, 0, 0, 37623), -- 39489
(156732, 355, 39505, 0, 0, 1, 0, 0, 37623), -- 39505
(156732, 354, 183953, 0, 0, 1, 0, 0, 37623), -- 183953
(156732, 353, 175886, 0, 0, 1, 0, 0, 37623), -- 175886
(156732, 352, 180732, 0, 0, 1, 0, 0, 37623), -- 180732
(156732, 351, 173060, 0, 0, 1, 0, 0, 37623), -- 173060
(164736, 21, 43118, 0, 2582, 1, 0, 0, 37623), -- 43118
(164736, 20, 43122, 0, 2582, 1, 0, 0, 37623), -- 43122
(164736, 19, 43120, 0, 2582, 1, 0, 0, 37623), -- 43120
(164736, 18, 39774, 0, 2582, 1, 0, 0, 37623), -- 39774
(164736, 17, 43116, 0, 2582, 1, 0, 0, 37623), -- 43116
(164736, 16, 39469, 0, 2582, 1, 0, 0, 37623), -- 39469
(164736, 15, 43125, 0, 2583, 1, 0, 0, 37623), -- 43125
(164736, 14, 43124, 0, 2582, 1, 0, 0, 37623), -- 43124
(164736, 13, 43127, 0, 2583, 1, 0, 0, 37623), -- 43127
(164736, 12, 43126, 0, 2582, 1, 0, 0, 37623), -- 43126
(164736, 11, 61978, 0, 2582, 1, 0, 0, 37623), -- 61978
(164736, 10, 61981, 0, 2583, 1, 0, 0, 37623), -- 61981
(164736, 9, 79255, 0, 2583, 1, 0, 0, 37623), -- 79255
(164736, 8, 79254, 0, 2582, 1, 0, 0, 37623), -- 79254
(164736, 7, 113111, 0, 2582, 1, 0, 0, 37623), -- 113111
(164736, 6, 129034, 0, 2582, 1, 0, 0, 37623), -- 129034
(164736, 5, 129032, 0, 2582, 1, 0, 0, 37623), -- 129032
(164736, 4, 168663, 0, 2582, 1, 0, 0, 37623), -- 168663
(164736, 3, 158189, 0, 2583, 1, 0, 0, 37623), -- 158189
(164736, 2, 158188, 0, 2582, 1, 0, 0, 37623), -- 158188
(164736, 1, 158187, 0, 2582, 1, 0, 0, 37623), -- 158187
(156777, 11, 6530, 0, 0, 1, 0, 0, 37623), -- 6530
(156777, 10, 6256, 0, 0, 1, 0, 0, 37623), -- 6256
(156777, 9, 6217, 0, 0, 1, 0, 0, 37623), -- 6217
(156777, 8, 39505, 0, 0, 1, 0, 0, 37623), -- 39505
(156777, 7, 20815, 0, 0, 1, 0, 0, 37623), -- 20815
(156777, 6, 5956, 0, 0, 1, 0, 0, 37623), -- 5956
(156777, 5, 7005, 0, 0, 1, 0, 0, 37623), -- 7005
(156777, 4, 85663, 0, 0, 1, 0, 0, 37623), -- 85663
(156777, 3, 2901, 0, 0, 1, 0, 0, 37623), -- 2901
(156777, 2, 178787, 0, 0, 1, 0, 0, 37623), -- 178787
(156777, 1, 180733, 0, 0, 1, 0, 0, 37623), -- 180733
(156696, 208, 177061, 4, 0, 1, 0, 0, 37623), -- 177061
(156696, 207, 178787, 0, 0, 1, 0, 0, 37623), -- 178787
(156696, 206, 183955, 0, 0, 1, 0, 0, 37623), -- 183955
(156696, 205, 177062, 0, 0, 1, 0, 0, 37623), -- 177062
(156690, 9, 180136, 0, 0, 1, 0, 0, 37623), -- 180136
(156690, 8, 6256, 0, 0, 1, 0, 0, 37623), -- 6256
(156690, 7, 6530, 0, 0, 1, 0, 0, 37623), -- 6530
(156690, 6, 173043, 0, 0, 1, 0, 0, 37623), -- 173043
(156690, 5, 173042, 0, 0, 1, 0, 0, 37623), -- 173042
(156690, 4, 173039, 0, 0, 1, 0, 0, 37623), -- 173039
(156690, 3, 173041, 0, 0, 1, 0, 0, 37623), -- 173041
(156690, 2, 173040, 0, 0, 1, 0, 0, 37623), -- 173040
(156690, 1, 173038, 0, 0, 1, 0, 0, 37623), -- 173038
(168353, 8, 2678, 0, 0, 1, 0, 0, 37623), -- 2678
(168353, 7, 30817, 0, 0, 1, 0, 0, 37623), -- 30817
(168353, 6, 159, 0, 0, 1, 0, 0, 37623), -- 159
(168353, 5, 178786, 0, 0, 1, 0, 0, 37623), -- 178786
(168353, 4, 172059, 0, 0, 1, 0, 0, 37623), -- 172059
(168353, 3, 172058, 0, 0, 1, 0, 0, 37623), -- 172058
(168353, 2, 172057, 0, 0, 1, 0, 0, 37623), -- 172057
(168353, 1, 172056, 0, 0, 1, 0, 0, 37623), -- 172056
(156694, 364, 11291, 0, 0, 1, 0, 0, 37623), -- 11291
(156694, 363, 4470, 0, 0, 1, 0, 0, 37623), -- 4470
(156694, 362, 10938, 2, 0, 1, 0, 0, 37623), -- 10938
(156694, 361, 10940, 4, 0, 1, 0, 0, 37623), -- 10940
(156694, 360, 6217, 0, 0, 1, 0, 0, 37623), -- 6217
(156694, 359, 38682, 0, 0, 1, 0, 0, 37623), -- 38682
(156694, 358, 183951, 0, 0, 1, 0, 0, 37623), -- 183951
(156688, 5, 177040, 0, 0, 1, 0, 0, 37623), -- 177040
(156688, 4, 174281, 0, 0, 1, 0, 0, 37623), -- 174281
(156688, 3, 178222, 0, 0, 1, 0, 0, 37623), -- 178222
(156688, 2, 173859, 0, 0, 1, 0, 0, 37623), -- 173859
(156688, 1, 174282, 0, 0, 1, 0, 0, 37623), -- 174282
(169524, 6, 180970, 0, 6814, 1, 0, 0, 37623), -- 180970
(169524, 5, 151609, 0, 0, 1, 0, 0, 37623), -- 151609
(169524, 2, 58090, 0, 0, 1, 0, 0, 37623), -- 58090
(169524, 1, 116925, 1, 0, 1, 0, 0, 37623), -- 116925
(156663, 14, 151116, 0, 6211, 1, 50225, 0, 37623), -- 151116
(156663, 13, 151120, 0, 6188, 1, 9206, 0, 37623), -- 151120
(156663, 12, 151119, 0, 6188, 1, 4617, 0, 37623), -- 151119
(156663, 11, 151118, 0, 6188, 1, 0, 0, 37623), -- 151118
(156663, 10, 151117, 0, 6188, 1, 4619, 0, 37623), -- 151117
(156663, 9, 157577, 0, 6188, 1, 9206, 0, 37623), -- 157577
(156663, 8, 157576, 0, 6188, 1, 4617, 0, 37623), -- 157576
(156663, 7, 157574, 0, 6188, 1, 0, 0, 37623), -- 157574
(156663, 6, 157573, 0, 6188, 1, 4619, 0, 37623), -- 157573
(156663, 5, 164378, 0, 6444, 1, 0, 0, 37623), -- 164378
(156663, 4, 168061, 0, 6188, 1, 9206, 0, 37623), -- 168061
(156663, 3, 168060, 0, 6188, 1, 4617, 0, 37623), -- 168060
(156663, 2, 168059, 0, 6188, 1, 0, 0, 37623), -- 168059
(156663, 1, 168058, 0, 6188, 1, 4619, 0, 37623), -- 168058
(156769, 5, 98715, 0, 6433, 1, 0, 0, 37623), -- 98715
(156769, 4, 122457, 0, 6439, 1, 0, 0, 37623), -- 122457
(156769, 3, 116429, 0, 6436, 1, 0, 0, 37623), -- 116429
(156769, 2, 120321, 0, 6437, 1, 0, 0, 37623), -- 120321
(156769, 1, 86143, 0, 6435, 1, 0, 0, 37623), -- 86143
(149740, 108, 175732, 0, 6977, 1, 0, 0, 37623), -- 175732
(149740, 107, 177657, 0, 6977, 1, 0, 0, 37623), -- 177657
(149740, 106, 175733, 0, 6977, 1, 0, 0, 37623), -- 175733
(149740, 105, 175731, 0, 6977, 1, 0, 0, 37623), -- 175731
(149740, 104, 175730, 0, 6977, 1, 0, 0, 37623), -- 175730
(149740, 103, 180827, 0, 6977, 1, 0, 0, 37623), -- 180827
(149740, 102, 175723, 0, 6977, 1, 0, 0, 37623), -- 175723
(149740, 101, 175725, 0, 6977, 1, 0, 0, 37623), -- 175725
(149740, 100, 175722, 0, 6977, 1, 0, 0, 37623), -- 175722
(149740, 99, 173349, 0, 6977, 1, 0, 0, 37623), -- 173349
(149740, 98, 175719, 0, 6977, 1, 0, 0, 37623), -- 175719
(149740, 97, 175718, 0, 6977, 1, 0, 0, 37623), -- 175718
(149740, 96, 183849, 0, 6977, 1, 0, 0, 37623), -- 183849
(149740, 95, 183850, 0, 6977, 1, 0, 0, 37623), -- 183850
(149740, 94, 175727, 0, 6977, 1, 0, 0, 37623), -- 175727
(149740, 93, 175726, 0, 6977, 1, 0, 0, 37623), -- 175726
(149740, 92, 183851, 0, 6977, 1, 0, 0, 37623), -- 183851
(149740, 91, 179927, 0, 6977, 1, 0, 0, 37623), -- 179927
(149740, 90, 184279, 0, 6977, 1, 0, 0, 37623), -- 184279
(149740, 89, 177813, 0, 6977, 1, 0, 0, 37623), -- 177813
(149740, 88, 182682, 0, 6977, 1, 0, 0, 37623), -- 182682
(149740, 87, 182455, 0, 6977, 1, 0, 0, 37623), -- 182455
(149740, 86, 182454, 0, 6977, 1, 0, 0, 37623), -- 182454
(149740, 85, 175729, 0, 6977, 1, 0, 0, 37623), -- 175729
(149740, 84, 182451, 0, 6977, 1, 0, 0, 37623), -- 182451
(149740, 83, 182453, 0, 6977, 1, 0, 0, 37623), -- 182453
(149740, 82, 182452, 0, 6977, 1, 0, 0, 37623), -- 182452
(149740, 81, 181358, 0, 6977, 1, 0, 0, 37623), -- 181358
(149740, 80, 181360, 0, 6977, 1, 0, 0, 37623), -- 181360
(149740, 76, 181357, 0, 6977, 1, 0, 0, 37623), -- 181357
(149740, 75, 181359, 0, 6977, 1, 0, 0, 37623), -- 181359
(149740, 74, 181334, 0, 6977, 1, 0, 0, 37623), -- 181334
(149740, 73, 181502, 0, 6977, 1, 0, 0, 37623), -- 181502
(149740, 72, 181501, 0, 6977, 1, 0, 0, 37623), -- 181501
(149740, 71, 181503, 0, 6977, 1, 0, 0, 37623), -- 181503
(149740, 70, 181507, 0, 6977, 1, 0, 0, 37623), -- 181507
(149740, 69, 175728, 0, 6977, 1, 0, 0, 37623), -- 175728
(149740, 68, 181457, 0, 6977, 1, 0, 0, 37623), -- 181457
(149740, 67, 181459, 0, 6977, 1, 0, 0, 37623), -- 181459
(149740, 66, 181458, 0, 6977, 1, 0, 0, 37623), -- 181458
(149740, 52, 178770, 0, 6977, 1, 0, 0, 37623), -- 178770
(149740, 51, 178715, 0, 6977, 1, 0, 0, 37623), -- 178715
(149740, 50, 178708, 0, 6977, 1, 0, 0, 37623), -- 178708
(149740, 49, 178811, 0, 6977, 1, 0, 0, 37623), -- 178811
(149740, 48, 178809, 0, 6977, 1, 0, 0, 37623), -- 178809
(149740, 47, 178808, 0, 6977, 1, 0, 0, 37623), -- 178808
(149740, 46, 178810, 0, 6977, 1, 0, 0, 37623), -- 178810
(149740, 45, 180119, 0, 6977, 1, 0, 0, 37623), -- 180119
(149740, 44, 180118, 0, 6977, 1, 0, 0, 37623), -- 180118
(149740, 43, 180117, 0, 6977, 1, 0, 0, 37623), -- 180117
(149740, 42, 180116, 0, 6977, 1, 0, 0, 37623), -- 180116
(149740, 41, 178862, 0, 6977, 1, 0, 0, 37623), -- 178862
(149740, 40, 178861, 0, 6977, 1, 0, 0, 37623), -- 178861
(149740, 39, 178850, 0, 6977, 1, 0, 0, 37623), -- 178850
(149740, 38, 178849, 0, 6977, 1, 0, 0, 37623), -- 178849
(149740, 37, 178769, 0, 6977, 1, 0, 0, 37623), -- 178769
(149740, 36, 178771, 0, 6977, 1, 0, 0, 37623), -- 178771
(149740, 35, 178783, 0, 6977, 1, 0, 0, 37623), -- 178783
(149740, 34, 178751, 0, 6977, 1, 0, 0, 37623), -- 178751
(149740, 33, 178772, 0, 6977, 1, 0, 0, 37623), -- 178772
(149740, 32, 178742, 0, 6977, 1, 0, 0, 37623), -- 178742
(149740, 31, 178826, 0, 6977, 1, 0, 0, 37623), -- 178826
(149740, 30, 178825, 0, 6977, 1, 0, 0, 37623), -- 178825
(149740, 29, 179356, 0, 6977, 1, 0, 0, 37623), -- 179356
(149740, 28, 179350, 0, 6977, 1, 0, 0, 37623), -- 179350
(149740, 27, 179342, 0, 6977, 1, 0, 0, 37623), -- 179342
(149740, 26, 179331, 0, 6977, 1, 0, 0, 37623), -- 179331
(149740, 25, 175943, 0, 6977, 1, 0, 0, 37623), -- 175943
(149740, 24, 171323, 0, 6977, 1, 0, 0, 37623), -- 171323
(149740, 23, 175941, 0, 6977, 1, 0, 0, 37623), -- 175941
(149740, 22, 175942, 0, 6977, 1, 0, 0, 37623), -- 175942
(149740, 21, 173096, 0, 6977, 1, 0, 0, 37623), -- 173096
(149740, 20, 173087, 0, 6977, 1, 0, 0, 37623), -- 173087
(149740, 19, 173078, 0, 6977, 1, 0, 0, 37623), -- 173078
(149740, 18, 173069, 0, 6977, 1, 0, 0, 37623), -- 173069
(149740, 17, 184031, 0, 6977, 1, 0, 0, 37623), -- 184031
(149740, 16, 184030, 0, 6977, 1, 0, 0, 37623), -- 184030
(149740, 15, 184028, 0, 6977, 1, 0, 0, 37623), -- 184028
(149740, 14, 184029, 0, 6977, 1, 0, 0, 37623), -- 184029
(149740, 13, 184027, 0, 6977, 1, 0, 0, 37623), -- 184027
(149740, 12, 184026, 0, 6977, 1, 0, 0, 37623), -- 184026
(149740, 11, 184025, 0, 6977, 1, 0, 0, 37623), -- 184025
(149740, 10, 184024, 0, 6977, 1, 0, 0, 37623), -- 184024
(149740, 9, 184023, 0, 6977, 1, 0, 0, 37623), -- 184023
(149740, 8, 184022, 0, 6977, 1, 0, 0, 37623), -- 184022
(149740, 7, 184021, 0, 6977, 1, 0, 0, 37623), -- 184021
(149740, 6, 184018, 0, 6977, 1, 0, 0, 37623), -- 184018
(149740, 5, 184019, 0, 6977, 1, 0, 0, 37623), -- 184019
(149740, 4, 184020, 0, 6977, 1, 0, 0, 37623), -- 184020
(149740, 3, 184017, 0, 6977, 1, 0, 0, 37623), -- 184017
(149740, 2, 184016, 0, 6977, 1, 0, 0, 37623), -- 184016
(149740, 1, 141482, 0, 6980, 1, 0, 0, 37623), -- 141482
(174292, 97, 173163, 0, 0, 1, 0, 0, 37623), -- 173163
(174292, 96, 173162, 0, 0, 1, 0, 0, 37623), -- 173162
(174292, 95, 173160, 0, 0, 1, 0, 0, 37623), -- 173160
(174292, 94, 173161, 0, 0, 1, 0, 0, 37623), -- 173161
(174292, 93, 173382, 0, 0, 1, 0, 0, 37623), -- 173382
(174292, 92, 173381, 0, 0, 1, 0, 0, 37623), -- 173381
(174292, 91, 183942, 0, 0, 1, 0, 0, 37623), -- 183942
(174292, 90, 177946, 0, 0, 1, 0, 0, 37623), -- 177946
(174292, 89, 172233, 0, 0, 1, 0, 0, 37623), -- 172233
(174292, 88, 172347, 0, 0, 1, 0, 0, 37623), -- 172347
(174292, 87, 173125, 0, 0, 1, 0, 0, 37623), -- 173125
(174292, 86, 173126, 0, 0, 1, 0, 0, 37623), -- 173126
(174292, 85, 173128, 0, 0, 1, 0, 0, 37623), -- 173128
(174292, 84, 173130, 0, 0, 1, 0, 0, 37623), -- 173130
(174292, 83, 173127, 0, 0, 1, 0, 0, 37623), -- 173127
(174292, 82, 173129, 0, 0, 1, 0, 0, 37623), -- 173129
(174292, 81, 173067, 0, 0, 1, 0, 0, 37623), -- 173067
(174292, 80, 173065, 0, 0, 1, 0, 0, 37623), -- 173065
(174292, 79, 173062, 0, 0, 1, 0, 0, 37623), -- 173062
(174292, 78, 175924, 0, 0, 1, 0, 0, 37623), -- 175924
(174292, 77, 173051, 0, 0, 1, 0, 0, 37623), -- 173051
(174292, 76, 173053, 0, 0, 1, 0, 0, 37623), -- 173053
(174292, 75, 173049, 0, 0, 1, 0, 0, 37623), -- 173049
(174292, 74, 173048, 0, 0, 1, 0, 0, 37623), -- 173048
(174292, 73, 172921, 0, 0, 1, 0, 0, 37623), -- 172921
(174292, 72, 172920, 0, 0, 1, 0, 0, 37623), -- 172920
(174292, 71, 172904, 0, 0, 1, 0, 0, 37623), -- 172904
(174292, 70, 172902, 0, 0, 1, 0, 0, 37623), -- 172902
(174292, 69, 172903, 0, 0, 1, 0, 0, 37623), -- 172903
(174292, 68, 172366, 0, 0, 1, 0, 0, 37623), -- 172366
(174292, 67, 172368, 0, 0, 1, 0, 0, 37623), -- 172368
(174292, 66, 172365, 0, 0, 1, 0, 0, 37623), -- 172365
(174292, 65, 172367, 0, 0, 1, 0, 0, 37623), -- 172367
(174292, 64, 172370, 0, 0, 1, 0, 0, 37623), -- 172370
(174292, 63, 172364, 0, 0, 1, 0, 0, 37623), -- 172364
(174292, 62, 172363, 0, 0, 1, 0, 0, 37623), -- 172363
(174292, 61, 172362, 0, 0, 1, 0, 0, 37623), -- 172362
(174292, 60, 172361, 0, 0, 1, 0, 0, 37623), -- 172361
(174292, 59, 172408, 0, 0, 1, 0, 0, 37623), -- 172408
(174292, 58, 172407, 0, 0, 1, 0, 0, 37623), -- 172407
(174292, 57, 172406, 0, 0, 1, 0, 0, 37623), -- 172406
(174292, 56, 177962, 0, 0, 1, 0, 0, 37623), -- 177962
(174292, 55, 177716, 0, 0, 1, 0, 0, 37623), -- 177716
(174292, 54, 177715, 0, 0, 1, 0, 0, 37623), -- 177715
(174292, 53, 177659, 0, 0, 1, 0, 0, 37623), -- 177659
(174292, 52, 172418, 0, 0, 1, 0, 0, 37623), -- 172418
(174292, 51, 172416, 0, 0, 1, 0, 0, 37623), -- 172416
(174292, 50, 172415, 0, 0, 1, 0, 0, 37623), -- 172415
(174292, 49, 172414, 0, 0, 1, 0, 0, 37623), -- 172414
(174292, 48, 177661, 0, 0, 1, 0, 0, 37623), -- 177661
(174292, 47, 172413, 0, 0, 1, 0, 0, 37623), -- 172413
(174292, 46, 172419, 0, 0, 1, 0, 0, 37623), -- 172419
(174292, 45, 177660, 0, 0, 1, 0, 0, 37623), -- 177660
(174292, 44, 172412, 0, 0, 1, 0, 0, 37623), -- 172412
(174292, 43, 172411, 0, 0, 1, 0, 0, 37623), -- 172411
(174292, 42, 172410, 0, 0, 1, 0, 0, 37623), -- 172410
(174292, 41, 172063, 0, 0, 1, 0, 0, 37623), -- 172063
(174292, 40, 172062, 0, 0, 1, 0, 0, 37623), -- 172062
(174292, 39, 172061, 0, 0, 1, 0, 0, 37623), -- 172061
(174292, 38, 172051, 0, 0, 1, 0, 0, 37623), -- 172051
(174292, 37, 172069, 0, 0, 1, 0, 0, 37623), -- 172069
(174292, 36, 172049, 0, 0, 1, 0, 0, 37623), -- 172049
(174292, 35, 172047, 0, 0, 1, 0, 0, 37623); -- 172047

INSERT INTO `npc_vendor` (`entry`, `slot`, `item`, `maxcount`, `ExtendedCost`, `type`, `PlayerConditionID`, `IgnoreFiltering`, `VerifiedBuild`) VALUES
(174292, 34, 172045, 0, 0, 1, 0, 0, 37623), -- 172045
(174292, 33, 172041, 0, 0, 1, 0, 0, 37623), -- 172041
(174292, 32, 172043, 0, 0, 1, 0, 0, 37623), -- 172043
(174292, 31, 171439, 0, 0, 1, 0, 0, 37623), -- 171439
(174292, 30, 171437, 0, 0, 1, 0, 0, 37623), -- 171437
(174292, 29, 171441, 0, 0, 1, 0, 0, 37623), -- 171441
(174292, 28, 171286, 0, 0, 1, 0, 0, 37623), -- 171286
(174292, 27, 171285, 0, 0, 1, 0, 0, 37623), -- 171285
(174292, 26, 171264, 0, 0, 1, 0, 0, 37623), -- 171264
(174292, 25, 171370, 0, 0, 1, 0, 0, 37623), -- 171370
(174292, 24, 171266, 0, 0, 1, 0, 0, 37623), -- 171266
(174292, 23, 171263, 0, 0, 1, 0, 0, 37623), -- 171263
(174292, 22, 171269, 0, 0, 1, 0, 0, 37623), -- 171269
(174292, 21, 171268, 0, 0, 1, 0, 0, 37623), -- 171268
(174292, 20, 171267, 0, 0, 1, 0, 0, 37623), -- 171267
(174292, 19, 171351, 0, 0, 1, 0, 0, 37623), -- 171351
(174292, 18, 176811, 0, 0, 1, 0, 0, 37623), -- 176811
(174292, 17, 171273, 0, 0, 1, 0, 0, 37623), -- 171273
(174292, 16, 171272, 0, 0, 1, 0, 0, 37623), -- 171272
(174292, 15, 171350, 0, 0, 1, 0, 0, 37623), -- 171350
(174292, 14, 171349, 0, 0, 1, 0, 0, 37623), -- 171349
(174292, 13, 171271, 0, 0, 1, 0, 0, 37623), -- 171271
(174292, 12, 171352, 0, 0, 1, 0, 0, 37623), -- 171352
(174292, 11, 171275, 0, 0, 1, 0, 0, 37623), -- 171275
(174292, 10, 171274, 0, 0, 1, 0, 0, 37623), -- 171274
(174292, 9, 171270, 0, 0, 1, 0, 0, 37623), -- 171270
(174292, 8, 184090, 0, 0, 1, 0, 0, 37623), -- 184090
(174292, 7, 171278, 0, 0, 1, 0, 0, 37623), -- 171278
(174292, 6, 171276, 0, 0, 1, 0, 0, 37623), -- 171276
(174292, 5, 171301, 0, 0, 1, 0, 0, 37623), -- 171301
(170260, 26, 173242, 0, 0, 1, 0, 0, 37623), -- 173242
(170260, 25, 172321, 0, 0, 1, 0, 0, 37623), -- 172321
(170260, 24, 172320, 0, 0, 1, 0, 0, 37623), -- 172320
(170260, 23, 172319, 0, 0, 1, 0, 0, 37623), -- 172319
(170260, 22, 172318, 0, 0, 1, 0, 0, 37623), -- 172318
(170260, 21, 172317, 0, 0, 1, 0, 0, 37623), -- 172317
(170260, 20, 172316, 0, 0, 1, 0, 0, 37623), -- 172316
(170260, 19, 172315, 0, 0, 1, 0, 0, 37623), -- 172315
(170260, 18, 172314, 0, 0, 1, 0, 0, 37623), -- 172314
(170260, 8, 178927, 0, 0, 1, 0, 0, 37623), -- 178927
(170260, 7, 178926, 0, 0, 1, 0, 0, 37623), -- 178926
(170260, 6, 173163, 0, 0, 1, 0, 0, 37623), -- 173163
(170260, 5, 173162, 0, 0, 1, 0, 0, 37623), -- 173162
(170260, 4, 173160, 0, 0, 1, 0, 0, 37623), -- 173160
(170260, 3, 173161, 0, 0, 1, 0, 0, 37623), -- 173161
(170260, 2, 180278, 0, 0, 1, 0, 0, 37623), -- 180278
(170260, 1, 181739, 0, 0, 1, 0, 0, 37623); -- 181739


DELETE FROM `creature_equip_template` WHERE (`ID`=1 AND `CreatureID` IN (164686,164079,156671,173330,170557,164685,164803,164596,156698));
INSERT INTO `creature_equip_template` (`CreatureID`, `ID`, `ItemID1`, `AppearanceModID1`, `ItemVisual1`, `ItemID2`, `AppearanceModID2`, `ItemVisual2`, `ItemID3`, `AppearanceModID3`, `ItemVisual3`) VALUES
(164686, 1, 0, 0, 0, 59484, 0, 0, 0, 0, 0), -- 164686
(164079, 1, 177838, 0, 0, 0, 0, 0, 0, 0, 0), -- 164079
(156671, 1, 180136, 0, 0, 0, 0, 0, 0, 0, 0), -- 156671
(173330, 1, 0, 0, 0, 59484, 0, 0, 0, 0, 0), -- 173330
(170557, 1, 180611, 0, 0, 0, 0, 0, 0, 0, 0), -- 170557
(164685, 1, 0, 0, 0, 59484, 0, 0, 0, 0, 0), -- 164685
(164803, 1, 180611, 0, 0, 0, 0, 0, 0, 0, 0), -- 164803
(164596, 1, 0, 0, 0, 59484, 0, 0, 0, 0, 0), -- 164596
(156698, 1, 180611, 0, 0, 0, 0, 0, 0, 0, 0); -- 156698

DELETE FROM `creature_template_model` WHERE (`Idx`=0 AND `CreatureID` IN (176186,144005,32642,32641,162918,58965));
INSERT INTO `creature_template_model` (`CreatureID`, `Idx`, `CreatureDisplayID`, `DisplayScale`, `Probability`, `VerifiedBuild`) VALUES
(176186, 0, 93600, 1, 1, 37623), -- 176186
(144005, 0, 87997, 0.349999994039535522, 1, 37623), -- 144005
(32642, 0, 28118, 1, 1, 37623), -- 32642
(32641, 0, 28120, 1, 0, 37623), -- 32641
(162918, 0, 96625, 1, 1, 37623), -- 162918
(58965, 0, 77401, 1, 1, 37623); -- 58965


DELETE FROM `gameobject_template` WHERE `entry` IN (367759 /*367759*/, 334795 /*334795*/, 358375 /*358375*/);
INSERT INTO `gameobject_template` (`entry`, `type`, `displayId`, `name`, `IconName`, `castBarCaption`, `unk1`, `size`, `Data0`, `Data1`, `Data2`, `Data3`, `Data4`, `Data5`, `Data6`, `Data7`, `Data8`, `Data9`, `Data10`, `Data11`, `Data12`, `Data13`, `Data14`, `Data15`, `Data16`, `Data17`, `Data18`, `Data19`, `Data20`, `Data21`, `Data22`, `Data23`, `Data24`, `Data25`, `Data26`, `Data27`, `Data28`, `Data29`, `Data30`, `Data31`, `Data32`, `Data33`, `ContentTuningId`, `VerifiedBuild`) VALUES
(367759, 19, 65009, 'Mailbox', '', '', '', 0.999999642372131347, 4383, 0, 0, 0, 0, 0, 0, 0, 0, 0, 0, 0, 0, 0, 0, 0, 0, 0, 0, 0, 0, 0, 0, 0, 0, 0, 0, 0, 0, 0, 0, 0, 0, 0, 0, 37623), -- 367759
(334795, 22, 67870, 'Eternal Cauldron', '', '', '', 1, 307150, 30, 1, 0, 0, 0, 0, 0, 0, 0, 0, 0, 0, 0, 0, 0, 0, 0, 0, 0, 0, 0, 0, 0, 0, 0, 0, 0, 0, 0, 0, 0, 0, 0, 754, 37623), -- 334795
(358375, 3, 5333, 'Snow Patch', 'pickup', 'Gathering', '', 0.300000011920928955, 43, 0, 0, 1, 0, 0, 0, 0, 0, 0, 0, 0, 0, 0, 24982, 0, 0, 0, 0, 0, 0, 0, 0, 0, 0, 0, 0, 0, 0, 0, 105577, 0, 0, 0, 417, 37623); -- 358375


DELETE FROM `npc_text` WHERE `ID` IN (39875 /*39875*/, 40335 /*40335*/, 41729 /*41729*/, 40543 /*40543*/, 20943 /*20943*/, 40527 /*40527*/, 40467 /*40467*/, 16705 /*16705*/, 41654 /*41654*/, 41655 /*41655*/, 14126 /*14126*/, 39810 /*39810*/, 41492 /*41492*/, 41759 /*41759*/, 31799 /*31799*/, 40465 /*40465*/, 41653 /*41653*/);
INSERT INTO `npc_text` (`ID`, `Probability0`, `Probability1`, `Probability2`, `Probability3`, `Probability4`, `Probability5`, `Probability6`, `Probability7`, `BroadcastTextId0`, `BroadcastTextId1`, `BroadcastTextId2`, `BroadcastTextId3`, `BroadcastTextId4`, `BroadcastTextId5`, `BroadcastTextId6`, `BroadcastTextId7`, `VerifiedBuild`) VALUES
(39875, 1, 0, 0, 0, 0, 0, 0, 0, 192538, 0, 0, 0, 0, 0, 0, 0, 37623), -- 39875
(40335, 1, 0, 0, 0, 0, 0, 0, 0, 194901, 0, 0, 0, 0, 0, 0, 0, 37623), -- 40335
(41729, 1, 0, 0, 0, 0, 0, 0, 0, 204435, 0, 0, 0, 0, 0, 0, 0, 37623), -- 41729
(40543, 1, 0, 0, 0, 0, 0, 0, 0, 196828, 0, 0, 0, 0, 0, 0, 0, 37623), -- 40543
(20943, 1, 0, 0, 0, 0, 0, 0, 0, 66772, 0, 0, 0, 0, 0, 0, 0, 37623), -- 20943
(40527, 1, 0, 0, 0, 0, 0, 0, 0, 196603, 0, 0, 0, 0, 0, 0, 0, 37623), -- 40527
(40467, 1, 0, 0, 0, 0, 0, 0, 0, 195899, 0, 0, 0, 0, 0, 0, 0, 37623), -- 40467
(16705, 1, 0, 0, 0, 0, 0, 0, 0, 45085, 0, 0, 0, 0, 0, 0, 0, 37623), -- 16705
(41654, 1, 0, 0, 0, 0, 0, 0, 0, 203961, 0, 0, 0, 0, 0, 0, 0, 37623), -- 41654
(41655, 1, 0, 0, 0, 0, 0, 0, 0, 203964, 0, 0, 0, 0, 0, 0, 0, 37623), -- 41655
(14126, 1, 0, 0, 0, 0, 0, 0, 0, 32778, 0, 0, 0, 0, 0, 0, 0, 37623), -- 14126
(39810, 1, 0, 0, 0, 0, 0, 0, 0, 183912, 0, 0, 0, 0, 0, 0, 0, 37623), -- 39810
(41492, 1, 0, 0, 0, 0, 0, 0, 0, 202561, 0, 0, 0, 0, 0, 0, 0, 37623), -- 41492
(41759, 1, 0, 0, 0, 0, 0, 0, 0, 204537, 0, 0, 0, 0, 0, 0, 0, 37623), -- 41759
(31799, 1, 0, 0, 0, 0, 0, 0, 0, 130509, 0, 0, 0, 0, 0, 0, 0, 37623), -- 31799
(40465, 1, 0, 0, 0, 0, 0, 0, 0, 195896, 0, 0, 0, 0, 0, 0, 0, 37623), -- 40465
(41653, 1, 0, 0, 0, 0, 0, 0, 0, 203917, 0, 0, 0, 0, 0, 0, 0, 37623); -- 41653


