# TrinityCore - WowPacketParser
# File name: Bastion
# Detected build: V9_0_2_37474
# Detected locale: enUS
# Targeted database: Shadowlands
# Parsing date: 08/15/2021 21:46:57

DELETE FROM `gameobject_template_addon` WHERE `entry` IN (344759 /*Arena Gate*/, 341462 /*Arena Gate*/, 341461 /*Arena Gate*/, 354128 /*Maldraxxi Thowing Axe*/, 340073 /*Discarded Weapon*/, 340072 /*Discarded Weapon*/, 351470 /*Death Blossom*/, 356879 /*Crafter's Crate*/, 349546 /*Broker Cage*/, 355924 /*Brazier of Challenge*/, 352110 /*Tower Door*/, 353614 /*Diverter Crystal*/, 353602 /*Diverter Crystal*/, 364394 /*Dragon Skull*/, 352577 /*Sanctum Door*/, 338855 /*Zerekriss*/, 358873 /*Anima Reservoir*/, 358872 /*Anima Reservoir*/, 358871 /*Anima Reservoir*/, 364892 /*Anima Reservoir*/, 351447 /*Forge of Bonds*/, 349575 /*Forge*/, 355042 /*Anima Conductor*/, 357089 /*9NC_Necro_Covenant_PrimusArmorStand04*/, 356600 /*Main Hall, Seat of the Primus*/, 364865 /*Spike Door*/, 354927 /*Gateway*/, 353601 /*Diverter Crystal*/, 364864 /*Spire Door*/, 350775 /*Door*/, 355424 /*Door*/, 353616 /*Diverter Crystal*/, 336675 /*Necropolis - Warriors*/, 353633 /*Sanctum Door*/, 353392 /*Cell Door*/, 353391 /*Cell Door*/, 353390 /*Cell Door*/, 353389 /*Cell Door*/, 355256 /*Gate to Maldraxxus*/, 355013 /*Ancient Focus*/, 355435 /*Vesper of the Silver Wind*/, 354036 /*Vesper of Loyalty*/, 355039 /*Incense of Patience*/, 355231 /*Incense of Insight*/, 355016 /*Path of Wisdom Brazier*/, 354095 /*Vesper of Wisdom*/, 345454 /*Kalliope's Cache*/, 353367 /*Exit*/, 345435 /*Chamber Brazier*/, 345468 /*Spear of Kalliope*/, 353366 /*Exit*/, 338617 /*Collision Wall*/, 338486 /*Anima Barrier*/, 338854 /*Kalliope: A History*/, 338677 /*Anima Barrier*/, 338188 /*Anima Barrier*/, 353788 /*Forge*/, 338220 /*Crate*/, 338635 /*Reinforced Armor*/, 338620 /*Anima Barrel*/, 354920 /*Discarded Phalynx Core*/, 354214 /*Larion Tamer's Harness*/, 339625 /*Sophia's Gift*/, 336444 /*Agthian Spear*/, 335588 /*Vesper of History*/, 361387 /*Cultivated Windblossom*/, 352407 /*Tribute*/, 351001 /*Collision Wall*/, 349590 /*Construct Banner*/, 354161 /*Path of Courage*/, 354097 /*Vesper of Courage*/, 350816 /*Necrotic Extractor*/, 350817 /*Necrotic Extractor*/, 350808 /*Necrotic Extractor*/, 350815 /*Necrotic Extractor*/, 350810 /*Necrotic Extractor*/, 364440 /*Portal to Oribos*/, 350807 /*Necrotic Extractor*/, 350805 /*Necrotic Extractor*/, 354160 /*Path of Courage*/, 354158 /*Path of Courage*/, 344588 /*Stewart's Stewpendous Stew*/, 354155 /*Bone Spike*/, 349974 /*Archonic Resonator*/, 354156 /*Bone Spike*/, 354208 /*Stolen Equipment*/, 350773 /*Bonewrought Prison*/, 354154 /*Bone Spike*/, 349975 /*Eternity Plating*/, 349976 /*Anima Conflux*/, 355497 /*Blessed Armament*/, 349973 /*Bonewrought Prison*/, 350806 /*Necrotic Extractor*/, 357085 /*Blessed Armor of the Fallen*/, 355423 /*Plain Rock B02*/, 354127 /*Trial of Courage*/, 355422 /*Plain Rock B01*/, 355421 /*Plain Rock A01*/, 354164 /*Noxious Barrel*/, 349964 /*Banner*/, 354157 /*Path of Courage*/, 346114 /*Necropolis*/, 351743 /*Heart of Frost*/, 351742 /*Ice Tomb*/, 354153 /*Agthia's Flame*/, 348547 /*Anima Gateway*/, 353192 /*Fishing Bobber*/, 340004 /*Cask of Fermenting Purian Fruit*/, 352024 /*Anima Gateway*/, 353811 /*Bench*/, 353810 /*Bench*/, 353809 /*Bench*/, 353808 /*Bench*/, 364884 /*Anima Gateway*/, 341829 /*Echo of Aeons*/, 327598 /*Forge of Bonds*/, 364891 /*Anima Reservoir*/, 352029 /*Bell of Recall*/, 353069 /*[DNT] Statue Right*/, 353076 /*[DNT] Pillar Medium*/, 353082 /*[DNT] Fluttering Banner*/, 353071 /*[DNT] Statue Center*/, 353070 /*[DNT] Statue Left*/, 353382 /*Devourer Rift*/, 338221 /*Construct Piece*/, 338631 /*Reinforced Armor*/, 338616 /*Anima Barrel*/, 352023 /*Anima Gateway*/, 340083 /*Purian Fruit*/, 340050 /*Purian Fruit*/, 364349 /*Anima Gateway*/, 352025 /*Anima Gateway*/, 356553 /*Crafter's Crate*/, 348558 /*Notice*/, 352027 /*Wanted Scroll*/, 352022 /*Anima Gateway*/, 346108 /*Animyllis Bloom*/, 352751 /*Statue*/, 348515 /*Anima Gateway*/, 335637 /*Korinna's Allaying Crook*/, 353619 /*Mister Mikanikos*/, 353618 /*Comfy Comfort Pillow*/, 353620 /*Kala's Slobber Ball*/, 335612 /*Comfy Comfort Pillow*/, 335611 /*Mister Mikanikos*/, 335610 /*Kala's Slobber Ball*/, 350889 /*Cache of the Archon*/, 350888 /*Cache of the Paragons*/, 354213 /*Lost Disciple's Notes*/, 350947 /*Tasty Offering*/, 350771 /*Anima Suspension*/, 350770 /*Anima Suspension*/, 350769 /*Memory Extractor*/, 350772 /*Anima Suspension*/, 352090 /*Soul Mirror*/, 350065 /*Creased Scroll*/, 350067 /*Tattered Scroll*/, 352077 /*Soul Mirror*/, 350064 /*Battered Scrollcase*/, 350066 /*Dusty Scroll Bundle*/, 350086 /*Rich Solenium Deposit*/);
INSERT INTO `gameobject_template_addon` (`entry`, `faction`, `flags`, `WorldEffectID`, `AIAnimKitID`) VALUES
(344759, 0, 32, 0, 0), -- Arena Gate
(341462, 0, 34, 0, 0), -- Arena Gate
(341461, 0, 34, 0, 0), -- Arena Gate
(354128, 0, 262144, 569, 0), -- Maldraxxi Thowing Axe
(340073, 0, 2113540, 0, 0), -- Discarded Weapon
(340072, 0, 2113540, 0, 0), -- Discarded Weapon
(351470, 0, 278528, 0, 0), -- Death Blossom
(356879, 94, 2113540, 0, 0), -- Crafter's Crate
(349546, 0, 32, 0, 0), -- Broker Cage
(355924, 0, 262144, 0, 0), -- Brazier of Challenge
(352110, 0, 32, 0, 0), -- Tower Door
(353614, 0, 32, 0, 0), -- Diverter Crystal
(353602, 0, 32, 0, 0), -- Diverter Crystal
(364394, 1375, 0, 0, 0), -- Dragon Skull
(352577, 1375, 32, 0, 0), -- Sanctum Door
(338855, 0, 1048608, 0, 0), -- Zerekriss
(358873, 0, 8192, 0, 0), -- Anima Reservoir
(358872, 0, 8192, 0, 0), -- Anima Reservoir
(358871, 0, 8192, 0, 0), -- Anima Reservoir
(364892, 0, 8658944, 0, 0), -- Anima Reservoir
(351447, 0, 33824768, 0, 0), -- Forge of Bonds
(349575, 0, 32, 0, 0), -- Forge
(355042, 0, 32, 0, 0), -- Anima Conductor
(357089, 0, 32, 0, 0), -- 9NC_Necro_Covenant_PrimusArmorStand04
(356600, 0, 32, 0, 0), -- Main Hall, Seat of the Primus
(364865, 0, 32, 0, 0), -- Spike Door
(354927, 0, 1048608, 0, 0), -- Gateway
(353601, 0, 32, 0, 0), -- Diverter Crystal
(364864, 0, 32, 0, 0), -- Spire Door
(350775, 0, 32, 0, 0), -- Door
(355424, 0, 48, 0, 0), -- Door
(353616, 0, 32, 0, 0), -- Diverter Crystal
(336675, 0, 1048864, 0, 0), -- Necropolis - Warriors
(353633, 0, 48, 0, 0), -- Sanctum Door
(353392, 0, 32, 0, 0), -- Cell Door
(353391, 0, 32, 0, 0), -- Cell Door
(353390, 0, 32, 0, 0), -- Cell Door
(353389, 0, 32, 0, 0), -- Cell Door
(355256, 0, 32816, 0, 12224), -- Gate to Maldraxxus
(355013, 0, 262144, 0, 0), -- Ancient Focus
(355435, 3166, 270336, 0, 0), -- Vesper of the Silver Wind
(354036, 0, 48, 0, 0), -- Vesper of Loyalty
(355039, 0, 270336, 0, 0), -- Incense of Patience
(355231, 0, 270336, 0, 0), -- Incense of Insight
(355016, 0, 8192, 0, 0), -- Path of Wisdom Brazier
(354095, 0, 48, 0, 0), -- Vesper of Wisdom
(345454, 0, 2113540, 0, 0), -- Kalliope's Cache
(353367, 0, 0, 15118, 0), -- Exit
(345435, 0, 262144, 0, 0), -- Chamber Brazier
(345468, 0, 2121732, 0, 0), -- Spear of Kalliope
(353366, 0, 0, 15114, 0), -- Exit
(338617, 0, 16, 0, 0), -- Collision Wall
(338486, 0, 8192, 0, 0), -- Anima Barrier
(338854, 0, 262144, 0, 0), -- Kalliope: A History
(338677, 0, 8192, 0, 0), -- Anima Barrier
(338188, 0, 8192, 0, 0), -- Anima Barrier
(353788, 0, 32, 0, 1478), -- Forge
(338220, 114, 0, 0, 0), -- Crate
(338635, 0, 262144, 0, 0), -- Reinforced Armor
(338620, 0, 262144, 0, 0), -- Anima Barrel
(354920, 0, 0, 15362, 18798), -- Discarded Phalynx Core
(354214, 0, 2113536, 2437, 0), -- Larion Tamer's Harness
(339625, 0, 2113536, 2869, 0), -- Sophia's Gift
(336444, 0, 262145, 569, 0), -- Agthian Spear
(335588, 0, 0, 16908, 0), -- Vesper of History
(361387, 0, 2113540, 0, 0), -- Cultivated Windblossom
(352407, 0, 262144, 14838, 0), -- Tribute
(351001, 114, 0, 0, 0), -- Collision Wall
(349590, 0, 4, 0, 0), -- Construct Banner
(354161, 0, 8192, 0, 0), -- Path of Courage
(354097, 0, 32, 0, 0), -- Vesper of Courage
(350816, 0, 262144, 0, 0), -- Necrotic Extractor
(350817, 0, 262144, 0, 0), -- Necrotic Extractor
(350808, 0, 262144, 0, 0), -- Necrotic Extractor
(350815, 0, 262144, 0, 0), -- Necrotic Extractor
(350810, 0, 262144, 0, 0), -- Necrotic Extractor
(364440, 0, 0, 0, 8021), -- Portal to Oribos
(350807, 0, 262144, 0, 0), -- Necrotic Extractor
(350805, 0, 262144, 0, 0), -- Necrotic Extractor
(354160, 0, 8192, 0, 0), -- Path of Courage
(354158, 0, 8192, 0, 0), -- Path of Courage
(344588, 0, 2113536, 0, 0), -- Stewart's Stewpendous Stew
(354155, 0, 262144, 0, 0), -- Bone Spike
(349974, 0, 2113540, 0, 0), -- Archonic Resonator
(354156, 0, 262144, 0, 0), -- Bone Spike
(354208, 0, 2113536, 2437, 0), -- Stolen Equipment
(350773, 0, 262144, 0, 0), -- Bonewrought Prison
(354154, 0, 262144, 0, 0), -- Bone Spike
(349975, 0, 2113540, 0, 0), -- Eternity Plating
(349976, 0, 2113540, 0, 0), -- Anima Conflux
(355497, 0, 2113540, 0, 0), -- Blessed Armament
(349973, 0, 262144, 0, 0), -- Bonewrought Prison
(350806, 0, 262144, 0, 0), -- Necrotic Extractor
(357085, 0, 0, 520, 0), -- Blessed Armor of the Fallen
(355423, 0, 8192, 0, 0), -- Plain Rock B02
(354127, 0, 8192, 0, 0), -- Trial of Courage
(355422, 0, 8192, 0, 0), -- Plain Rock B01
(355421, 0, 8192, 0, 0), -- Plain Rock A01
(354164, 0, 262144, 0, 0), -- Noxious Barrel
(349964, 0, 262144, 0, 0), -- Banner
(354157, 0, 8192, 0, 0), -- Path of Courage
(346114, 0, 1048864, 0, 0), -- Necropolis
(351743, 0, 0, 0, 5605), -- Heart of Frost
(351742, 0, 0, 0, 5605), -- Ice Tomb
(354153, 0, 262176, 0, 0), -- Agthia's Flame
(348547, 0, 0, 0, 11129), -- Anima Gateway
(353192, 0, 0, 2773, 0), -- Fishing Bobber
(340004, 35, 0, 8547, 0), -- Cask of Fermenting Purian Fruit
(352024, 0, 0, 0, 11129), -- Anima Gateway
(353811, 114, 0, 0, 0), -- Bench
(353810, 114, 0, 0, 0), -- Bench
(353809, 114, 0, 0, 0), -- Bench
(353808, 114, 0, 0, 0), -- Bench
(364884, 0, 0, 0, 11129), -- Anima Gateway
(341829, 0, 262144, 0, 0), -- Echo of Aeons
(327598, 0, 33824768, 0, 0), -- Forge of Bonds
(364891, 0, 8658944, 0, 0), -- Anima Reservoir
(352029, 0, 32, 0, 0), -- Bell of Recall
(353069, 0, 32, 0, 0), -- [DNT] Statue Right
(353076, 0, 32, 0, 0), -- [DNT] Pillar Medium
(353082, 0, 32, 0, 0), -- [DNT] Fluttering Banner
(353071, 0, 32, 0, 0), -- [DNT] Statue Center
(353070, 0, 32, 0, 0), -- [DNT] Statue Left
(353382, 0, 8192, 0, 9192), -- Devourer Rift
(338221, 114, 0, 0, 0), -- Construct Piece
(338631, 0, 2113540, 0, 0), -- Reinforced Armor
(338616, 0, 262144, 0, 0), -- Anima Barrel
(352023, 0, 0, 0, 8810), -- Anima Gateway
(340083, 0, 8192, 0, 0), -- Purian Fruit
(340050, 0, 8192, 0, 0), -- Purian Fruit
(364349, 0, 0, 0, 11129), -- Anima Gateway
(352025, 0, 0, 0, 8810), -- Anima Gateway
(356553, 94, 2113540, 0, 0), -- Crafter's Crate
(348558, 0, 4, 0, 0), -- Notice
(352027, 0, 4, 0, 0), -- Wanted Scroll
(352022, 0, 0, 0, 8810), -- Anima Gateway
(346108, 0, 2113540, 0, 0), -- Animyllis Bloom
(352751, 0, 32, 0, 0), -- Statue
(348515, 0, 0, 0, 11129), -- Anima Gateway
(335637, 0, 2113540, 0, 0), -- Korinna's Allaying Crook
(353619, 1375, 0, 0, 0), -- Mister Mikanikos
(353618, 1375, 0, 0, 0), -- Comfy Comfort Pillow
(353620, 1375, 0, 0, 0), -- Kala's Slobber Ball
(335612, 0, 2113540, 0, 0), -- Comfy Comfort Pillow
(335611, 0, 2113540, 0, 0), -- Mister Mikanikos
(335610, 0, 2113540, 0, 0), -- Kala's Slobber Ball
(350889, 0, 2113540, 0, 0), -- Cache of the Archon
(350888, 0, 2113540, 0, 0), -- Cache of the Paragons
(354213, 0, 0, 2437, 0), -- Lost Disciple's Notes
(350947, 0, 2113536, 0, 0), -- Tasty Offering
(350771, 0, 32, 0, 0), -- Anima Suspension
(350770, 0, 32, 0, 0), -- Anima Suspension
(350769, 0, 32, 0, 0), -- Memory Extractor
(350772, 0, 32, 0, 0), -- Anima Suspension
(352090, 0, 262177, 0, 0), -- Soul Mirror
(350065, 0, 2113540, 0, 0), -- Creased Scroll
(350067, 0, 2113540, 0, 0), -- Tattered Scroll
(352077, 0, 262176, 0, 0), -- Soul Mirror
(350064, 0, 2113540, 0, 0), -- Battered Scrollcase
(350066, 0, 2113540, 0, 0), -- Dusty Scroll Bundle
(350086, 94, 2375680, 0, 0); -- Rich Solenium Deposit


DELETE FROM `creature_template_addon` WHERE `entry` IN (167855 /*167855 (Skeletal Competitor)*/, 174366 /*174366 (Quartermaster Andre)*/, 164244 /*164244*/, 167858 /*167858 (Skeletal Guardian)*/, 167857 /*167857 (Necromancer Competitor)*/, 167878 /*167878 (Bladesworn Combatant)*/, 167879 /*167879 (Stitched Pitfighter)*/, 166592 /*166592 (Trained Hellhound) - Deaggro > 60yds*/, 166658 /*166658 (Champion Gutrend) - Deaggro > 60yds*/, 166600 /*166600 (Summoned Reaper) - Deaggro > 60yds*/, 166650 /*166650 (Champion Bloodrot) - No NPC Damage Below 45-90%, Deaggro > 60yds*/, 166591 /*166591 (Construct Competitor) - Deaggro > 60yds*/, 166649 /*166649 (Champion Rin'mar) - No NPC Damage Below 45-90%, Deaggro > 60yds*/, 166667 /*166667 (Rotwing Construct) - Necrotic Breath*/, 166581 /*166581 (Necromancer Competitor) - Deaggro > 60yds*/, 166615 /*166615 (Master Necromancer) - Deaggro > 60yds*/, 166602 /*166602 (Bladesworn Combatant) - Deaggro > 60yds*/, 166614 /*166614 (Stitched Pitfighter) - No NPC Damage Below 45-90%, Deaggro > 60yds, Massacre*/, 166656 /*166656 (Skeletal Competitor)*/, 166611 /*166611 (Skeletal Competitor) - Deaggro > 60yds*/, 163041 /*163041 (Arena Prospect)*/, 161599 /*161599 (Bubbling Sclerosis)*/, 162874 /*162874 (Ti'or)*/, 161757 /*161757 (Arena Challenger)*/, 158071 /*158071 (Mindless Animate)*/, 161597 /*161597 (Scouring Slime)*/, 161733 /*161733 (Anzio the Infallible)*/, 162872 /*162872 (Xantuth the Blighted)*/, 166568 /*166568 (Hellinka)*/, 166570 /*166570 (Avrilla Angar)*/, 164833 /*164833 (Pack Tauralus)*/, 175393 /*175393 (Eli'ot Roush)*/, 169697 /*169697 (Halesteel Obernolte)*/, 161697 /*161697 (Stoker Marabone)*/, 161696 /*161696 (Steelpin Wilhelm)*/, 166424 /*166424 (Arena Laborer)*/, 166420 /*166420 (Varissa Stubin)*/, 157540 /*157540 (Wing Guard Alamar)*/, 161712 /*161712 (Nana Redcap)*/, 161702 /*161702 (Slumbar Valorum)*/, 173003 /*173003 (Nalcorn Talsen)*/, 93008 /*93008 (Corpse Maggot)*/, 166564 /*166564 (Relentless Trainee)*/, 166567 /*166567 (Peejay Mimmic)*/, 166565 /*166565 (Zandara) - Fishing*/, 162873 /*162873 (Azmogal)*/, 169055 /*169055 (Marrow Scraper)*/, 166421 /*166421 (Trained Flayedwing)*/, 170542 /*170542 (Veteran Battlers)*/, 170496 /*170496 (Shanir Veincutter)*/, 162853 /*162853 (Unbreakable Urtz) - Containment Cell Visuals*/, 172422 /*172422 (Chosen Spectator)*/, 169452 /*169452 (Seira)*/, 172581 /*172581 (Slimelet)*/, 164997 /*164997 (Corpse Pincher)*/, 168216 /*168216 (Galescreamer Elder)*/, 176024 /*176024 (Crawbat)*/, 173200 /*173200 (Bleak Skitterer)*/, 167353 /*167353 (Chittering Claw)*/, 168196 /*168196 (Virulent Pest)*/, 170191 /*170191 (Stringy Spore)*/, 159856 /*159856 (Virulent Pest)*/, 176023 /*176023 (Crawbat)*/, 175097 /*175097 (Skeletal Steed)*/, 175100 /*175100 (Some Body)*/, 175095 /*175095 (Rampaging Gladiator)*/, 174223 /*174223 (Pus-In-Boots)*/, 174653 /*174653 (Festering Larva)*/, 169751 /*169751 (Ashen Wasp)*/, 162258 /*162258 (Ravenous Galescreamer)*/, 175085 /*175085 (Blastsewn Loader)*/, 161410 /*161410 (Siegemaster Traxon)*/, 161890 /*161890 (Fleshscarred Scavenger)*/, 161399 /*161399 (Fleshsewn Brawler)*/, 170971 /*170971 (Battle Ready Tauralus)*/, 166423 /*166423 (Trained Flayedwing)*/, 161376 /*161376 (Steelspine Veteran)*/, 167273 /*167273 (Boneplated Sharpshooter)*/, 166908 /*166908 (Malifis)*/, 167747 /*167747 (Aliya Doublet)*/, 161881 /*161881 (Injured Steelspine)*/, 162259 /*162259 (Galescreamer Pup)*/, 167743 /*167743 (Vassili Freeshot)*/, 169634 /*169634 (Soulspliced Veteran)*/, 175021 /*175021 (Pulsating Maggot)*/, 167355 /*167355 (Pulsating Maggot)*/, 167354 /*167354 (Writhing Rachis)*/, 157671 /*157671 (Prime Bladeguard)*/, 156558 /*156558 (Generic - Empty Bunny) - [DNT] - Flavor 2*/, 160417 /*160417 (Plaguey)*/, 161398 /*161398 (Vyraz Bladesworn)*/, 164221 /*164221 (Kevin)*/, 160419 /*160419 (Bloop)*/, 160418 /*160418 (Ooz)*/, 165017 /*165017 (Plague Inventor)*/, 173000 /*173000 (Madeleine Roux)*/, 172173 /*172173 (Dispute Interpreter) - Read Scroll*/, 167645 /*167645 (Jericho Wallrush)*/, 165321 /*165321 (Merick Feldscar)*/, 167649 /*167649 (Kresto Deathsear)*/, 165350 /*165350 (Lyra Hailstorm)*/, 164667 /*164667 (Prime Shieldguard)*/, 174491 /*174491 (Iron Tester)*/, 174488 /*174488 (Unbreakable Defender)*/, 174484 /*174484 (Immovable Champion) - Training Dummy Marker*/, 156479 /*156479*/, 174564 /*174564*/, 175132 /*175132 (Pathscribe Roh-Avonavi)*/, 171338 /*171338 (Overseer Kah-Sher)*/, 166312 /*166312*/, 171296 /*171296 (Apolon)*/, 173369 /*173369*/, 156791 /*156791*/, 173318 /*173318*/, 169524 /*169524*/, 165796 /*165796*/, 173370 /*173370*/, 166284 /*166284*/, 156664 /*156664*/, 156663 /*156663*/, 173354 /*173354 (Deceased Monkey)*/, 173355 /*173355*/, 173353 /*173353*/, 173357 /*173357*/, 173356 /*173356*/, 173352 /*173352 (Deceased Monkey)*/, 156768 /*156768*/, 156758 /*156758*/, 166307 /*166307*/, 156769 /*156769*/, 156735 /*156735*/, 173350 /*173350*/, 176545 /*176545*/, 173348 /*173348*/, 164353 /*164353*/, 164352 /*164352*/, 173325 /*173325*/, 167881 /*167881*/, 167880 /*167880*/, 156688 /*156688*/, 165405 /*165405*/, 173364 /*173364*/, 165403 /*165403*/, 164173 /*164173*/, 175327 /*175327*/, 164686 /*164686*/, 161915 /*161915 (Baedos)*/, 173206 /*173206 (Battery)*/, 173205 /*173205 (Slasher)*/, 173204 /*173204 (Pounder)*/, 173130 /*173130 (Zolla)*/, 160610 /*160610 (Great Ancient Ithys)*/, 161513 /*161513 (Myrine)*/, 160609 /*160609 (Goldfish)*/, 170326 /*170326 (Argentwing Hunter)*/, 174769 /*174769 (Diligent Attendant)*/, 162614 /*162614 (Instructor Herus)*/, 166755 /*166755 (Loyal Acolyte)*/, 175062 /*175062 (Bounding Shroom)*/, 175445 /*175445 (Provisioner Klaus)*/, 175444 /*175444 (Beastkeeper Ismene)*/, 175621 /*175621 (Caretaker Kristina)*/, 175457 /*175457 (Adrina)*/, 169619 /*169619 (Umbrawing Flitter)*/, 169566 /*169566 (Shrine Tender) - Play Flute*/, 172909 /*172909 (Horrible Recollection)*/, 170183 /*170183 (Burdened Stratosmare)*/, 169914 /*169914 (Umbrawing Monarch) - Residual Anima*/, 172200 /*172200 (Silverplume Ridgeback)*/, 172045 /*172045 (Highwind Larion)*/, 172872 /*172872 (Doubtful Acolyte)*/, 172937 /*172937 (Disciple of Wisdom) - [DNT] Generic - Flying Kyrian Channel - ReadySpell Anim*/, 172935 /*172935 (Acolyte of Wisdom)*/, 172910 /*172910 (Orphaned Memory) - Invoke Doubt*/, 169816 /*169816 (Trueblue Carp)*/, 169804 /*169804 (Naiadic Skimmer)*/, 172576 /*172576 (Caretaker Calisaphene)*/, 169826 /*169826 (Glimmerpool Snapjaw)*/, 159125 /*159125 (Klassia)*/, 159629 /*159629 (Servant of Kalliope)*/, 172587 /*172587 (Forgehand Skafa)*/, 174578 /*174578 (Beastkeeper Gaelus)*/, 172600 /*172600 (Learned Aspirant)*/, 172017 /*172017 (Highloft Etherwyrm)*/, 159809 /*159809 (Trap Switch)*/, 160176 /*160176 (Praetor Sentry)*/, 159615 /*159615 (Scanner Ward)*/, 159795 /*159795 (Scanner Ward)*/, 170395 /*170395 (Spiritwing Flutterer) - Residual Anima*/, 170334 /*170334 (Glimmerpool Snapper)*/, 160110 /*160110 (First Guardian of Kalliope)*/, 159802 /*159802 (Trap Switch)*/, 160151 /*160151 (Chamber Incense Burner)*/, 160089 /*160089 (Chamber Guardian)*/, 159252 /*159252 (Forsworn Researcher)*/, 163498 /*163498 (Kyrian Scholar)*/, 159272 /*159272 (Artificer Ligiea)*/, 159253 /*159253 (Forsworn Enforcer)*/, 164294 /*164294 (Goliath Shieldguard)*/, 164714 /*164714 (Forsworn Appraiser)*/, 159319 /*159319 (Quartermaster Taelica)*/, 164380 /*164380 (Forsworn Vandal)*/, 164371 /*164371 (Forsworn Looter)*/, 164640 /*164640 (Kowalskos)*/, 163556 /*163556 (Lumbering Crystalback)*/, 163474 /*163474 (Summerfly)*/, 171017 /*171017 (Reclusive Etherwyrm)*/, 169555 /*169555 (Glimmerfly Duster) - Residual Anima*/, 163568 /*163568 (Etherwyrm Patriarch)*/, 163546 /*163546 (Young Etherwyrm)*/, 163480 /*163480 (Agitated Glimmerfly) - Permanent Feign Death, Residual Anima*/, 163427 /*163427 (Kalisthene)*/, 159915 /*159915 (Gatamatos)*/, 159917 /*159917 (Gatamatos) - Quest - Default Interact Objective Placement Visual State*/, 168464 /*168464 (Copperfur Prowler)*/, 160184 /*160184 (Flight Training Ring)*/, 169195 /*169195 (Roaming Cloudracer)*/, 160022 /*160022 (Training Gem) - [DNT] Summon Area Trigger*/, 159835 /*159835 (Gatamatos)*/, 160255 /*160255 (Andira)*/, 159697 /*159697 (Gatamatos)*/, 159675 /*159675 (Gatamatos) - Quest - Default Interact Objective Placement Visual State*/, 168402 /*168402 (Darkwing) - Quills*/, 159641 /*159641 (Gatamatos) - Malfunctioning*/, 159289 /*159289 (Juvenile Cloudfeather)*/, 160189 /*160189 (Andira) - Thorn in Paw, Thorn in Paw*/, 159609 /*159609 (Hopo)*/, 159192 /*159192 (Cloudfeather Greatwing)*/, 160437 /*160437 (Visiting Ascended)*/, 160882 /*160882 (Nikara Blackheart) - [DNT] FlyFly*/, 160881 /*160881 (Trueshot Hurler) - [DNT] FlyFly*/, 174605 /*174605 (Forsworn Anima-Weaver) - [DNT] FlyFly*/, 160879 /*160879 (Forsworn Guardsman) - [DNT] FlyFly*/, 160877 /*160877 (Forsworn Vanguard) - [DNT] FlyFly*/, 160875 /*160875 (Sophia) - Mending*/, 164805 /*164805 (Destinos)*/, 168887 /*168887 (Gilded Cloudstrider)*/, 168634 /*168634 (Soulwing Glimmerfly)*/, 158290 /*158290 (Tezulat the Annihilator) - Generic - Spawn Alpha (90%)*/, 158319 /*158319 (Wounded Defender) - Generic - Spawn Alpha (90%)*/, 158256 /*158256 (Corrupted Cloudfeather) - Void Touched State with Alpha*/, 158238 /*158238 (Void Portal)*/, 158162 /*158162 (Vile Oozeling) - Generic - Spawn Alpha (90%)*/, 158161 /*158161 (Voidguard Invader) - Generic - Spawn Alpha (90%)*/, 158247 /*158247 ([DNT] Effect Bunny)*/, 166237 /*166237 (Void Gateway)*/, 158160 /*158160 (Seething Voidripper) - Generic - Spawn Alpha (90%), Void Channelling*/, 158181 /*158181 (Agthia) - Generic - Spawn Alpha (90%)*/, 158178 /*158178 (Agthian Defender) - 100% Threat Reduction, Generic - Spawn Alpha (90%)*/, 158177 /*158177 (Void Lasher) - Generic - Spawn Alpha (90%)*/, 158400 /*158400 ([DNT] Void Rain Bunny)*/, 158651 /*158651 (Agthia) - Kyrian Vision*/, 158624 /*158624 (Void Lasher) - Kyrian Vision*/, 173117 /*173117 (Steward Mechanic)*/, 164762 /*164762 (Scroll of Remembrance)*/, 168892 /*168892 (Famished Etherwyrm)*/, 158619 /*158619 (Agthian Defender) - [DNT] Void Chest Effect*/, 164752 /*164752 (Scroll of Remembrance)*/, 164769 /*164769 (Scroll of Remembrance)*/, 158610 /*158610 (Voidguard Invader) - Kyrian Vision*/, 171670 /*171670 (Glimmerpool Hatchling) - Pet Whirlwind/Sleep/MountSpecial*/, 158612 /*158612 (Scroll of Remembrance)*/, 171255 /*171255 (Echo of Aella)*/, 164693 /*164693 ([DNT] Vesper of History Bunny)*/, 158078 /*158078 (Keeper Mnemis)*/, 158084 /*158084 (Contemplative Student)*/, 158159 /*158159 (Swap Phase Kill Credit)*/, 158094 /*158094 (Diligent Attendant) - Breakable BarSweepStand*/, 168936 /*168936 ([DNT] Bell Bunny)*/, 169382 /*169382 (Silverwing Juvenile)*/, 169313 /*169313 (Silverwing Hunter)*/, 167583 /*167583 (Disciple Apolon)*/, 167584 /*167584 (Disciple Artemede) - Peerless Strikes*/, 171306 /*171306 (Stitched Vanguard)*/, 171312 /*171312 (Patchwerk Soldier)*/, 171314 /*171314 (Rot Flinger)*/, 171308 /*171308 (Zolramus Gatekeeper)*/, 167560 /*167560 (Disciple Artemede) - Peerless Strikes*/, 167559 /*167559 (Disciple Apolon) - Peerless Strikes*/, 167484 /*167484 (Thanikos Spinerender)*/, 167472 /*167472 (Xandria)*/, 73985 /*73985 (Large AOI Bunny - GJC)*/, 163146 /*163146 (Collapsed Goliath) - Permanent Feign Death (NO Stun, Untrackable, Immune)*/, 163135 /*163135 (Ascended Corpse) - Permanent Feign Death (NO Stun, Untrackable, Immune)*/, 167460 /*167460 (Thanikos)*/, 167433 /*167433 (Marrowmaw)*/, 167432 /*167432 (Risen Champion) - Maldraxxus Dissolve In*/, 167431 /*167431 (Risen Magus) - Maldraxxus Dissolve In*/, 167426 /*167426 (Risen Valiant) - Maldraxxus Dissolve In*/, 167423 /*167423 (Thanikos)*/, 167121 /*167121 (Centurion Colossus)*/, 167428 /*167428 (Mikanikos) - Phaestus, Genesis of Aeons, Phaestus, Genesis of Aeons*/, 166944 /*166944 (Amarth)*/, 166937 /*166937 (Dauntless Champion)*/, 169390 /*169390 (Copperfur Vulpin) - Cosmetic - Sleep Zzz Breakable*/, 166935 /*166935 (Undying Soldier)*/, 163500 /*163500 (Spineshell Terrapin)*/, 163499 /*163499 (Temple Tender)*/, 163473 /*163473 (Fluttering Glimmerfly) - Mod Scale 90-110%, Residual Anima*/, 163549 /*163549 (Fluttering Glimmerfly) - Residual Anima*/, 163552 /*163552 (Starving Etherwyrm)*/, 163447 /*163447 (Stewart)*/, 167302 /*167302 (Weapon Crystal Bunny) - Anima Overload*/, 171029 /*171029 (Dutiful Forgehand)*/, 166962 /*166962 (Eternity Plating)*/, 166930 /*166930 (Skullboar Spinebreaker)*/, 166942 /*166942 (Eye of Zolramus)*/, 166961 /*166961 (Anima Conflux)*/, 166928 /*166928 (Decrepit Bilespawn)*/, 166964 /*166964 (Disciple of Courage) - Set Health (Random 15%-55%)*/, 166932 /*166932 (Hulking Warflesh)*/, 166926 /*166926 (Necrotic Summoner)*/, 167316 /*167316 (Disciple of Courage) - Set Health % (Uses Override Points) (No Health Regen)*/, 167151 /*167151 (Frail Spotter)*/, 166936 /*166936 (Keeneye Bowman) - Skeletal Archer Cosmetics*/, 166941 /*166941 (War Wraith)*/, 167270 /*167270 (Disciple Artemede) - Peerless Strikes*/, 167314 /*167314 (Crystal Beam Bunny) - Channel*/, 166943 /*166943 (Siege Artillery)*/, 166925 /*166925 (Rotting Discard)*/, 169690 /*169690 (Incursive Slime)*/, 167269 /*167269 (Disciple Apolon) - Peerless Strikes*/, 170823 /*170823 (Flayedwing Wraith)*/, 167134 /*167134 (Thanikos)*/, 167135 /*167135 (Mikanikos) - Phaestus, Genesis of Aeons, Phaestus, Genesis of Aeons*/, 167138 /*167138 (Kleia)*/, 167136 /*167136 (Pelagos)*/, 175091 /*175091 (Necrotic Droplet) - Mod Scale 105-110%*/, 170821 /*170821 (Cackling Stitchsurgeon) - Ride Vehicle Hardcoded*/, 167452 /*167452 (Rotwing Pestilent)*/, 167919 /*167919 (Skeletal Vanguard) - Maldraxxus Dissolve In*/, 167922 /*167922 (Rot Flinger)*/, 167921 /*167921 (Putrid Shambler) - Maldraxxus Dissolve In*/, 167933 /*167933 (Stalwart Trueshot)*/, 167932 /*167932 (Stalwart Valiant) - Devoted Wrath*/, 167448 /*167448 (Flayedwing Harrier)*/, 167462 /*167462 (Centurion Colossus) - Depleted*/, 167944 /*167944 (Kleia)*/, 166945 /*166945 (Nalthor the Rimebinder)*/, 167873 /*167873 (Thanikos)*/, 167945 /*167945 (Pelagos)*/, 167887 /*167887 (Koria) - Permanent Feign Death (NO Stun, Untrackable, Immune)*/, 167118 /*167118 (Centurion Swiftblade) - Anima Resource*/, 167115 /*167115 (Necromancer Warcaster)*/, 167119 /*167119 (Beckoned Wraith)*/, 167109 /*167109 (Skeletal Vanguard)*/, 166931 /*166931 (Bonewrought Thrasher)*/, 167041 /*167041 (Centurion Eternal) - Permanent Feign Death (NO Stun, Untrackable, Immune)*/, 167026 /*167026 (Stalwart Valiant) - Devoted Wrath*/, 167022 /*167022 (Battlesewn Render) - Disease Cloud*/, 167055 /*167055 (Rot Flinger)*/, 167043 /*167043 (Stalwart Trueshot) - 100% Threat Reduction*/, 167064 /*167064 (Centurion Eternal)*/, 167153 /*167153 (Dutiful Attendant) - Permanent Feign Death (NO Stun, Untrackable, Immune)*/, 170803 /*170803 (Spectral Hateweaver) - Ride Vehicle Hardcoded*/, 170780 /*170780 (Flayedwing Wraith)*/, 167078 /*167078 (Wingflayer the Cruel)*/, 167033 /*167033 (Putrid Shambler)*/, 167080 /*167080 (Disciple of Courage) - Permanent Feign Death (NO Stun, Untrackable, Immune)*/, 167155 /*167155 (Valiant Trainee) - Permanent Feign Death (NO Stun, Untrackable, Immune)*/, 169691 /*169691 (Invasive Boneweaver)*/, 170820 /*170820 (Ossein Champion) - Ride Vehicle Hardcoded*/, 170822 /*170822 (Flayedwing Wraith)*/, 169755 /*169755 (Shimmering Cloudstrider)*/, 169692 /*169692 (Glimmerfly Flutterer)*/, 175785 /*175785 (Kostos)*/, 170325 /*170325 (Argentwing Larion)*/, 169263 /*169263 (Spiritwing Duster) - Residual Anima*/, 172124 /*172124 (Silverplume Drifter)*/, 168240 /*168240 (Gorgebeak)*/, 165055 /*165055 (Rapacious Etherwyrm)*/, 165068 /*165068 (Withering Etherwyrm)*/, 161499 /*161499 (Gerdus)*/, 160629 /*160629 (Baedos)*/, 174437 /*174437 (Sophie)*/, 172714 /*172714 (Trapped Caretaker)*/, 172196 /*172196 (Diminished Etherwyrm)*/, 168874 /*168874 (Ardent Champion)*/, 168876 /*168876 (High Spiritguide)*/, 170517 /*170517 (Inspired Trainee)*/, 170507 /*170507 (Instructor Dani)*/, 168070 /*168070 (Pelagos)*/, 168069 /*168069 (Kleia)*/, 168038 /*168038 (Uther) - [DNT] Kyrian Ready Omni*/, 167872 /*167872 (Kill Credit: Courage Ward Checked)*/, 167870 /*167870 (Kill Credit: Wisdom Ward Checked)*/, 167869 /*167869 (Kill Credit: Humility Ward Checked)*/, 175522 /*175522 (Kelli Hoo)*/, 175524 /*175524 (Battlemaster Endios)*/, 175521 /*175521 (Alisius)*/, 175523 /*175523 (Provisioner Prothos)*/, 153456 /*153456 (Kyrestia the Firstborne)*/, 154625 /*154625 (Chyrus)*/, 175825 /*175825 (Forgehand Phillo)*/, 154626 /*154626 (Devos)*/, 154629 /*154629 (Thenios)*/, 154627 /*154627 (Xandria)*/, 175823 /*175823 (Forgelite Neptira)*/, 153436 /*153436 (Vesiphone)*/, 174580 /*174580 (Beastkeeper Krista)*/, 174583 /*174583 (Kostas)*/, 174937 /*174937 (Adjutant Galos)*/, 160037 /*160037 (Polemarch Adrestes)*/, 167867 /*167867 (Kill Credit: Audience with the Archon)*/, 167871 /*167871 (Kill Credit: Loyalty Ward Checked) - [DNT] Ward Activated*/, 167868 /*167868 (Kill Credit: Purity Ward Checked)*/, 154580 /*154580 (Reinforced Guardian) - Training Dummy Marker*/, 154564 /*154564 (Valiant's Humility) - Training Dummy Marker*/, 174269 /*174269 (Auric Spiritguide) - Training Dummy Marker, Passive Uber DoT*/, 154585 /*154585 (Valiant's Resolve) - Training Dummy Marker*/, 154586 /*154586 (Stalwart Phalanx) - Training Dummy Marker*/, 160325 /*160325 (Humility's Obedience) - Training Dummy Marker*/, 154583 /*154583 (Stalwart Guardian) - Training Dummy Marker*/, 154567 /*154567 (Purity's Cleansing) - Training Dummy Marker*/, 160212 /*160212 (Soulguide Daelia) - Soul Warden Spell Visual, Periodic*/, 159421 /*159421 (Cassius)*/, 160387 /*160387 (Hermestes)*/, 175493 /*175493 (Kyrian Steward) - Carry Aspirant Tray With Tiny Fruit Pile*/, 154635 /*154635 (Pidenos)*/, 168519 /*168519 (Sika)*/, 164590 /*164590 ([DNT] Phaestus Taken Kill Credit)*/, 175495 /*175495 (Ascended Champion)*/, 175494 /*175494 (Kyrian Ascended)*/, 167745 /*167745 (Haephus)*/, 168517 /*168517 (Kalisthene)*/, 164591 /*164591 ([DNT] Base Completed Kill Credit)*/, 174188 /*174188 (Crest of Ascension)*/, 176100 /*176100 (Iona Skyblade)*/, 158773 /*158773 (Capheus)*/, 170506 /*170506 (Thunderous Squall)*/, 171740 /*171740 (Target Bunny)*/, 171732 /*171732 (Forgelite Hephaesius)*/, 168875 /*168875 (Auric Weaver)*/, 171871 /*171871 (Aterkles)*/, 168872 /*168872 (Gilded Bulwark)*/, 168866 /*168866 (Archonic Colossus)*/, 168877 /*168877 (Gilded Wingblade) - Anima Resource*/, 170336 /*170336 (Soulwing Monarch)*/, 170337 /*170337 (Animite Scavenger)*/, 170338 /*170338 (Ravenous Invader) - Consuming Strikes, Gluttonous Slam*/, 170247 /*170247 (Spirited Skymane)*/, 171703 /*171703 (Rustfur Kit) - Pet Sit/Sleep/Dance/Use/Special*/, 170333 /*170333 (Goldenpaw Prowler)*/, 170248 /*170248 (Swift Cloudracer)*/, 170335 /*170335 (Silverplume Grazer)*/, 159420 /*159420 (Shimmering Etherwyrm)*/, 158767 /*158767 (Tamed Larion)*/, 168126 /*168126 ([DNT] Choose a Side)*/, 168125 /*168125 ([DNT] Meet with Questgivers)*/, 175760 /*175760 (Larion Cub)*/, 159612 /*159612 (Leonid)*/, 159776 /*159776 ([DNT] Anima Barrel Gathered)*/, 159775 /*159775 ([DNT] Armor Pieces Gathered)*/, 159957 /*159957 ([DNT] Repair Complete)*/, 159610 /*159610 (Agitated Etherwyrm)*/, 160597 /*160597 ([DNT] Cave Entrance POI Marker)*/, 159298 /*159298 (Gilded Cloudstrider)*/, 159410 /*159410 (Forgefire Engineer)*/, 160608 /*160608 (Patient Caretaker)*/, 165100 /*165100 (Ascended Skybearer)*/, 165048 /*165048 (Polemarch Adrestes)*/, 161536 /*161536 (Baedos' Fruit Barrel)*/, 169513 /*169513 (Etherwyrm Scavenger)*/, 167792 /*167792 (Deka)*/, 159423 /*159423 (Navarros)*/, 167785 /*167785 (Farra)*/, 160432 /*160432 (Kyrian Combat Trainer)*/, 160435 /*160435 (Kyrian Combat Trainer) - Training Dummy Marker*/, 167769 /*167769 (Tibo)*/, 160434 /*160434 (Kyrian Combat Trainer)*/, 167771 /*167771 (Kimos)*/, 174936 /*174936 (Kill Credit)*/, 167784 /*167784 (Syla)*/, 167777 /*167777 (Abalus)*/, 160223 /*160223 (Zotimos)*/, 167800 /*167800 (Mupu)*/, 167774 /*167774 (Dintos)*/, 167773 /*167773 (Bumos)*/, 167772 /*167772 (Ilapos) - Breakable BarSweepStand*/, 167775 /*167775 (Gramilos)*/, 167795 /*167795 (Akiris)*/, 167794 /*167794 (Koukis) - Carry Crate*/, 167798 /*167798 (Zenza)*/, 167796 /*167796 (Ipa)*/, 167786 /*167786 (Korinthe)*/, 167791 /*167791 (Apa) - Breakable BarSweepStand*/, 167790 /*167790 (Bola)*/, 167789 /*167789 (Laratis)*/, 167779 /*167779 (Pico)*/, 167778 /*167778 (Ipadipos) - Carry Aspirant Tray With Tiny Fruit Pile*/, 167776 /*167776 (Isilios)*/, 167783 /*167783 (Arathane)*/, 167799 /*167799 (Chaermi) - Breakable WAScrubbing 01*/, 167781 /*167781 (Dafi)*/, 167797 /*167797 (Toulis)*/, 167787 /*167787 (Asellia)*/, 167788 /*167788 (Minta)*/, 167782 /*167782 (Thima)*/, 167780 /*167780 (Haka)*/, 171526 /*171526 (Kobri) - Carry Bottles On Tray*/, 160428 /*160428 (Taerlina)*/, 172839 /*172839 (Taserio)*/, 160470 /*160470 (Adjutant Nikos)*/, 160174 /*160174 (Craftsman Repa)*/, 160274 /*160274 (Helpful Steward) - Carry Aspirant Tray With Tiny Fruit Pile*/, 160569 /*160569 (Swiftwing Larion)*/, 160430 /*160430 (Pocimos)*/, 167893 /*167893 (Kill Credit: Activate Beacon) - [DNT] Beacon Working*/, 62862 /*62862 (Mistwing Tree Vehicle)*/, 160175 /*160175 (Praetor Sentry) - Invisibility and Stealth Detection*/, 160178 /*160178 (Eumelia)*/, 160581 /*160581 (Giant Glimmerfly) - Ride Vehicle, Residual Anima*/, 160173 /*160173 (Inkiep)*/, 165043 /*165043 (Pelagos)*/, 165042 /*165042 (Kleia)*/, 165045 /*165045 (Kalisthene)*/, 160285 /*160285 (Sojourning Aspirant)*/, 175196 /*175196 (Generic Bunny)*/, 160632 /*160632 (Vulpin Stalker)*/, 169174 /*169174 (Goldenplume Matriarch)*/, 174998 /*174998 (Generic Bunny)*/, 160602 /*160602 (Rock Lord)*/, 159124 /*159124 (Katrina)*/, 165006 /*165006 (Kill Credit: Take Teleporter to Hub)*/, 169509 /*169509 (Spirited Cloudracer)*/, 158254 /*158254 (Kala) - Staff Cosmetic*/, 169308 /*169308 (Soulwing Duster) - Residual Anima*/, 160606 /*160606 (Glimmerhoof Cloudstrider)*/, 176435 /*176435 (Zosime) - [DNT] Generic - Kyrian Channel Directed*/, 170253 /*170253 (Memory of Korinna)*/, 156586 /*156586 (Invisible Stalker)*/, 175038 /*175038 (Anima-Starved Wyrm)*/, 175039 /*175039 (Anima-Starved Cloudfeather)*/, 170932 /*170932 (Cloudfeather Guardian) - Quills*/, 173216 /*173216 (Sunset Glimmerfly)*/, 173129 /*173129 (Thenia)*/, 173215 /*173215 (Plains Peachick)*/, 173214 /*173214 (Golden Grazer)*/, 168797 /*168797 (Heraclor) - Anima Resource*/, 169179 /*169179 (Goldenplume Juvenile)*/, 169163 /*169163 (Goldenplume Hunter)*/, 169158 /*169158 (Glimmerfly Darter)*/, 158150 /*158150 (Rabbit)*/, 172569 /*172569 ("Tough Love" Kala's Den Entrance POI Marker)*/, 169124 /*169124 (Glimmerpool Terrapin)*/, 169126 /*169126 (Glimmerpool Hatchling)*/, 158081 /*158081 (Kala)*/, 158054 /*158054 (Anima-Starved Wyrm)*/, 158004 /*158004 (Zosime)*/, 158179 /*158179 (Vyrm the Ravenous)*/, 157967 /*157967 (Terrapin Hatchling)*/, 158427 /*158427 (River Terrapin)*/, 158110 /*158110 (Anima-Starved Cloudfeather)*/, 157973 /*157973 (Cloudrift Runner)*/, 157962 /*157962 (Fluttering Glimmerfly)*/, 167408 /*167408 (Mawsworn Champion) - [DNT] Generic Life Burden Shader*/, 167521 /*167521 (Xandria) - [DNT] Generic Life Burden Shader*/, 167518 /*167518 (Thenios)*/, 167522 /*167522 (Devos)*/, 167520 /*167520 (Chyrus)*/, 167519 /*167519 (Vesiphone)*/, 167379 /*167379 (Final Memory Revealed)*/, 174542 /*174542 (Eye of Loyalty)*/, 167515 /*167515 (Eye of Humility)*/, 167514 /*167514 (Eye of the Archon)*/, 167513 /*167513 (Eye of Wisdom)*/, 167511 /*167511 (Eye of Courage)*/, 167504 /*167504 (Vault-Keeper Mnemis)*/, 167508 /*167508 (Umbral Phalynx)*/, 167516 /*167516 (Eye of Purity)*/, 167446 /*167446 (Use the Anima Gateway)*/, 167498 /*167498 (Mikanikos)*/, 174531 /*174531 (Image of Locus-Keeper Mnemis)*/, 167035 /*167035 (Locus-Keeper Mnemis)*/, 167499 /*167499 (Kleia)*/, 167267 /*167267 (Image of Lysonia)*/, 167036 /*167036 (Locus-Keeper Mnemis) - No NPC Damage Below Override Points%*/, 158768 /*158768 (Obedient Phalynx)*/, 157697 /*157697 (Lentios)*/, 157696 /*157696 (Nemea)*/, 158765 /*158765 (Pelodis)*/, 167257 /*167257 (Image of Lysonia) - [DNT] Generic Life Burden Shader*/, 167313 /*167313 (Forsworn Acolyte) - [DNT] Generic Life Burden Shader*/, 167312 /*167312 (Forsworn Recruit) - [DNT] Generic Life Burden Shader*/, 167260 /*167260 (Image of Lysonia) - [DNT] Lysonia Transform*/, 167311 /*167311 (Shrouded Figure)*/, 167261 /*167261 (Image of Lysonia)*/, 167387 /*167387 (Depleted Clawguard)*/, 167373 /*167373 (Vault Guardian) - Carry Tray*/, 167374 /*167374 (Vault Guardian) - Carry Tray*/, 167365 /*167365 (Locate the Cache of the Archon)*/, 171189 /*171189 (Bookkeeper Mnemis)*/, 167551 /*167551 (Fragment of Lysonia)*/, 162492 /*162492 (Forsworn Memory Fragment)*/, 167459 /*167459 (Memory Fragment) - [DNT] Generic Life Burden Shader*/, 166872 /*166872 (Umbral Phalynx) - Anima Resource*/, 167364 /*167364 (Locate the Cache of the Paragons)*/, 167469 /*167469 (Fragment of Lysonia) - [DNT] Anima Missile Transform*/, 167039 /*167039 (Anima Conduit)*/, 166873 /*166873 (Forsworn Researcher)*/, 166875 /*166875 (Dark Vault-Seeker)*/, 167562 /*167562 (Kleia)*/, 174935 /*174935 (Soul Mirror Repaired)*/, 175651 /*175651 (Suntouched Mistwalker)*/, 167211 /*167211 (Memory Extractor) - [DNT] Area Trigger*/, 166866 /*166866 (Misled Steward)*/, 166863 /*166863 (Forsworn Investigator)*/, 166869 /*166869 (Dark Goliath)*/, 167038 /*167038 (Kleia)*/, 166867 /*166867 (Converted Praetor)*/, 167034 /*167034*/, 167037 /*167037 (Image of Locus-Keeper Mnemis)*/, 160869 /*160869 (Power Bell Trigger) - Channel Counter*/);
INSERT INTO `creature_template_addon` (`entry`, `path_id`, `mount`, `bytes1`, `bytes2`, `emote`, `aiAnimKit`, `movementAnimKit`, `meleeAnimKit`, `auras`) VALUES
(167855, 0, 0, 0, 1, 0, 0, 0, 0, ''), -- 167855 (Skeletal Competitor)
(174366, 0, 0, 0, 1, 0, 0, 0, 0, ''), -- 174366 (Quartermaster Andre)
(164244, 0, 0, 0, 1, 0, 0, 0, 0, ''), -- 164244
(167858, 0, 0, 0, 1, 0, 0, 0, 0, ''), -- 167858 (Skeletal Guardian)
(167857, 0, 0, 0, 1, 0, 0, 0, 0, ''), -- 167857 (Necromancer Competitor)
(167878, 0, 0, 0, 1, 0, 0, 0, 0, ''), -- 167878 (Bladesworn Combatant)
(167879, 0, 0, 0, 1, 0, 0, 0, 0, ''), -- 167879 (Stitched Pitfighter)
(166592, 0, 0, 0, 1, 0, 0, 0, 0, ''), -- 166592 (Trained Hellhound) - Deaggro > 60yds
(166658, 0, 0, 0, 1, 0, 0, 0, 0, ''), -- 166658 (Champion Gutrend) - Deaggro > 60yds
(166600, 0, 0, 0, 1, 0, 0, 0, 0, ''), -- 166600 (Summoned Reaper) - Deaggro > 60yds
(166650, 0, 0, 0, 1, 0, 0, 0, 0, ''), -- 166650 (Champion Bloodrot) - No NPC Damage Below 45-90%, Deaggro > 60yds
(166591, 0, 0, 0, 1, 0, 0, 0, 0, ''), -- 166591 (Construct Competitor) - Deaggro > 60yds
(166649, 0, 0, 0, 1, 0, 0, 0, 0, ''), -- 166649 (Champion Rin'mar) - No NPC Damage Below 45-90%, Deaggro > 60yds
(166667, 0, 0, 50331648, 1, 0, 0, 0, 0, ''), -- 166667 (Rotwing Construct) - Necrotic Breath
(166581, 0, 0, 0, 1, 0, 0, 0, 0, ''), -- 166581 (Necromancer Competitor) - Deaggro > 60yds
(166615, 0, 0, 0, 1, 0, 0, 0, 0, ''), -- 166615 (Master Necromancer) - Deaggro > 60yds
(166602, 0, 0, 0, 1, 0, 0, 0, 0, ''), -- 166602 (Bladesworn Combatant) - Deaggro > 60yds
(166614, 0, 0, 0, 1, 0, 0, 0, 0, ''), -- 166614 (Stitched Pitfighter) - No NPC Damage Below 45-90%, Deaggro > 60yds, Massacre
(166656, 0, 0, 50331648, 1, 0, 0, 0, 0, ''), -- 166656 (Skeletal Competitor)
(166611, 0, 0, 0, 1, 0, 0, 0, 0, ''), -- 166611 (Skeletal Competitor) - Deaggro > 60yds
(163041, 0, 0, 0, 1, 0, 0, 0, 0, ''), -- 163041 (Arena Prospect)
(161599, 0, 0, 0, 1, 0, 0, 0, 0, ''), -- 161599 (Bubbling Sclerosis)
(162874, 0, 0, 0, 1, 0, 0, 0, 0, ''), -- 162874 (Ti'or)
(161757, 0, 0, 0, 1, 0, 0, 0, 0, ''), -- 161757 (Arena Challenger)
(158071, 0, 0, 0, 1, 0, 0, 0, 0, ''), -- 158071 (Mindless Animate)
(161597, 0, 0, 0, 1, 0, 0, 0, 0, ''), -- 161597 (Scouring Slime)
(161733, 0, 0, 0, 1, 0, 0, 0, 0, ''), -- 161733 (Anzio the Infallible)
(162872, 0, 0, 0, 1, 0, 0, 0, 0, ''), -- 162872 (Xantuth the Blighted)
(166568, 0, 0, 0, 1, 0, 0, 0, 0, ''), -- 166568 (Hellinka)
(166570, 0, 0, 0, 0, 0, 0, 0, 0, ''), -- 166570 (Avrilla Angar)
(164833, 0, 0, 0, 1, 0, 0, 0, 0, ''), -- 164833 (Pack Tauralus)
(175393, 0, 0, 0, 1, 0, 0, 0, 0, ''), -- 175393 (Eli'ot Roush)
(169697, 0, 0, 1, 0, 0, 0, 0, 0, ''), -- 169697 (Halesteel Obernolte)
(161697, 0, 0, 0, 1, 0, 0, 0, 0, ''), -- 161697 (Stoker Marabone)
(161696, 0, 0, 0, 1, 0, 0, 0, 0, ''), -- 161696 (Steelpin Wilhelm)
(166424, 0, 0, 0, 1, 0, 0, 0, 0, ''), -- 166424 (Arena Laborer)
(166420, 0, 0, 0, 1, 0, 0, 0, 0, ''), -- 166420 (Varissa Stubin)
(157540, 0, 0, 0, 257, 0, 0, 0, 0, ''), -- 157540 (Wing Guard Alamar)
(161712, 0, 0, 0, 1, 0, 0, 0, 0, ''), -- 161712 (Nana Redcap)
(161702, 0, 0, 0, 1, 0, 0, 0, 0, ''), -- 161702 (Slumbar Valorum)
(173003, 0, 0, 0, 0, 0, 0, 0, 0, ''), -- 173003 (Nalcorn Talsen)
(93008, 0, 0, 0, 1, 0, 0, 0, 0, ''), -- 93008 (Corpse Maggot)
(166564, 0, 0, 0, 0, 0, 0, 0, 0, ''), -- 166564 (Relentless Trainee)
(166567, 0, 0, 0, 1, 0, 0, 0, 0, ''), -- 166567 (Peejay Mimmic)
(166565, 0, 0, 0, 1, 0, 0, 0, 0, ''), -- 166565 (Zandara) - Fishing
(162873, 0, 0, 0, 1, 0, 0, 0, 0, ''), -- 162873 (Azmogal)
(169055, 0, 0, 0, 1, 0, 0, 0, 0, ''), -- 169055 (Marrow Scraper)
(166421, 0, 0, 50331648, 1, 0, 0, 0, 0, ''), -- 166421 (Trained Flayedwing)
(170542, 0, 0, 0, 1, 0, 0, 0, 0, ''), -- 170542 (Veteran Battlers)
(170496, 0, 96469, 0, 1, 0, 0, 0, 0, ''), -- 170496 (Shanir Veincutter)
(162853, 0, 0, 0, 1, 0, 0, 0, 0, ''), -- 162853 (Unbreakable Urtz) - Containment Cell Visuals
(172422, 0, 0, 0, 1, 0, 0, 0, 0, ''), -- 172422 (Chosen Spectator)
(169452, 0, 0, 0, 1, 0, 0, 0, 0, ''), -- 169452 (Seira)
(172581, 0, 0, 0, 1, 0, 0, 0, 0, ''), -- 172581 (Slimelet)
(164997, 0, 0, 0, 1, 0, 0, 0, 0, ''), -- 164997 (Corpse Pincher)
(168216, 0, 0, 50331648, 1, 0, 0, 0, 0, ''), -- 168216 (Galescreamer Elder)
(176024, 0, 0, 50331648, 1, 0, 0, 0, 0, ''), -- 176024 (Crawbat)
(173200, 0, 0, 0, 1, 0, 0, 0, 0, ''), -- 173200 (Bleak Skitterer)
(167353, 0, 0, 0, 1, 0, 0, 0, 0, ''), -- 167353 (Chittering Claw)
(168196, 0, 0, 262144, 1, 0, 0, 0, 0, ''), -- 168196 (Virulent Pest)
(170191, 0, 0, 0, 1, 0, 0, 0, 0, ''), -- 170191 (Stringy Spore)
(159856, 0, 0, 0, 1, 0, 0, 0, 0, ''), -- 159856 (Virulent Pest)
(176023, 0, 0, 50331648, 1, 0, 0, 0, 0, ''), -- 176023 (Crawbat)
(175097, 0, 0, 0, 1, 0, 0, 0, 0, ''), -- 175097 (Skeletal Steed)
(175100, 0, 0, 0, 1, 0, 0, 0, 0, ''), -- 175100 (Some Body)
(175095, 0, 0, 1, 1, 0, 0, 0, 0, ''), -- 175095 (Rampaging Gladiator)
(174223, 0, 0, 1, 1, 0, 0, 0, 0, ''), -- 174223 (Pus-In-Boots)
(174653, 0, 0, 0, 1, 0, 0, 0, 0, ''), -- 174653 (Festering Larva)
(169751, 0, 0, 50331648, 1, 0, 0, 0, 0, ''), -- 169751 (Ashen Wasp)
(162258, 0, 0, 0, 1, 0, 0, 0, 0, ''), -- 162258 (Ravenous Galescreamer)
(175085, 0, 0, 0, 1, 0, 0, 0, 0, ''), -- 175085 (Blastsewn Loader)
(161410, 0, 0, 0, 1, 0, 0, 0, 0, ''), -- 161410 (Siegemaster Traxon)
(161890, 0, 0, 0, 1, 0, 0, 0, 0, ''), -- 161890 (Fleshscarred Scavenger)
(161399, 0, 0, 0, 1, 0, 0, 0, 0, ''), -- 161399 (Fleshsewn Brawler)
(170971, 0, 0, 0, 1, 0, 0, 0, 0, ''), -- 170971 (Battle Ready Tauralus)
(166423, 0, 0, 50331648, 1, 0, 0, 0, 0, ''), -- 166423 (Trained Flayedwing)
(161376, 0, 0, 0, 1, 0, 0, 0, 0, ''), -- 161376 (Steelspine Veteran)
(167273, 0, 0, 0, 2, 0, 0, 0, 0, ''), -- 167273 (Boneplated Sharpshooter)
(166908, 0, 0, 0, 1, 0, 0, 0, 0, ''), -- 166908 (Malifis)
(167747, 0, 0, 0, 2, 0, 0, 0, 0, ''), -- 167747 (Aliya Doublet)
(161881, 0, 0, 0, 1, 0, 0, 0, 0, ''), -- 161881 (Injured Steelspine)
(162259, 0, 0, 50331648, 1, 0, 0, 0, 0, ''), -- 162259 (Galescreamer Pup)
(167743, 0, 0, 0, 2, 0, 0, 0, 0, ''), -- 167743 (Vassili Freeshot)
(169634, 0, 0, 262144, 1, 0, 0, 0, 0, ''), -- 169634 (Soulspliced Veteran)
(175021, 0, 0, 0, 1, 0, 0, 0, 0, ''), -- 175021 (Pulsating Maggot)
(167355, 0, 0, 0, 1, 0, 0, 0, 0, ''), -- 167355 (Pulsating Maggot)
(167354, 0, 0, 0, 1, 0, 0, 0, 0, ''), -- 167354 (Writhing Rachis)
(157671, 0, 0, 0, 1, 0, 0, 0, 0, ''), -- 157671 (Prime Bladeguard)
(156558, 0, 0, 0, 1, 0, 0, 0, 0, ''), -- 156558 (Generic - Empty Bunny) - [DNT] - Flavor 2
(160417, 0, 0, 0, 1, 0, 0, 0, 0, ''), -- 160417 (Plaguey)
(161398, 0, 0, 0, 1, 0, 0, 0, 0, ''), -- 161398 (Vyraz Bladesworn)
(164221, 0, 0, 0, 1, 0, 0, 0, 0, ''), -- 164221 (Kevin)
(160419, 0, 0, 0, 1, 0, 0, 0, 0, ''), -- 160419 (Bloop)
(160418, 0, 0, 0, 1, 0, 0, 0, 0, ''), -- 160418 (Ooz)
(165017, 0, 0, 0, 1, 0, 0, 0, 0, ''), -- 165017 (Plague Inventor)
(173000, 0, 0, 0, 0, 0, 0, 0, 0, ''), -- 173000 (Madeleine Roux)
(172173, 0, 0, 0, 1, 0, 0, 0, 0, ''), -- 172173 (Dispute Interpreter) - Read Scroll
(167645, 0, 0, 0, 0, 0, 0, 0, 0, ''), -- 167645 (Jericho Wallrush)
(165321, 0, 0, 0, 1, 0, 0, 0, 0, ''), -- 165321 (Merick Feldscar)
(167649, 0, 0, 0, 1, 0, 0, 0, 0, ''), -- 167649 (Kresto Deathsear)
(165350, 0, 0, 0, 1, 0, 0, 0, 0, ''), -- 165350 (Lyra Hailstorm)
(164667, 0, 0, 0, 257, 0, 0, 0, 0, ''), -- 164667 (Prime Shieldguard)
(174491, 0, 0, 0, 1, 0, 0, 0, 0, ''), -- 174491 (Iron Tester)
(174488, 0, 0, 0, 1, 0, 0, 0, 0, ''), -- 174488 (Unbreakable Defender)
(174484, 0, 0, 0, 1, 0, 0, 0, 0, ''), -- 174484 (Immovable Champion) - Training Dummy Marker
(156479, 0, 0, 0, 0, 0, 0, 0, 0, ''), -- 156479
(174564, 0, 0, 0, 1, 0, 0, 0, 0, ''), -- 174564
(175132, 0, 0, 0, 1, 0, 0, 0, 0, ''), -- 175132 (Pathscribe Roh-Avonavi)
(171338, 0, 0, 0, 1, 0, 0, 0, 0, ''), -- 171338 (Overseer Kah-Sher)
(166312, 0, 0, 0, 1, 0, 0, 0, 0, ''), -- 166312
(171296, 0, 0, 0, 0, 0, 0, 0, 0, ''), -- 171296 (Apolon)
(173369, 0, 0, 0, 1, 0, 0, 0, 0, ''), -- 173369
(156791, 0, 0, 0, 1, 0, 0, 0, 0, ''), -- 156791
(173318, 0, 0, 0, 1, 0, 0, 0, 0, ''), -- 173318
(169524, 0, 0, 0, 1, 0, 0, 0, 0, ''), -- 169524
(165796, 0, 0, 0, 1, 0, 0, 0, 0, ''), -- 165796
(173370, 0, 0, 0, 1, 0, 0, 0, 0, ''), -- 173370
(166284, 0, 0, 0, 1, 0, 0, 0, 0, ''), -- 166284
(156664, 0, 0, 0, 1, 0, 0, 0, 0, ''), -- 156664
(156663, 0, 0, 0, 1, 0, 0, 0, 0, ''), -- 156663
(173354, 0, 0, 0, 1, 0, 0, 0, 0, ''), -- 173354 (Deceased Monkey)
(173355, 0, 0, 0, 1, 0, 0, 0, 0, ''), -- 173355
(173353, 0, 0, 0, 1, 0, 0, 0, 0, ''), -- 173353
(173357, 0, 0, 0, 1, 0, 0, 0, 0, ''), -- 173357
(173356, 0, 0, 50331648, 1, 0, 0, 0, 0, ''), -- 173356
(173352, 0, 0, 0, 1, 0, 0, 0, 0, ''), -- 173352 (Deceased Monkey)
(156768, 0, 0, 0, 1, 0, 0, 0, 0, ''), -- 156768
(156758, 0, 0, 0, 1, 0, 0, 0, 0, ''), -- 156758
(166307, 0, 0, 0, 1, 0, 0, 0, 0, ''), -- 166307
(156769, 0, 0, 0, 1, 0, 0, 0, 0, ''), -- 156769
(156735, 0, 0, 0, 1, 0, 0, 0, 0, ''), -- 156735
(173350, 0, 0, 0, 1, 0, 0, 0, 0, ''), -- 173350
(176545, 0, 0, 50331648, 1, 0, 0, 0, 0, ''), -- 176545
(173348, 0, 0, 0, 1, 0, 21542, 0, 0, ''), -- 173348
(164353, 0, 0, 0, 1, 0, 0, 0, 0, ''), -- 164353
(164352, 0, 0, 0, 1, 0, 0, 0, 0, ''), -- 164352
(173325, 0, 0, 0, 1, 0, 6214, 0, 0, ''), -- 173325
(167881, 0, 0, 0, 1, 0, 0, 0, 0, ''), -- 167881
(167880, 0, 0, 0, 1, 0, 0, 0, 0, ''), -- 167880
(156688, 0, 0, 0, 1, 0, 0, 0, 0, ''), -- 156688
(165405, 0, 0, 0, 1, 0, 0, 0, 0, ''), -- 165405
(173364, 0, 0, 0, 1, 0, 0, 0, 0, ''), -- 173364
(165403, 0, 0, 0, 1, 0, 0, 0, 0, ''), -- 165403
(164173, 0, 0, 0, 1, 0, 0, 0, 0, ''), -- 164173
(175327, 0, 0, 0, 1, 0, 0, 0, 0, ''), -- 175327
(164686, 0, 0, 0, 1, 0, 0, 0, 0, ''), -- 164686
(161915, 0, 0, 3, 1, 0, 0, 0, 0, ''), -- 161915 (Baedos)
(173206, 0, 0, 0, 1, 0, 0, 0, 0, ''), -- 173206 (Battery)
(173205, 0, 0, 0, 1, 0, 0, 0, 0, ''), -- 173205 (Slasher)
(173204, 0, 0, 0, 1, 0, 0, 0, 0, ''), -- 173204 (Pounder)
(173130, 0, 0, 0, 1, 0, 0, 0, 0, ''), -- 173130 (Zolla)
(160610, 0, 0, 50331648, 1, 0, 0, 0, 0, ''), -- 160610 (Great Ancient Ithys)
(161513, 0, 0, 0, 1, 0, 0, 0, 0, ''), -- 161513 (Myrine)
(160609, 0, 0, 0, 1, 0, 0, 0, 0, ''), -- 160609 (Goldfish)
(170326, 0, 0, 50331648, 1, 0, 0, 0, 0, ''), -- 170326 (Argentwing Hunter)
(174769, 0, 0, 0, 1, 0, 0, 0, 0, ''), -- 174769 (Diligent Attendant)
(162614, 0, 0, 50331648, 1, 0, 0, 0, 0, ''), -- 162614 (Instructor Herus)
(166755, 0, 0, 0, 1, 0, 0, 0, 0, ''), -- 166755 (Loyal Acolyte)
(175062, 0, 0, 0, 1, 0, 0, 0, 0, ''), -- 175062 (Bounding Shroom)
(175445, 0, 0, 0, 1, 0, 0, 0, 0, ''), -- 175445 (Provisioner Klaus)
(175444, 0, 0, 0, 1, 0, 0, 0, 0, ''), -- 175444 (Beastkeeper Ismene)
(175621, 0, 0, 0, 1, 0, 0, 0, 0, ''), -- 175621 (Caretaker Kristina)
(175457, 0, 0, 0, 1, 0, 0, 0, 0, ''), -- 175457 (Adrina)
(169619, 0, 0, 50331648, 1, 0, 0, 0, 0, ''), -- 169619 (Umbrawing Flitter)
(169566, 0, 0, 0, 1, 0, 0, 0, 0, ''), -- 169566 (Shrine Tender) - Play Flute
(172909, 0, 0, 0, 1, 0, 0, 0, 0, ''), -- 172909 (Horrible Recollection)
(170183, 0, 0, 0, 1, 0, 0, 0, 0, ''), -- 170183 (Burdened Stratosmare)
(169914, 0, 0, 50331648, 1, 0, 0, 0, 0, ''), -- 169914 (Umbrawing Monarch) - Residual Anima
(172200, 0, 0, 0, 1, 0, 0, 0, 0, ''), -- 172200 (Silverplume Ridgeback)
(172045, 0, 0, 0, 1, 0, 0, 0, 0, ''), -- 172045 (Highwind Larion)
(172872, 0, 0, 0, 1, 0, 0, 0, 0, ''), -- 172872 (Doubtful Acolyte)
(172937, 0, 0, 50331648, 1, 0, 0, 0, 0, ''), -- 172937 (Disciple of Wisdom) - [DNT] Generic - Flying Kyrian Channel - ReadySpell Anim
(172935, 0, 0, 0, 1, 0, 0, 0, 0, ''), -- 172935 (Acolyte of Wisdom)
(172910, 0, 0, 0, 1, 0, 0, 0, 0, ''), -- 172910 (Orphaned Memory) - Invoke Doubt
(169816, 0, 0, 0, 1, 0, 0, 0, 0, ''), -- 169816 (Trueblue Carp)
(169804, 0, 0, 0, 1, 0, 0, 0, 0, ''), -- 169804 (Naiadic Skimmer)
(172576, 0, 0, 0, 1, 0, 0, 0, 0, ''), -- 172576 (Caretaker Calisaphene)
(169826, 0, 0, 0, 1, 0, 0, 0, 0, ''), -- 169826 (Glimmerpool Snapjaw)
(159125, 0, 0, 0, 1, 0, 0, 0, 0, ''), -- 159125 (Klassia)
(159629, 0, 0, 0, 1, 0, 0, 0, 0, ''), -- 159629 (Servant of Kalliope)
(172587, 0, 0, 0, 0, 0, 0, 0, 0, ''), -- 172587 (Forgehand Skafa)
(174578, 0, 0, 0, 1, 0, 0, 0, 0, ''), -- 174578 (Beastkeeper Gaelus)
(172600, 0, 0, 0, 1, 0, 0, 0, 0, ''), -- 172600 (Learned Aspirant)
(172017, 0, 0, 50331648, 1, 0, 7533, 0, 0, ''), -- 172017 (Highloft Etherwyrm)
(159809, 0, 0, 0, 1, 0, 0, 0, 0, ''), -- 159809 (Trap Switch)
(160176, 0, 0, 0, 257, 0, 0, 0, 0, ''), -- 160176 (Praetor Sentry)
(159615, 0, 0, 0, 1, 0, 0, 0, 0, ''), -- 159615 (Scanner Ward)
(159795, 0, 0, 0, 1, 0, 0, 0, 0, ''), -- 159795 (Scanner Ward)
(170395, 0, 0, 50331648, 1, 0, 0, 0, 0, ''), -- 170395 (Spiritwing Flutterer) - Residual Anima
(170334, 0, 0, 0, 1, 0, 0, 0, 0, ''), -- 170334 (Glimmerpool Snapper)
(160110, 0, 0, 0, 1, 0, 0, 0, 0, ''), -- 160110 (First Guardian of Kalliope)
(159802, 0, 0, 0, 1, 0, 0, 0, 0, ''), -- 159802 (Trap Switch)
(160151, 0, 0, 0, 1, 0, 0, 0, 0, ''), -- 160151 (Chamber Incense Burner)
(160089, 0, 0, 0, 1, 0, 0, 0, 0, ''), -- 160089 (Chamber Guardian)
(159252, 0, 0, 8, 1, 0, 0, 0, 0, ''), -- 159252 (Forsworn Researcher)
(163498, 0, 0, 262144, 1, 0, 0, 0, 0, ''), -- 163498 (Kyrian Scholar)
(159272, 0, 0, 0, 0, 0, 0, 0, 0, ''), -- 159272 (Artificer Ligiea)
(159253, 0, 0, 0, 1, 0, 0, 0, 0, ''), -- 159253 (Forsworn Enforcer)
(164294, 0, 0, 0, 1, 0, 0, 0, 0, ''), -- 164294 (Goliath Shieldguard)
(164714, 0, 0, 0, 1, 0, 0, 0, 0, ''), -- 164714 (Forsworn Appraiser)
(159319, 0, 0, 0, 1, 0, 0, 0, 0, ''), -- 159319 (Quartermaster Taelica)
(164380, 0, 0, 0, 1, 0, 0, 0, 0, ''), -- 164380 (Forsworn Vandal)
(164371, 0, 0, 0, 1, 0, 0, 0, 0, ''), -- 164371 (Forsworn Looter)
(164640, 0, 0, 0, 1, 0, 0, 0, 0, ''), -- 164640 (Kowalskos)
(163556, 0, 0, 33554432, 1, 0, 0, 0, 0, ''), -- 163556 (Lumbering Crystalback)
(163474, 0, 0, 50331648, 1, 0, 0, 0, 0, ''), -- 163474 (Summerfly)
(171017, 0, 0, 50331648, 1, 0, 0, 0, 0, ''), -- 171017 (Reclusive Etherwyrm)
(169555, 0, 0, 50331648, 1, 0, 0, 0, 0, ''), -- 169555 (Glimmerfly Duster) - Residual Anima
(163568, 0, 0, 0, 1, 0, 0, 0, 0, ''), -- 163568 (Etherwyrm Patriarch)
(163546, 0, 0, 0, 1, 0, 0, 0, 0, ''), -- 163546 (Young Etherwyrm)
(163480, 0, 0, 262144, 1, 0, 0, 0, 0, ''), -- 163480 (Agitated Glimmerfly) - Permanent Feign Death, Residual Anima
(163427, 0, 0, 50331648, 1, 0, 0, 0, 0, ''), -- 163427 (Kalisthene)
(159915, 0, 0, 0, 1, 0, 0, 0, 0, ''), -- 159915 (Gatamatos)
(159917, 0, 0, 0, 1, 0, 0, 0, 0, ''), -- 159917 (Gatamatos) - Quest - Default Interact Objective Placement Visual State
(168464, 0, 0, 0, 1, 0, 0, 0, 0, ''), -- 168464 (Copperfur Prowler)
(160184, 0, 0, 0, 1, 0, 0, 0, 0, ''), -- 160184 (Flight Training Ring)
(169195, 0, 0, 0, 1, 0, 0, 0, 0, ''), -- 169195 (Roaming Cloudracer)
(160022, 0, 0, 0, 1, 0, 0, 0, 0, ''), -- 160022 (Training Gem) - [DNT] Summon Area Trigger
(159835, 0, 0, 0, 1, 0, 0, 0, 0, ''), -- 159835 (Gatamatos)
(160255, 0, 0, 0, 1, 0, 0, 0, 0, ''), -- 160255 (Andira)
(159697, 0, 0, 0, 1, 0, 0, 0, 0, ''), -- 159697 (Gatamatos)
(159675, 0, 0, 0, 1, 0, 0, 0, 0, ''), -- 159675 (Gatamatos) - Quest - Default Interact Objective Placement Visual State
(168402, 0, 0, 0, 1, 0, 0, 0, 0, ''), -- 168402 (Darkwing) - Quills
(159641, 0, 0, 0, 1, 0, 10630, 0, 0, ''), -- 159641 (Gatamatos) - Malfunctioning
(159289, 0, 0, 0, 1, 0, 0, 0, 0, ''), -- 159289 (Juvenile Cloudfeather)
(160189, 0, 0, 0, 1, 0, 0, 0, 0, ''), -- 160189 (Andira) - Thorn in Paw, Thorn in Paw
(159609, 0, 0, 0, 1, 0, 0, 0, 0, ''), -- 159609 (Hopo)
(159192, 0, 0, 50331648, 1, 0, 0, 0, 0, ''), -- 159192 (Cloudfeather Greatwing)
(160437, 0, 0, 50331648, 1, 0, 0, 0, 0, ''), -- 160437 (Visiting Ascended)
(160882, 0, 0, 0, 1, 0, 0, 0, 0, ''), -- 160882 (Nikara Blackheart) - [DNT] FlyFly
(160881, 0, 0, 0, 1, 0, 0, 0, 0, ''), -- 160881 (Trueshot Hurler) - [DNT] FlyFly
(174605, 0, 0, 0, 1, 0, 0, 0, 0, ''), -- 174605 (Forsworn Anima-Weaver) - [DNT] FlyFly
(160879, 0, 0, 0, 1, 0, 0, 0, 0, ''), -- 160879 (Forsworn Guardsman) - [DNT] FlyFly
(160877, 0, 0, 0, 1, 0, 0, 0, 0, ''), -- 160877 (Forsworn Vanguard) - [DNT] FlyFly
(160875, 0, 0, 50331648, 0, 0, 0, 0, 0, ''), -- 160875 (Sophia) - Mending
(164805, 0, 0, 0, 1, 0, 0, 0, 0, ''), -- 164805 (Destinos)
(168887, 0, 0, 0, 1, 0, 0, 0, 0, ''), -- 168887 (Gilded Cloudstrider)
(168634, 0, 0, 50331648, 1, 0, 0, 0, 0, ''), -- 168634 (Soulwing Glimmerfly)
(158290, 0, 0, 0, 1, 0, 0, 0, 0, ''), -- 158290 (Tezulat the Annihilator) - Generic - Spawn Alpha (90%)
(158319, 0, 0, 0, 1, 0, 19912, 0, 0, ''), -- 158319 (Wounded Defender) - Generic - Spawn Alpha (90%)
(158256, 0, 0, 50331648, 1, 0, 0, 0, 0, ''), -- 158256 (Corrupted Cloudfeather) - Void Touched State with Alpha
(158238, 0, 0, 0, 1, 0, 0, 0, 0, ''), -- 158238 (Void Portal)
(158162, 0, 0, 0, 1, 0, 0, 0, 0, ''), -- 158162 (Vile Oozeling) - Generic - Spawn Alpha (90%)
(158161, 0, 0, 0, 1, 0, 0, 0, 0, ''), -- 158161 (Voidguard Invader) - Generic - Spawn Alpha (90%)
(158247, 0, 0, 0, 1, 0, 0, 0, 0, ''), -- 158247 ([DNT] Effect Bunny)
(166237, 0, 0, 0, 1, 0, 0, 0, 0, ''), -- 166237 (Void Gateway)
(158160, 0, 0, 0, 1, 0, 0, 0, 0, ''), -- 158160 (Seething Voidripper) - Generic - Spawn Alpha (90%), Void Channelling
(158181, 0, 0, 0, 1, 0, 0, 0, 0, ''), -- 158181 (Agthia) - Generic - Spawn Alpha (90%)
(158178, 0, 0, 0, 1, 0, 0, 0, 0, ''), -- 158178 (Agthian Defender) - 100% Threat Reduction, Generic - Spawn Alpha (90%)
(158177, 0, 0, 0, 1, 0, 0, 0, 0, ''); -- 158177 (Void Lasher) - Generic - Spawn Alpha (90%)

INSERT INTO `creature_template_addon` (`entry`, `path_id`, `mount`, `bytes1`, `bytes2`, `emote`, `aiAnimKit`, `movementAnimKit`, `meleeAnimKit`, `auras`) VALUES
(158400, 0, 0, 0, 1, 0, 0, 0, 0, ''), -- 158400 ([DNT] Void Rain Bunny)
(158651, 0, 0, 50331648, 1, 0, 0, 0, 0, ''), -- 158651 (Agthia) - Kyrian Vision
(158624, 0, 0, 0, 1, 0, 0, 0, 0, ''), -- 158624 (Void Lasher) - Kyrian Vision
(173117, 0, 0, 0, 1, 0, 0, 0, 0, ''), -- 173117 (Steward Mechanic)
(164762, 0, 0, 0, 1, 0, 0, 0, 0, ''), -- 164762 (Scroll of Remembrance)
(168892, 0, 0, 50331648, 1, 0, 0, 0, 0, ''), -- 168892 (Famished Etherwyrm)
(158619, 0, 0, 50331648, 1, 0, 0, 0, 0, ''), -- 158619 (Agthian Defender) - [DNT] Void Chest Effect
(164752, 0, 0, 0, 1, 0, 0, 0, 0, ''), -- 164752 (Scroll of Remembrance)
(164769, 0, 0, 0, 1, 0, 0, 0, 0, ''), -- 164769 (Scroll of Remembrance)
(158610, 0, 0, 0, 1, 0, 0, 0, 0, ''), -- 158610 (Voidguard Invader) - Kyrian Vision
(171670, 0, 0, 0, 1, 0, 0, 0, 0, ''), -- 171670 (Glimmerpool Hatchling) - Pet Whirlwind/Sleep/MountSpecial
(158612, 0, 0, 0, 1, 0, 0, 0, 0, ''), -- 158612 (Scroll of Remembrance)
(171255, 0, 0, 50331648, 1, 0, 0, 0, 0, ''), -- 171255 (Echo of Aella)
(164693, 0, 0, 0, 1, 0, 0, 0, 0, ''), -- 164693 ([DNT] Vesper of History Bunny)
(158078, 0, 0, 0, 1, 0, 0, 0, 0, ''), -- 158078 (Keeper Mnemis)
(158084, 0, 0, 0, 1, 0, 0, 0, 0, ''), -- 158084 (Contemplative Student)
(158159, 0, 0, 0, 1, 0, 0, 0, 0, ''), -- 158159 (Swap Phase Kill Credit)
(158094, 0, 0, 0, 1, 0, 0, 0, 0, ''), -- 158094 (Diligent Attendant) - Breakable BarSweepStand
(168936, 0, 0, 50331648, 1, 0, 0, 0, 0, ''), -- 168936 ([DNT] Bell Bunny)
(169382, 0, 0, 0, 1, 0, 0, 0, 0, ''), -- 169382 (Silverwing Juvenile)
(169313, 0, 0, 50331648, 1, 0, 0, 0, 0, ''), -- 169313 (Silverwing Hunter)
(167583, 0, 0, 0, 1, 0, 0, 0, 0, ''), -- 167583 (Disciple Apolon)
(167584, 0, 0, 8, 1, 0, 0, 0, 0, ''), -- 167584 (Disciple Artemede) - Peerless Strikes
(171306, 0, 0, 0, 1, 0, 0, 0, 0, ''), -- 171306 (Stitched Vanguard)
(171312, 0, 0, 0, 1, 0, 0, 0, 0, ''), -- 171312 (Patchwerk Soldier)
(171314, 0, 0, 0, 1, 0, 0, 0, 0, ''), -- 171314 (Rot Flinger)
(171308, 0, 0, 0, 1, 0, 0, 0, 0, ''), -- 171308 (Zolramus Gatekeeper)
(167560, 0, 0, 0, 1, 0, 0, 0, 0, ''), -- 167560 (Disciple Artemede) - Peerless Strikes
(167559, 0, 0, 0, 1, 0, 0, 0, 0, ''), -- 167559 (Disciple Apolon) - Peerless Strikes
(167484, 0, 0, 0, 1, 0, 0, 0, 0, ''), -- 167484 (Thanikos Spinerender)
(167472, 0, 0, 50331648, 1, 0, 0, 0, 0, ''), -- 167472 (Xandria)
(73985, 0, 0, 50331648, 1, 0, 0, 0, 0, ''), -- 73985 (Large AOI Bunny - GJC)
(163146, 0, 0, 262144, 1, 0, 0, 0, 0, ''), -- 163146 (Collapsed Goliath) - Permanent Feign Death (NO Stun, Untrackable, Immune)
(163135, 0, 0, 262144, 1, 0, 0, 0, 0, ''), -- 163135 (Ascended Corpse) - Permanent Feign Death (NO Stun, Untrackable, Immune)
(167460, 0, 0, 0, 1, 0, 0, 0, 0, ''), -- 167460 (Thanikos)
(167433, 0, 0, 0, 1, 0, 0, 0, 0, ''), -- 167433 (Marrowmaw)
(167432, 0, 0, 0, 1, 0, 0, 0, 0, ''), -- 167432 (Risen Champion) - Maldraxxus Dissolve In
(167431, 0, 0, 0, 1, 0, 0, 0, 0, ''), -- 167431 (Risen Magus) - Maldraxxus Dissolve In
(167426, 0, 0, 0, 1, 0, 0, 0, 0, ''), -- 167426 (Risen Valiant) - Maldraxxus Dissolve In
(167423, 0, 0, 0, 1, 0, 0, 0, 0, ''), -- 167423 (Thanikos)
(167121, 0, 0, 0, 1, 0, 0, 0, 0, ''), -- 167121 (Centurion Colossus)
(167428, 0, 0, 0, 1, 0, 14403, 0, 0, ''), -- 167428 (Mikanikos) - Phaestus, Genesis of Aeons, Phaestus, Genesis of Aeons
(166944, 0, 95142, 50331648, 1, 0, 0, 0, 0, ''), -- 166944 (Amarth)
(166937, 0, 0, 0, 0, 0, 0, 0, 0, ''), -- 166937 (Dauntless Champion)
(169390, 0, 0, 0, 1, 0, 0, 0, 0, ''), -- 169390 (Copperfur Vulpin) - Cosmetic - Sleep Zzz Breakable
(166935, 0, 0, 0, 1, 0, 0, 0, 0, ''), -- 166935 (Undying Soldier)
(163500, 0, 0, 0, 1, 0, 0, 0, 0, ''), -- 163500 (Spineshell Terrapin)
(163499, 0, 0, 262144, 1, 0, 0, 0, 0, ''), -- 163499 (Temple Tender)
(163473, 0, 0, 50331648, 1, 0, 0, 0, 0, ''), -- 163473 (Fluttering Glimmerfly) - Mod Scale 90-110%, Residual Anima
(163549, 0, 0, 50331648, 1, 0, 0, 0, 0, ''), -- 163549 (Fluttering Glimmerfly) - Residual Anima
(163552, 0, 0, 50331648, 1, 0, 0, 0, 0, ''), -- 163552 (Starving Etherwyrm)
(163447, 0, 0, 0, 1, 0, 0, 0, 0, ''), -- 163447 (Stewart)
(167302, 0, 0, 50331648, 1, 0, 0, 0, 0, ''), -- 167302 (Weapon Crystal Bunny) - Anima Overload
(171029, 0, 0, 262144, 1, 0, 0, 0, 0, ''), -- 171029 (Dutiful Forgehand)
(166962, 0, 0, 50331648, 1, 0, 0, 0, 0, ''), -- 166962 (Eternity Plating)
(166930, 0, 0, 0, 1, 0, 0, 0, 0, ''), -- 166930 (Skullboar Spinebreaker)
(166942, 0, 0, 0, 1, 0, 0, 0, 0, ''), -- 166942 (Eye of Zolramus)
(166961, 0, 0, 50331648, 1, 0, 0, 0, 0, ''), -- 166961 (Anima Conflux)
(166928, 0, 0, 0, 1, 0, 0, 0, 0, ''), -- 166928 (Decrepit Bilespawn)
(166964, 0, 0, 8, 1, 0, 0, 0, 0, ''), -- 166964 (Disciple of Courage) - Set Health (Random 15%-55%)
(166932, 0, 0, 0, 1, 0, 0, 0, 0, ''), -- 166932 (Hulking Warflesh)
(166926, 0, 0, 0, 1, 0, 0, 0, 0, ''), -- 166926 (Necrotic Summoner)
(167316, 0, 0, 50331648, 1, 0, 9040, 0, 0, ''), -- 167316 (Disciple of Courage) - Set Health % (Uses Override Points) (No Health Regen)
(167151, 0, 0, 0, 1, 0, 0, 0, 0, ''), -- 167151 (Frail Spotter)
(166936, 0, 0, 0, 2, 0, 0, 0, 0, ''), -- 166936 (Keeneye Bowman) - Skeletal Archer Cosmetics
(166941, 0, 0, 0, 1, 0, 0, 0, 0, ''), -- 166941 (War Wraith)
(167270, 0, 0, 0, 1, 0, 0, 0, 0, ''), -- 167270 (Disciple Artemede) - Peerless Strikes
(167314, 0, 0, 50331648, 1, 0, 0, 0, 0, ''), -- 167314 (Crystal Beam Bunny) - Channel
(166943, 0, 0, 0, 1, 0, 0, 0, 0, ''), -- 166943 (Siege Artillery)
(166925, 0, 0, 0, 1, 0, 0, 0, 0, ''), -- 166925 (Rotting Discard)
(169690, 0, 0, 0, 1, 0, 0, 0, 0, ''), -- 169690 (Incursive Slime)
(167269, 0, 0, 0, 1, 0, 0, 0, 0, ''), -- 167269 (Disciple Apolon) - Peerless Strikes
(170823, 0, 0, 50331648, 1, 0, 0, 0, 0, ''), -- 170823 (Flayedwing Wraith)
(167134, 0, 0, 0, 1, 0, 0, 0, 0, ''), -- 167134 (Thanikos)
(167135, 0, 0, 0, 1, 0, 14403, 0, 0, ''), -- 167135 (Mikanikos) - Phaestus, Genesis of Aeons, Phaestus, Genesis of Aeons
(167138, 0, 0, 0, 1, 0, 0, 0, 0, ''), -- 167138 (Kleia)
(167136, 0, 0, 0, 1, 0, 0, 0, 0, ''), -- 167136 (Pelagos)
(175091, 0, 0, 0, 1, 0, 0, 0, 0, ''), -- 175091 (Necrotic Droplet) - Mod Scale 105-110%
(170821, 0, 0, 0, 1, 0, 0, 0, 0, ''), -- 170821 (Cackling Stitchsurgeon) - Ride Vehicle Hardcoded
(167452, 0, 0, 50331648, 1, 0, 0, 0, 0, ''), -- 167452 (Rotwing Pestilent)
(167919, 0, 0, 0, 1, 0, 0, 0, 0, ''), -- 167919 (Skeletal Vanguard) - Maldraxxus Dissolve In
(167922, 0, 0, 0, 1, 0, 0, 0, 0, ''), -- 167922 (Rot Flinger)
(167921, 0, 0, 0, 1, 0, 0, 0, 0, ''), -- 167921 (Putrid Shambler) - Maldraxxus Dissolve In
(167933, 0, 0, 0, 2, 0, 0, 0, 0, ''), -- 167933 (Stalwart Trueshot)
(167932, 0, 0, 0, 1, 0, 0, 0, 0, ''), -- 167932 (Stalwart Valiant) - Devoted Wrath
(167448, 0, 0, 50331648, 1, 0, 0, 0, 0, ''), -- 167448 (Flayedwing Harrier)
(167462, 0, 0, 0, 1, 0, 0, 0, 0, ''), -- 167462 (Centurion Colossus) - Depleted
(167944, 0, 0, 0, 1, 0, 0, 0, 0, ''), -- 167944 (Kleia)
(166945, 0, 0, 0, 1, 0, 0, 0, 0, ''), -- 166945 (Nalthor the Rimebinder)
(167873, 0, 0, 8, 1, 0, 0, 0, 0, ''), -- 167873 (Thanikos)
(167945, 0, 0, 0, 2, 0, 0, 0, 0, ''), -- 167945 (Pelagos)
(167887, 0, 0, 262144, 1, 0, 0, 0, 0, ''), -- 167887 (Koria) - Permanent Feign Death (NO Stun, Untrackable, Immune)
(167118, 0, 0, 0, 1, 0, 0, 0, 0, ''), -- 167118 (Centurion Swiftblade) - Anima Resource
(167115, 0, 0, 0, 1, 0, 0, 0, 0, ''), -- 167115 (Necromancer Warcaster)
(167119, 0, 0, 0, 1, 0, 0, 0, 0, ''), -- 167119 (Beckoned Wraith)
(167109, 0, 0, 0, 1, 0, 0, 0, 0, ''), -- 167109 (Skeletal Vanguard)
(166931, 0, 0, 0, 1, 0, 0, 0, 0, ''), -- 166931 (Bonewrought Thrasher)
(167041, 0, 0, 262144, 1, 0, 0, 0, 0, ''), -- 167041 (Centurion Eternal) - Permanent Feign Death (NO Stun, Untrackable, Immune)
(167026, 0, 0, 0, 1, 0, 0, 0, 0, ''), -- 167026 (Stalwart Valiant) - Devoted Wrath
(167022, 0, 0, 0, 1, 0, 0, 0, 0, ''), -- 167022 (Battlesewn Render) - Disease Cloud
(167055, 0, 0, 0, 1, 0, 0, 0, 0, ''), -- 167055 (Rot Flinger)
(167043, 0, 0, 0, 1, 0, 0, 0, 0, ''), -- 167043 (Stalwart Trueshot) - 100% Threat Reduction
(167064, 0, 0, 0, 1, 0, 0, 0, 0, ''), -- 167064 (Centurion Eternal)
(167153, 0, 0, 262144, 1, 0, 0, 0, 0, ''), -- 167153 (Dutiful Attendant) - Permanent Feign Death (NO Stun, Untrackable, Immune)
(170803, 0, 0, 0, 1, 0, 0, 0, 0, ''), -- 170803 (Spectral Hateweaver) - Ride Vehicle Hardcoded
(170780, 0, 0, 50331648, 1, 0, 0, 0, 0, ''), -- 170780 (Flayedwing Wraith)
(167078, 0, 0, 0, 1, 0, 0, 0, 0, ''), -- 167078 (Wingflayer the Cruel)
(167033, 0, 0, 0, 1, 0, 0, 0, 0, ''), -- 167033 (Putrid Shambler)
(167080, 0, 0, 262144, 1, 0, 0, 0, 0, ''), -- 167080 (Disciple of Courage) - Permanent Feign Death (NO Stun, Untrackable, Immune)
(167155, 0, 0, 262144, 1, 0, 0, 0, 0, ''), -- 167155 (Valiant Trainee) - Permanent Feign Death (NO Stun, Untrackable, Immune)
(169691, 0, 0, 0, 1, 0, 0, 0, 0, ''), -- 169691 (Invasive Boneweaver)
(170820, 0, 0, 0, 1, 0, 0, 0, 0, ''), -- 170820 (Ossein Champion) - Ride Vehicle Hardcoded
(170822, 0, 0, 50331648, 1, 0, 0, 0, 0, ''), -- 170822 (Flayedwing Wraith)
(169755, 0, 0, 0, 1, 0, 0, 0, 0, ''), -- 169755 (Shimmering Cloudstrider)
(169692, 0, 0, 50331648, 1, 0, 0, 0, 0, ''), -- 169692 (Glimmerfly Flutterer)
(175785, 0, 0, 0, 1, 0, 0, 0, 0, ''), -- 175785 (Kostos)
(170325, 0, 0, 50331648, 1, 0, 0, 0, 0, ''), -- 170325 (Argentwing Larion)
(169263, 0, 0, 50331648, 1, 0, 0, 0, 0, ''), -- 169263 (Spiritwing Duster) - Residual Anima
(172124, 0, 0, 0, 1, 0, 0, 0, 0, ''), -- 172124 (Silverplume Drifter)
(168240, 0, 0, 0, 1, 0, 0, 0, 0, ''), -- 168240 (Gorgebeak)
(165055, 0, 0, 50331648, 1, 0, 0, 0, 0, ''), -- 165055 (Rapacious Etherwyrm)
(165068, 0, 0, 50331648, 1, 0, 0, 0, 0, ''), -- 165068 (Withering Etherwyrm)
(161499, 0, 0, 0, 1, 0, 0, 0, 0, ''), -- 161499 (Gerdus)
(160629, 0, 0, 0, 1, 0, 0, 0, 0, ''), -- 160629 (Baedos)
(174437, 0, 0, 1, 1, 0, 0, 0, 0, ''), -- 174437 (Sophie)
(172714, 0, 0, 0, 1, 0, 15536, 0, 0, ''), -- 172714 (Trapped Caretaker)
(172196, 0, 0, 50331648, 1, 0, 7533, 0, 0, ''), -- 172196 (Diminished Etherwyrm)
(168874, 0, 0, 0, 1, 0, 0, 0, 0, ''), -- 168874 (Ardent Champion)
(168876, 0, 0, 50331648, 1, 0, 0, 0, 0, ''), -- 168876 (High Spiritguide)
(170517, 0, 0, 0, 1, 0, 0, 0, 0, ''), -- 170517 (Inspired Trainee)
(170507, 0, 0, 50331648, 1, 0, 0, 0, 0, ''), -- 170507 (Instructor Dani)
(168070, 0, 0, 0, 0, 0, 0, 0, 0, ''), -- 168070 (Pelagos)
(168069, 0, 0, 0, 0, 0, 0, 0, 0, ''), -- 168069 (Kleia)
(168038, 0, 0, 50331648, 1, 0, 0, 0, 0, ''), -- 168038 (Uther) - [DNT] Kyrian Ready Omni
(167872, 0, 0, 0, 1, 0, 0, 0, 0, ''), -- 167872 (Kill Credit: Courage Ward Checked)
(167870, 0, 0, 0, 1, 0, 0, 0, 0, ''), -- 167870 (Kill Credit: Wisdom Ward Checked)
(167869, 0, 0, 0, 1, 0, 0, 0, 0, ''), -- 167869 (Kill Credit: Humility Ward Checked)
(175522, 0, 0, 0, 1, 0, 0, 0, 0, ''), -- 175522 (Kelli Hoo)
(175524, 0, 0, 0, 1, 0, 0, 0, 0, ''), -- 175524 (Battlemaster Endios)
(175521, 0, 0, 0, 1, 0, 0, 0, 0, ''), -- 175521 (Alisius)
(175523, 0, 0, 0, 1, 0, 0, 0, 0, ''), -- 175523 (Provisioner Prothos)
(153456, 0, 0, 50331648, 257, 0, 0, 0, 0, ''), -- 153456 (Kyrestia the Firstborne)
(154625, 0, 0, 8, 1, 0, 0, 0, 0, ''), -- 154625 (Chyrus)
(175825, 0, 0, 0, 1, 0, 0, 0, 0, ''), -- 175825 (Forgehand Phillo)
(154626, 0, 0, 0, 0, 0, 17942, 0, 0, ''), -- 154626 (Devos)
(154629, 0, 0, 1, 1, 0, 0, 0, 0, ''), -- 154629 (Thenios)
(154627, 0, 0, 0, 1, 0, 0, 0, 0, ''), -- 154627 (Xandria)
(175823, 0, 0, 0, 1, 0, 0, 0, 0, ''), -- 175823 (Forgelite Neptira)
(153436, 0, 0, 0, 1, 0, 0, 0, 0, ''), -- 153436 (Vesiphone)
(174580, 0, 0, 0, 1, 0, 0, 0, 0, ''), -- 174580 (Beastkeeper Krista)
(174583, 0, 0, 0, 1, 0, 0, 0, 0, ''), -- 174583 (Kostas)
(174937, 0, 0, 0, 1, 0, 0, 0, 0, ''), -- 174937 (Adjutant Galos)
(160037, 0, 0, 0, 0, 0, 0, 0, 0, ''), -- 160037 (Polemarch Adrestes)
(167867, 0, 0, 0, 1, 0, 0, 0, 0, ''), -- 167867 (Kill Credit: Audience with the Archon)
(167871, 0, 0, 0, 1, 0, 0, 0, 0, ''), -- 167871 (Kill Credit: Loyalty Ward Checked) - [DNT] Ward Activated
(167868, 0, 0, 0, 1, 0, 0, 0, 0, ''), -- 167868 (Kill Credit: Purity Ward Checked)
(154580, 0, 0, 0, 1, 0, 0, 0, 0, ''), -- 154580 (Reinforced Guardian) - Training Dummy Marker
(154564, 0, 0, 0, 1, 0, 0, 0, 0, ''), -- 154564 (Valiant's Humility) - Training Dummy Marker
(174269, 0, 0, 50331648, 1, 0, 0, 0, 0, ''), -- 174269 (Auric Spiritguide) - Training Dummy Marker, Passive Uber DoT
(154585, 0, 0, 0, 1, 0, 0, 0, 0, ''), -- 154585 (Valiant's Resolve) - Training Dummy Marker
(154586, 0, 0, 0, 1, 0, 0, 0, 0, ''), -- 154586 (Stalwart Phalanx) - Training Dummy Marker
(160325, 0, 0, 0, 1, 0, 0, 0, 0, ''), -- 160325 (Humility's Obedience) - Training Dummy Marker
(154583, 0, 0, 0, 1, 0, 0, 0, 0, ''), -- 154583 (Stalwart Guardian) - Training Dummy Marker
(154567, 0, 0, 0, 1, 0, 0, 0, 0, ''), -- 154567 (Purity's Cleansing) - Training Dummy Marker
(160212, 0, 0, 0, 0, 0, 0, 0, 0, ''), -- 160212 (Soulguide Daelia) - Soul Warden Spell Visual, Periodic
(159421, 0, 0, 0, 1, 0, 0, 0, 0, ''), -- 159421 (Cassius)
(160387, 0, 0, 50331648, 1, 0, 0, 0, 0, ''), -- 160387 (Hermestes)
(175493, 0, 0, 0, 1, 0, 0, 0, 0, ''), -- 175493 (Kyrian Steward) - Carry Aspirant Tray With Tiny Fruit Pile
(154635, 0, 0, 0, 1, 0, 0, 0, 0, ''), -- 154635 (Pidenos)
(168519, 0, 0, 0, 1, 0, 0, 0, 0, ''), -- 168519 (Sika)
(164590, 0, 0, 0, 1, 0, 0, 0, 0, ''), -- 164590 ([DNT] Phaestus Taken Kill Credit)
(175495, 0, 0, 50331648, 0, 0, 0, 0, 0, ''), -- 175495 (Ascended Champion)
(175494, 0, 0, 50331648, 0, 0, 0, 0, 0, ''), -- 175494 (Kyrian Ascended)
(167745, 0, 0, 0, 1, 0, 0, 0, 0, ''), -- 167745 (Haephus)
(168517, 0, 0, 0, 1, 0, 0, 0, 0, ''), -- 168517 (Kalisthene)
(164591, 0, 0, 0, 1, 0, 0, 0, 0, ''), -- 164591 ([DNT] Base Completed Kill Credit)
(174188, 0, 0, 0, 1, 0, 0, 0, 0, ''), -- 174188 (Crest of Ascension)
(176100, 0, 0, 0, 1, 0, 0, 0, 0, ''), -- 176100 (Iona Skyblade)
(158773, 0, 0, 0, 0, 0, 0, 0, 0, ''), -- 158773 (Capheus)
(170506, 0, 0, 50331648, 1, 0, 0, 0, 0, ''), -- 170506 (Thunderous Squall)
(171740, 0, 0, 50331648, 1, 0, 0, 0, 0, ''), -- 171740 (Target Bunny)
(171732, 0, 0, 0, 1, 0, 0, 0, 0, ''), -- 171732 (Forgelite Hephaesius)
(168875, 0, 0, 0, 1, 0, 0, 0, 0, ''), -- 168875 (Auric Weaver)
(171871, 0, 0, 0, 1, 0, 0, 0, 0, ''), -- 171871 (Aterkles)
(168872, 0, 0, 0, 1, 0, 0, 0, 0, ''), -- 168872 (Gilded Bulwark)
(168866, 0, 0, 0, 1, 0, 0, 0, 0, ''), -- 168866 (Archonic Colossus)
(168877, 0, 0, 0, 1, 0, 0, 0, 0, ''), -- 168877 (Gilded Wingblade) - Anima Resource
(170336, 0, 0, 50331648, 1, 0, 0, 0, 0, ''), -- 170336 (Soulwing Monarch)
(170337, 0, 0, 50331648, 1, 0, 0, 0, 0, ''), -- 170337 (Animite Scavenger)
(170338, 0, 0, 0, 1, 0, 0, 0, 0, ''), -- 170338 (Ravenous Invader) - Consuming Strikes, Gluttonous Slam
(170247, 0, 0, 0, 1, 0, 0, 0, 0, ''), -- 170247 (Spirited Skymane)
(171703, 0, 0, 0, 1, 0, 0, 0, 0, ''), -- 171703 (Rustfur Kit) - Pet Sit/Sleep/Dance/Use/Special
(170333, 0, 0, 0, 1, 0, 0, 0, 0, ''), -- 170333 (Goldenpaw Prowler)
(170248, 0, 0, 0, 1, 0, 0, 0, 0, ''), -- 170248 (Swift Cloudracer)
(170335, 0, 0, 0, 1, 0, 0, 0, 0, ''), -- 170335 (Silverplume Grazer)
(159420, 0, 0, 50331648, 1, 0, 0, 0, 0, ''), -- 159420 (Shimmering Etherwyrm)
(158767, 0, 0, 0, 1, 0, 0, 0, 0, ''), -- 158767 (Tamed Larion)
(168126, 0, 0, 0, 1, 0, 0, 0, 0, ''), -- 168126 ([DNT] Choose a Side)
(168125, 0, 0, 0, 1, 0, 0, 0, 0, ''), -- 168125 ([DNT] Meet with Questgivers)
(175760, 0, 0, 50331648, 1, 0, 0, 0, 0, ''), -- 175760 (Larion Cub)
(159612, 0, 0, 0, 1, 0, 0, 0, 0, ''), -- 159612 (Leonid)
(159776, 0, 0, 0, 1, 0, 0, 0, 0, ''), -- 159776 ([DNT] Anima Barrel Gathered)
(159775, 0, 0, 0, 1, 0, 0, 0, 0, ''), -- 159775 ([DNT] Armor Pieces Gathered)
(159957, 0, 0, 0, 1, 0, 0, 0, 0, ''), -- 159957 ([DNT] Repair Complete)
(159610, 0, 0, 0, 1, 0, 0, 0, 0, ''), -- 159610 (Agitated Etherwyrm)
(160597, 0, 0, 0, 1, 0, 0, 0, 0, ''), -- 160597 ([DNT] Cave Entrance POI Marker)
(159298, 0, 0, 0, 1, 0, 0, 0, 0, ''), -- 159298 (Gilded Cloudstrider)
(159410, 0, 0, 0, 1, 0, 0, 0, 0, ''), -- 159410 (Forgefire Engineer)
(160608, 0, 0, 0, 1, 0, 0, 0, 0, ''), -- 160608 (Patient Caretaker)
(165100, 0, 0, 0, 1, 0, 0, 0, 0, ''), -- 165100 (Ascended Skybearer)
(165048, 0, 0, 0, 0, 0, 0, 0, 0, ''), -- 165048 (Polemarch Adrestes)
(161536, 0, 0, 0, 1, 0, 0, 0, 0, ''), -- 161536 (Baedos' Fruit Barrel)
(169513, 0, 0, 50331648, 1, 0, 0, 0, 0, ''), -- 169513 (Etherwyrm Scavenger)
(167792, 0, 0, 0, 1, 0, 0, 0, 0, ''), -- 167792 (Deka)
(159423, 0, 0, 0, 1, 0, 0, 0, 0, ''), -- 159423 (Navarros)
(167785, 0, 0, 0, 1, 0, 0, 0, 0, ''), -- 167785 (Farra)
(160432, 0, 0, 0, 1, 0, 0, 0, 0, ''), -- 160432 (Kyrian Combat Trainer)
(160435, 0, 0, 0, 1, 0, 0, 0, 0, ''), -- 160435 (Kyrian Combat Trainer) - Training Dummy Marker
(167769, 0, 0, 0, 1, 0, 0, 0, 0, ''), -- 167769 (Tibo)
(160434, 0, 0, 0, 1, 0, 0, 0, 0, ''), -- 160434 (Kyrian Combat Trainer)
(167771, 0, 0, 0, 1, 0, 0, 0, 0, ''), -- 167771 (Kimos)
(174936, 0, 0, 0, 1, 0, 0, 0, 0, ''), -- 174936 (Kill Credit)
(167784, 0, 0, 0, 1, 0, 0, 0, 0, ''), -- 167784 (Syla)
(167777, 0, 0, 0, 1, 0, 0, 0, 0, ''), -- 167777 (Abalus)
(160223, 0, 0, 1, 1, 0, 0, 0, 0, ''), -- 160223 (Zotimos)
(167800, 0, 0, 0, 1, 0, 0, 0, 0, ''), -- 167800 (Mupu)
(167774, 0, 0, 0, 1, 0, 0, 0, 0, ''), -- 167774 (Dintos)
(167773, 0, 0, 0, 1, 0, 0, 0, 0, ''), -- 167773 (Bumos)
(167772, 0, 0, 0, 1, 0, 0, 0, 0, ''), -- 167772 (Ilapos) - Breakable BarSweepStand
(167775, 0, 0, 0, 1, 0, 0, 0, 0, ''), -- 167775 (Gramilos)
(167795, 0, 0, 0, 1, 0, 0, 0, 0, ''), -- 167795 (Akiris)
(167794, 0, 0, 0, 0, 0, 0, 0, 0, ''), -- 167794 (Koukis) - Carry Crate
(167798, 0, 0, 0, 1, 0, 0, 0, 0, ''), -- 167798 (Zenza)
(167796, 0, 0, 1, 1, 0, 0, 0, 0, ''), -- 167796 (Ipa)
(167786, 0, 0, 1, 1, 0, 0, 0, 0, ''), -- 167786 (Korinthe)
(167791, 0, 0, 0, 0, 0, 0, 0, 0, ''), -- 167791 (Apa) - Breakable BarSweepStand
(167790, 0, 0, 0, 1, 0, 0, 0, 0, ''), -- 167790 (Bola)
(167789, 0, 0, 0, 1, 0, 20202, 0, 0, ''), -- 167789 (Laratis)
(167779, 0, 0, 0, 0, 0, 0, 0, 0, ''), -- 167779 (Pico)
(167778, 0, 0, 0, 1, 0, 0, 0, 0, ''), -- 167778 (Ipadipos) - Carry Aspirant Tray With Tiny Fruit Pile
(167776, 0, 0, 1, 1, 0, 0, 0, 0, ''), -- 167776 (Isilios)
(167783, 0, 0, 1, 1, 0, 0, 0, 0, ''), -- 167783 (Arathane)
(167799, 0, 0, 0, 1, 0, 0, 0, 0, ''), -- 167799 (Chaermi) - Breakable WAScrubbing 01
(167781, 0, 0, 0, 1, 0, 0, 0, 0, ''), -- 167781 (Dafi)
(167797, 0, 0, 0, 1, 0, 0, 0, 0, ''), -- 167797 (Toulis)
(167787, 0, 0, 0, 1, 0, 0, 0, 0, ''), -- 167787 (Asellia)
(167788, 0, 0, 0, 1, 0, 0, 0, 0, ''), -- 167788 (Minta)
(167782, 0, 0, 0, 0, 0, 0, 0, 0, ''), -- 167782 (Thima)
(167780, 0, 0, 0, 0, 0, 0, 0, 0, ''), -- 167780 (Haka)
(171526, 0, 0, 0, 1, 0, 0, 0, 0, ''); -- 171526 (Kobri) - Carry Bottles On Tray

INSERT INTO `creature_template_addon` (`entry`, `path_id`, `mount`, `bytes1`, `bytes2`, `emote`, `aiAnimKit`, `movementAnimKit`, `meleeAnimKit`, `auras`) VALUES
(160428, 0, 0, 0, 1, 0, 0, 0, 0, ''), -- 160428 (Taerlina)
(172839, 0, 0, 0, 1, 0, 0, 0, 0, ''), -- 172839 (Taserio)
(160470, 0, 0, 0, 1, 0, 0, 0, 0, ''), -- 160470 (Adjutant Nikos)
(160174, 0, 0, 0, 1, 0, 0, 0, 0, ''), -- 160174 (Craftsman Repa)
(160274, 0, 0, 0, 1, 0, 0, 0, 0, ''), -- 160274 (Helpful Steward) - Carry Aspirant Tray With Tiny Fruit Pile
(160569, 0, 0, 0, 1, 0, 0, 0, 0, ''), -- 160569 (Swiftwing Larion)
(160430, 0, 0, 0, 1, 0, 0, 0, 0, ''), -- 160430 (Pocimos)
(167893, 0, 0, 0, 1, 0, 0, 0, 0, ''), -- 167893 (Kill Credit: Activate Beacon) - [DNT] Beacon Working
(62862, 0, 0, 50331648, 1, 0, 0, 0, 0, ''), -- 62862 (Mistwing Tree Vehicle)
(160175, 0, 0, 0, 257, 0, 0, 0, 0, ''), -- 160175 (Praetor Sentry) - Invisibility and Stealth Detection
(160178, 0, 0, 0, 1, 0, 0, 0, 0, ''), -- 160178 (Eumelia)
(160581, 0, 0, 50331648, 1, 0, 0, 0, 0, ''), -- 160581 (Giant Glimmerfly) - Ride Vehicle, Residual Anima
(160173, 0, 0, 0, 1, 0, 0, 0, 0, ''), -- 160173 (Inkiep)
(165043, 0, 0, 0, 1, 0, 0, 0, 0, ''), -- 165043 (Pelagos)
(165042, 0, 0, 0, 0, 0, 0, 0, 0, ''), -- 165042 (Kleia)
(165045, 0, 0, 50331648, 0, 0, 0, 0, 0, ''), -- 165045 (Kalisthene)
(160285, 0, 0, 1, 1, 0, 0, 0, 0, ''), -- 160285 (Sojourning Aspirant)
(175196, 0, 0, 50331648, 1, 0, 0, 0, 0, ''), -- 175196 (Generic Bunny)
(160632, 0, 0, 0, 1, 0, 0, 0, 0, ''), -- 160632 (Vulpin Stalker)
(169174, 0, 0, 50331648, 1, 0, 0, 0, 0, ''), -- 169174 (Goldenplume Matriarch)
(174998, 0, 0, 50331648, 1, 0, 0, 0, 0, ''), -- 174998 (Generic Bunny)
(160602, 0, 0, 0, 1, 0, 0, 0, 0, ''), -- 160602 (Rock Lord)
(159124, 0, 0, 0, 1, 0, 0, 0, 0, ''), -- 159124 (Katrina)
(165006, 0, 0, 0, 1, 0, 0, 0, 0, ''), -- 165006 (Kill Credit: Take Teleporter to Hub)
(169509, 0, 0, 0, 1, 0, 0, 0, 0, ''), -- 169509 (Spirited Cloudracer)
(158254, 0, 0, 50331648, 1, 0, 0, 0, 0, ''), -- 158254 (Kala) - Staff Cosmetic
(169308, 0, 0, 50331648, 1, 0, 0, 0, 0, ''), -- 169308 (Soulwing Duster) - Residual Anima
(160606, 0, 0, 0, 1, 0, 0, 0, 0, ''), -- 160606 (Glimmerhoof Cloudstrider)
(176435, 0, 0, 0, 1, 0, 0, 0, 0, ''), -- 176435 (Zosime) - [DNT] Generic - Kyrian Channel Directed
(170253, 0, 0, 50331648, 1, 0, 0, 0, 0, ''), -- 170253 (Memory of Korinna)
(156586, 0, 0, 50331648, 1, 0, 0, 0, 0, ''), -- 156586 (Invisible Stalker)
(175038, 0, 0, 0, 1, 0, 0, 0, 0, ''), -- 175038 (Anima-Starved Wyrm)
(175039, 0, 0, 0, 1, 0, 0, 0, 0, ''), -- 175039 (Anima-Starved Cloudfeather)
(170932, 0, 0, 50331648, 1, 0, 0, 0, 0, ''), -- 170932 (Cloudfeather Guardian) - Quills
(173216, 0, 0, 50331648, 1, 0, 0, 0, 0, ''), -- 173216 (Sunset Glimmerfly)
(173129, 0, 0, 0, 1, 0, 0, 0, 0, ''), -- 173129 (Thenia)
(173215, 0, 0, 0, 1, 0, 0, 0, 0, ''), -- 173215 (Plains Peachick)
(173214, 0, 0, 0, 1, 0, 0, 0, 0, ''), -- 173214 (Golden Grazer)
(168797, 0, 0, 0, 1, 0, 0, 0, 0, ''), -- 168797 (Heraclor) - Anima Resource
(169179, 0, 0, 0, 1, 0, 0, 0, 0, ''), -- 169179 (Goldenplume Juvenile)
(169163, 0, 0, 50331648, 1, 0, 0, 0, 0, ''), -- 169163 (Goldenplume Hunter)
(169158, 0, 0, 50331648, 1, 0, 0, 0, 0, ''), -- 169158 (Glimmerfly Darter)
(158150, 0, 0, 0, 1, 0, 0, 0, 0, ''), -- 158150 (Rabbit)
(172569, 0, 0, 0, 1, 0, 0, 0, 0, ''), -- 172569 ("Tough Love" Kala's Den Entrance POI Marker)
(169124, 0, 0, 0, 1, 0, 0, 0, 0, ''), -- 169124 (Glimmerpool Terrapin)
(169126, 0, 0, 0, 1, 0, 0, 0, 0, ''), -- 169126 (Glimmerpool Hatchling)
(158081, 0, 0, 0, 1, 0, 0, 0, 0, ''), -- 158081 (Kala)
(158054, 0, 0, 50331648, 1, 0, 0, 0, 0, ''), -- 158054 (Anima-Starved Wyrm)
(158004, 0, 0, 0, 1, 0, 0, 0, 0, ''), -- 158004 (Zosime)
(158179, 0, 0, 50331648, 1, 0, 0, 0, 0, ''), -- 158179 (Vyrm the Ravenous)
(157967, 0, 0, 0, 1, 0, 0, 0, 0, ''), -- 157967 (Terrapin Hatchling)
(158427, 0, 0, 0, 1, 0, 0, 0, 0, ''), -- 158427 (River Terrapin)
(158110, 0, 0, 0, 1, 0, 0, 0, 0, ''), -- 158110 (Anima-Starved Cloudfeather)
(157973, 0, 0, 0, 1, 0, 0, 0, 0, ''), -- 157973 (Cloudrift Runner)
(157962, 0, 0, 50331648, 1, 0, 0, 0, 0, ''), -- 157962 (Fluttering Glimmerfly)
(167408, 0, 0, 50331648, 1, 0, 1380, 0, 0, ''), -- 167408 (Mawsworn Champion) - [DNT] Generic Life Burden Shader
(167521, 0, 0, 0, 1, 0, 0, 0, 0, ''), -- 167521 (Xandria) - [DNT] Generic Life Burden Shader
(167518, 0, 0, 0, 1, 0, 0, 0, 0, ''), -- 167518 (Thenios)
(167522, 0, 0, 0, 1, 0, 0, 0, 0, ''), -- 167522 (Devos)
(167520, 0, 0, 0, 1, 0, 0, 0, 0, ''), -- 167520 (Chyrus)
(167519, 0, 0, 50331648, 1, 0, 0, 0, 0, ''), -- 167519 (Vesiphone)
(167379, 0, 0, 0, 1, 0, 0, 0, 0, ''), -- 167379 (Final Memory Revealed)
(174542, 0, 0, 50331648, 1, 0, 0, 0, 0, ''), -- 174542 (Eye of Loyalty)
(167515, 0, 0, 50331648, 1, 0, 0, 0, 0, ''), -- 167515 (Eye of Humility)
(167514, 0, 0, 50331648, 1, 0, 0, 0, 0, ''), -- 167514 (Eye of the Archon)
(167513, 0, 0, 50331648, 1, 0, 0, 0, 0, ''), -- 167513 (Eye of Wisdom)
(167511, 0, 0, 50331648, 1, 0, 0, 0, 0, ''), -- 167511 (Eye of Courage)
(167504, 0, 0, 0, 1, 0, 0, 0, 0, ''), -- 167504 (Vault-Keeper Mnemis)
(167508, 0, 0, 0, 1, 0, 0, 0, 0, ''), -- 167508 (Umbral Phalynx)
(167516, 0, 0, 50331648, 1, 0, 0, 0, 0, ''), -- 167516 (Eye of Purity)
(167446, 0, 0, 0, 1, 0, 0, 0, 0, ''), -- 167446 (Use the Anima Gateway)
(167498, 0, 0, 0, 1, 0, 0, 0, 0, ''), -- 167498 (Mikanikos)
(174531, 0, 0, 0, 1, 0, 0, 0, 0, ''), -- 174531 (Image of Locus-Keeper Mnemis)
(167035, 0, 0, 0, 1, 0, 0, 0, 0, ''), -- 167035 (Locus-Keeper Mnemis)
(167499, 0, 0, 0, 1, 0, 0, 0, 0, ''), -- 167499 (Kleia)
(167267, 0, 0, 0, 0, 0, 0, 0, 0, ''), -- 167267 (Image of Lysonia)
(167036, 0, 0, 0, 1, 0, 0, 0, 0, ''), -- 167036 (Locus-Keeper Mnemis) - No NPC Damage Below Override Points%
(158768, 0, 0, 1, 1, 0, 0, 0, 0, ''), -- 158768 (Obedient Phalynx)
(157697, 0, 0, 0, 1, 0, 0, 0, 0, ''), -- 157697 (Lentios)
(157696, 0, 0, 0, 0, 0, 0, 0, 0, ''), -- 157696 (Nemea)
(158765, 0, 0, 0, 1, 0, 0, 0, 0, ''), -- 158765 (Pelodis)
(167257, 0, 0, 50331648, 1, 0, 0, 0, 0, ''), -- 167257 (Image of Lysonia) - [DNT] Generic Life Burden Shader
(167313, 0, 0, 0, 1, 0, 0, 0, 0, ''), -- 167313 (Forsworn Acolyte) - [DNT] Generic Life Burden Shader
(167312, 0, 0, 0, 1, 0, 0, 0, 0, ''), -- 167312 (Forsworn Recruit) - [DNT] Generic Life Burden Shader
(167260, 0, 0, 50331648, 1, 0, 0, 0, 0, ''), -- 167260 (Image of Lysonia) - [DNT] Lysonia Transform
(167311, 0, 0, 0, 0, 0, 0, 0, 0, ''), -- 167311 (Shrouded Figure)
(167261, 0, 0, 0, 1, 0, 9729, 0, 0, ''), -- 167261 (Image of Lysonia)
(167387, 0, 0, 3, 1, 0, 0, 0, 0, ''), -- 167387 (Depleted Clawguard)
(167373, 0, 0, 0, 1, 0, 0, 0, 0, ''), -- 167373 (Vault Guardian) - Carry Tray
(167374, 0, 0, 0, 1, 0, 0, 0, 0, ''), -- 167374 (Vault Guardian) - Carry Tray
(167365, 0, 0, 0, 1, 0, 0, 0, 0, ''), -- 167365 (Locate the Cache of the Archon)
(171189, 0, 0, 0, 1, 0, 0, 0, 0, ''), -- 171189 (Bookkeeper Mnemis)
(167551, 0, 0, 50331648, 1, 0, 5234, 0, 0, ''), -- 167551 (Fragment of Lysonia)
(162492, 0, 0, 0, 1, 0, 0, 0, 0, ''), -- 162492 (Forsworn Memory Fragment)
(167459, 0, 0, 0, 1, 0, 0, 0, 0, ''), -- 167459 (Memory Fragment) - [DNT] Generic Life Burden Shader
(166872, 0, 0, 0, 1, 0, 0, 0, 0, ''), -- 166872 (Umbral Phalynx) - Anima Resource
(167364, 0, 0, 0, 1, 0, 0, 0, 0, ''), -- 167364 (Locate the Cache of the Paragons)
(167469, 0, 0, 50331648, 1, 0, 5234, 0, 0, ''), -- 167469 (Fragment of Lysonia) - [DNT] Anima Missile Transform
(167039, 0, 0, 0, 1, 0, 0, 0, 0, ''), -- 167039 (Anima Conduit)
(166873, 0, 0, 0, 1, 0, 0, 0, 0, ''), -- 166873 (Forsworn Researcher)
(166875, 0, 0, 0, 1, 0, 0, 0, 0, ''), -- 166875 (Dark Vault-Seeker)
(167562, 0, 0, 0, 1, 0, 0, 0, 0, ''), -- 167562 (Kleia)
(174935, 0, 0, 0, 1, 0, 0, 0, 0, ''), -- 174935 (Soul Mirror Repaired)
(175651, 0, 0, 0, 1, 0, 0, 0, 0, ''), -- 175651 (Suntouched Mistwalker)
(167211, 0, 0, 0, 1, 0, 0, 0, 0, ''), -- 167211 (Memory Extractor) - [DNT] Area Trigger
(166866, 0, 0, 0, 1, 0, 0, 0, 0, ''), -- 166866 (Misled Steward)
(166863, 0, 0, 50331648, 1, 0, 0, 0, 0, ''), -- 166863 (Forsworn Investigator)
(166869, 0, 0, 0, 1, 0, 0, 0, 0, ''), -- 166869 (Dark Goliath)
(167038, 0, 0, 0, 1, 0, 0, 0, 0, ''), -- 167038 (Kleia)
(166867, 0, 0, 0, 1, 0, 0, 0, 0, ''), -- 166867 (Converted Praetor)
(167034, 0, 0, 0, 1, 0, 0, 0, 0, ''), -- 167034
(167037, 0, 0, 0, 1, 0, 0, 0, 0, ''), -- 167037 (Image of Locus-Keeper Mnemis)
(160869, 0, 0, 50331648, 1, 0, 0, 0, 0, ''); -- 160869 (Power Bell Trigger) - Channel Counter


UPDATE `creature_template_addon` SET `aiAnimKit`=20018 WHERE `entry`=172702; -- 172702
UPDATE `creature_template_addon` SET `aiAnimKit`=0 WHERE `entry`=173300; -- 173300
UPDATE `creature_template_addon` SET `aiAnimKit`=21543 WHERE `entry`=164123; -- 164123
UPDATE `creature_template_addon` SET `aiAnimKit`=13352 WHERE `entry`=164803; -- 164803
UPDATE `creature_template_addon` SET `aiAnimKit`=16748 WHERE `entry`=156698; -- 156698
UPDATE `creature_template_addon` SET `aiAnimKit`=11860 WHERE `entry`=166165; -- 166165
UPDATE `creature_template_addon` SET `aiAnimKit`=18797 WHERE `entry`=174635; -- 174635
UPDATE `creature_template_addon` SET `bytes1`=0 WHERE `entry`=168613; -- 168613
UPDATE `creature_template_addon` SET `bytes1`=0 WHERE `entry`=156228; -- 156228
UPDATE `creature_template_addon` SET `bytes1`=0, `bytes2`=256, `aiAnimKit`=4173 WHERE `entry`=154630; -- 154630
UPDATE `creature_template_addon` SET `bytes1`=0 WHERE `entry`=157660; -- 157660
UPDATE `creature_template_addon` SET `bytes2`=0 WHERE `entry`=164101; -- 164101
UPDATE `creature_template_addon` SET `bytes1`=0 WHERE `entry`=164183; -- 164183
UPDATE `creature_template_addon` SET `aiAnimKit`=0 WHERE `entry`=168309; -- 168309
UPDATE `creature_template_addon` SET `bytes1`=1 WHERE `entry`=160921; -- 160921
UPDATE `creature_template_addon` SET `aiAnimKit`=16103 WHERE `entry`=157728; -- 157728
UPDATE `creature_template_addon` SET `bytes1`=8 WHERE `entry`=159791; -- 159791
UPDATE `creature_template_addon` SET `bytes2`=1 WHERE `entry`=159853; -- 159853
UPDATE `creature_template_addon` SET `bytes1`=1 WHERE `entry`=157681; -- 157681

DELETE FROM `creature_template_scaling` WHERE (`DifficultyID`=0 AND `Entry` IN (167855,174366,164244,167858,167857,167878,167879,166592,166658,166600,166650,166591,166649,166667,166581,166615,166602,166614,166656,166611,163041,161599,162874,161757,158071,161597,161733,162872,166568,166570,164833,175393,169697,161697,161696,166424,166420,157540,161712,161702,173003,93008,166564,166567,166565,162873,169055,166421,170542,170496,162853,172422,169452,172581,164997,168216,176024,173200,167353,168196,170191,159856,176023,175097,175100,175095,174223,174653,169751,162258,175085,161410,161890,161399,170971,166423,161376,167273,166908,167747,161881,162259,167743,169634,175021,167355,167354,157671,156558,160417,161398,164221,160419,160418,165017,173000,172173,167645,165321,167649,165350,164667,174491,174488,174484,156479,174564,175132,171338,166312,171296,173369,156791,173318,169524,165796,173370,166284,156664,156663,173354,173355,173353,173357,173356,173352,156768,156758,166307,156769,156735,173350,176545,173348,164353,164352,173325,167881,167880,156688,165405,173364,165403,164173,175327,164686,161915,173206,173205,173204,173130,160610,161513,160609,170326,174769,162614,166755,175062,175445,175444,175621,175457,169619,169566,172909,170183,169914,172200,172045,172872,172937,172935,172910,169816,169804,172576,169826,159125,159629,172587,174578,172600,172017,159809,160176,159615,159795,170395,170334,160110,159802,160151,160089,159252,163498,159272,159253,164294,164714,159319,164380,164371,164640,163556,163474,171017,169555,163568,163546,163480,163427,159915,159917,168464,160184,169195,160022,159835,160255,159697,159675,168402,159641,159289,160189,159609,159192,160437,160882,160881,174605,160879,160877,160875,164805,168887,168634,158290,158319,158256,158238,158162,158161,158247,166237,158160,158181,158178,158177,158400,158651,158624,173117,164762,168892,158619,164752,164769,158610,171670,158612,171255,164693,158078,158084,158159,158094,168936,169382,169313,167583,167584,171306,171312,171314,171308,167560,167559,167484,167472,73985,163146,163135,167460,167433,167432,167431,167426,167423,167121,167428,166944,166937,169390,166935,163500,163499,163473,163549,163552,163447,167302,171029,166962,166930,166942,166961,166928,166964,166932,166926,167316,167151,166936,166941,167270,167314,166943,166925,169690,167269,170823,167134,167135,167138,167136,175091,170821,167452,167919,167922,167921,167933,167932,167448,167462,167944,166945,167873,167945,167887,167118,167115,167119,167109,166931,167041,167026,167022,167055,167043,167064,167153,170803,170780,167078,167033,167080,167155,169691,170820,170822,169755,169692,175785,170325,169263,172124,168240,165055,165068,161499,160629,174437,172714,172196,168874,168876,170517,170507,168070,168069,168038,167872,167870,167869,175522,175524,175521,175523,153456,154625,175825,154626,154629,154627,175823,153436,174580,174583,174937,160037,167867,167871,167868,154580,154564,174269,154585,154586,160325,154583,154567,160212,159421,160387,175493,154635,168519,164590,175495,175494,167745,168517,164591,174188,176100,158773,170506,171740,171732,168875,171871,168872,168866,168877,170336,170337,170338,170247,171703,170333,170248,170335,159420,158767,168126,168125,175760,159612,159776,159775,159957,159610,160597,159298,159410,160608,165100,165048,161536,169513,167792,159423,167785,160432,160435,167769,160434,167771,174936,167784,167777,160223,167800,167774,167773,167772,167775,167795,167794,167798,167796,167786,167791,167790,167789,167779,167778,167776,167783,167799,167781,167797,167787,167788,167782,167780,171526,160428,172839,160470,160174,160274,160569,160430,167893,62862,160175,160178,160581,160173,165043,165042,165045,160285,175196,160632,169174,174998,160602,159124,165006,169509,158254,169308,160606,176435,170253,156586,175038,175039,170932,173216,173129,173215,173214,168797,169179,169163,169158,158150,172569,169124,169126,158081,158054,158004,158179,157967,158427,158110,157973,157962,167408,167521,167518,167522,167520,167519,167379,174542,167515,167514,167513,167511,167504,167508,167516,167446,167498,174531,167035,167499,167267,167036,158768,157697,157696,158765,167257,167313,167312,167260,167311,167261,167387,167373,167374,167365,171189,167551,162492,167459,166872,167364,167469,167039,166873,166875,167562,174935,175651,167211,166866,166863,166869,167038,166867,167034,167037,160869));
INSERT INTO `creature_template_scaling` (`Entry`, `DifficultyID`, `LevelScalingDeltaMin`, `LevelScalingDeltaMax`, `ContentTuningID`, `VerifiedBuild`) VALUES
(167855, 0, 0, 0, 1325, 37474),
(174366, 0, 0, 0, 745, 37474),
(164244, 0, 0, 0, 744, 37474),
(167858, 0, 0, 0, 745, 37474),
(167857, 0, 0, 0, 1325, 37474),
(167878, 0, 0, 0, 1325, 37474),
(167879, 0, 0, 0, 1325, 37474),
(166592, 0, 0, 0, 1325, 37474),
(166658, 0, 0, 0, 1325, 37474),
(166600, 0, 0, 0, 1325, 37474),
(166650, 0, 0, 0, 1325, 37474),
(166591, 0, 0, 0, 1325, 37474),
(166649, 0, 0, 0, 1325, 37474),
(166667, 0, 0, 0, 1325, 37474),
(166581, 0, 0, 0, 1325, 37474),
(166615, 0, 0, 0, 1325, 37474),
(166602, 0, 0, 0, 1325, 37474),
(166614, 0, 0, 0, 1325, 37474),
(166656, 0, 0, 0, 1325, 37474),
(166611, 0, 0, 0, 1325, 37474),
(163041, 0, 0, 0, 837, 37474),
(161599, 0, 0, 0, 1335, 37474),
(162874, 0, 1, 1, 1335, 37474),
(161757, 0, 0, 0, 1335, 37474),
(158071, 0, 0, 0, 1325, 37474),
(161597, 0, 0, 0, 1335, 37474),
(161733, 0, 0, 0, 745, 37474),
(162872, 0, 1, 1, 1335, 37474),
(166568, 0, 0, 0, 837, 37474),
(166570, 0, 0, 0, 837, 37474),
(164833, 0, 0, 0, 1325, 37474),
(175393, 0, 0, 0, 837, 37474),
(169697, 0, 0, 0, 837, 37474),
(161697, 0, 0, 0, 745, 37474),
(161696, 0, 0, 0, 745, 37474),
(166424, 0, 0, 0, 837, 37474),
(166420, 0, 0, 0, 745, 37474),
(157540, 0, 0, 0, 837, 37474),
(161712, 0, 0, 0, 745, 37474),
(161702, 0, 0, 0, 745, 37474),
(173003, 0, 0, 0, 745, 37474),
(93008, 0, 0, 0, 81, 37474),
(166564, 0, 0, 0, 837, 37474),
(166567, 0, 0, 0, 1330, 37474),
(166565, 0, 0, 0, 1330, 37474),
(162873, 0, 1, 1, 1335, 37474),
(169055, 0, 0, 0, 1336, 37474),
(166421, 0, 0, 0, 1325, 37474),
(170542, 0, 0, 0, 837, 37474),
(170496, 0, 0, 0, 745, 37474),
(162853, 0, 1, 1, 1335, 37474),
(172422, 0, 0, 0, 837, 37474),
(169452, 0, 0, 0, 837, 37474),
(172581, 0, 0, 0, 1327, 37474),
(164997, 0, 0, 0, 745, 37474),
(168216, 0, 0, 0, 745, 37474),
(176024, 0, 0, 0, 81, 37474),
(173200, 0, 0, 0, 81, 37474),
(167353, 0, 0, 0, 81, 37474),
(168196, 0, 0, 0, 1329, 37474),
(170191, 0, 0, 0, 1336, 37474),
(159856, 0, 0, 0, 1329, 37474),
(176023, 0, 0, 0, 81, 37474),
(175097, 0, 0, 0, 745, 37474),
(175100, 0, 0, 0, 745, 37474),
(175095, 0, 0, 0, 745, 37474),
(174223, 0, 0, 0, 81, 37474),
(174653, 0, 0, 0, 81, 37474),
(169751, 0, 0, 0, 1336, 37474),
(162258, 0, 0, 0, 745, 37474),
(175085, 0, 0, 0, 1325, 37474),
(161410, 0, 0, 0, 745, 37474),
(161890, 0, 0, 0, 745, 37474),
(161399, 0, 0, 0, 745, 37474),
(170971, 0, 0, 0, 837, 37474),
(166423, 0, 0, 0, 745, 37474),
(161376, 0, 0, 0, 745, 37474),
(167273, 0, 0, 0, 1333, 37474),
(166908, 0, 0, 0, 1325, 37474),
(167747, 0, 0, 0, 837, 37474),
(161881, 0, 0, 0, 745, 37474),
(162259, 0, 0, 0, 745, 37474),
(167743, 0, 0, 0, 837, 37474),
(169634, 0, 0, 0, 1325, 37474),
(175021, 0, 0, 0, 81, 37474),
(167355, 0, 0, 0, 81, 37474),
(167354, 0, 0, 0, 81, 37474),
(157671, 0, 0, 0, 1333, 37474),
(156558, 0, 0, 0, 745, 37474),
(160417, 0, 0, 0, 745, 37474),
(161398, 0, 0, 0, 745, 37474),
(164221, 0, 0, 0, 745, 37474),
(160419, 0, 0, 0, 745, 37474),
(160418, 0, 0, 0, 745, 37474),
(165017, 0, 0, 0, 745, 37474),
(173000, 0, 0, 0, 837, 37474),
(172173, 0, 0, 0, 837, 37474),
(167645, 0, 0, 0, 837, 37474),
(165321, 0, 0, 0, 745, 37474),
(167649, 0, 0, 0, 837, 37474),
(165350, 0, 0, 0, 745, 37474),
(164667, 0, 0, 0, 837, 37474),
(174491, 0, 3, 3, 837, 37474),
(174488, 0, 3, 3, 837, 37474),
(174484, 0, 2, 2, 837, 37474),
(156479, 0, 0, 0, 783, 37474),
(174564, 0, 0, 0, 783, 37474),
(175132, 0, 0, 0, 2060, 37474),
(171338, 0, 0, 0, 2060, 37474),
(166312, 0, 0, 0, 807, 37474),
(171296, 0, 0, 0, 1324, 37474),
(173369, 0, 0, 0, 783, 37474),
(156791, 0, 0, 0, 783, 37474),
(173318, 0, 0, 0, 783, 37474),
(169524, 0, 0, 0, 783, 37474),
(165796, 0, 0, 0, 807, 37474),
(173370, 0, 0, 0, 783, 37474),
(166284, 0, 0, 0, 807, 37474),
(156664, 0, 0, 0, 783, 37474),
(156663, 0, 0, 0, 783, 37474),
(173354, 0, 0, 0, 807, 37474),
(173355, 0, 0, 0, 807, 37474),
(173353, 0, 0, 0, 807, 37474),
(173357, 0, 0, 0, 783, 37474),
(173356, 0, 0, 0, 807, 37474),
(173352, 0, 0, 0, 807, 37474),
(156768, 0, 0, 0, 783, 37474),
(156758, 0, 0, 0, 783, 37474),
(166307, 0, 0, 0, 783, 37474),
(156769, 0, 0, 0, 783, 37474),
(156735, 0, 0, 0, 783, 37474),
(173350, 0, 0, 0, 783, 37474),
(176545, 0, 0, 0, 807, 37474),
(173348, 0, 0, 0, 783, 37474),
(164353, 0, 0, 0, 783, 37474),
(164352, 0, 0, 0, 783, 37474),
(173325, 0, 0, 0, 783, 37474),
(167881, 0, 0, 0, 783, 37474),
(167880, 0, 0, 0, 783, 37474),
(156688, 0, 0, 0, 783, 37474),
(165405, 0, 0, 0, 783, 37474),
(173364, 0, 0, 0, 783, 37474),
(165403, 0, 0, 0, 2060, 37474),
(164173, 0, 0, 0, 2060, 37474),
(175327, 0, 0, 0, 2060, 37474),
(164686, 0, 0, 0, 783, 37474),
(161915, 0, 0, 0, 1321, 37474),
(173206, 0, 0, 0, 371, 37474),
(173205, 0, 0, 0, 371, 37474),
(173204, 0, 0, 0, 371, 37474),
(173130, 0, 0, 0, 1324, 37474),
(160610, 0, 0, 0, 1321, 37474),
(161513, 0, 0, 0, 1321, 37474),
(160609, 0, 0, 0, 81, 37474),
(170326, 0, 0, 0, 2060, 37474),
(174769, 0, 0, 0, 837, 37474),
(162614, 0, 0, 0, 837, 37474),
(166755, 0, 0, 0, 837, 37474),
(175062, 0, 0, 0, 837, 37474),
(175445, 0, 0, 0, 837, 37474),
(175444, 0, 0, 0, 2060, 37474),
(175621, 0, 0, 0, 837, 37474),
(175457, 0, 0, 0, 2060, 37474),
(169619, 0, 0, 0, 81, 37474),
(169566, 0, 0, 0, 2060, 37474),
(172909, 0, 0, 0, 2060, 37474),
(170183, 0, 0, 0, 2060, 37474),
(169914, 0, 0, 0, 2060, 37474),
(172200, 0, 0, 0, 2060, 37474),
(172045, 0, 0, 0, 2060, 37474),
(172872, 0, 0, 0, 2060, 37474),
(172937, 0, 0, 0, 2060, 37474),
(172935, 0, 0, 0, 2060, 37474),
(172910, 0, 0, 0, 2060, 37474),
(169816, 0, 0, 0, 2060, 37474),
(169804, 0, 0, 0, 81, 37474),
(172576, 0, 0, 0, 2060, 37474),
(169826, 0, 0, 0, 2060, 37474),
(159125, 0, 0, 0, 837, 37474),
(159629, 0, 0, 0, 837, 37474),
(172587, 0, 0, 0, 2060, 37474),
(174578, 0, 0, 0, 2060, 37474),
(172600, 0, 0, 0, 2060, 37474),
(172017, 0, 0, 0, 2060, 37474),
(159809, 0, 0, 0, 837, 37474),
(160176, 0, 0, 0, 2115, 37474),
(159615, 0, 0, 0, 837, 37474),
(159795, 0, 0, 0, 837, 37474),
(170395, 0, 0, 0, 2060, 37474),
(170334, 0, 0, 0, 2060, 37474),
(160110, 0, 0, 0, 837, 37474),
(159802, 0, 0, 0, 837, 37474),
(160151, 0, 0, 0, 837, 37474),
(160089, 0, 0, 0, 837, 37474),
(159252, 0, 0, 0, 837, 37474),
(163498, 0, 0, 0, 837, 37474),
(159272, 0, 0, 0, 837, 37474),
(159253, 0, 0, 0, 837, 37474),
(164294, 0, 0, 0, 837, 37474),
(164714, 0, 0, 0, 837, 37474),
(159319, 0, 0, 0, 837, 37474),
(164380, 0, 0, 0, 837, 37474),
(164371, 0, 0, 0, 837, 37474),
(164640, 0, 0, 0, 837, 37474),
(163556, 0, 0, 0, 1324, 37474),
(163474, 0, 0, 0, 1324, 37474),
(171017, 0, 0, 0, 2060, 37474),
(169555, 0, 0, 0, 743, 37474),
(163568, 0, 0, 0, 1324, 37474),
(163546, 0, 0, 0, 1324, 37474),
(163480, 0, 0, 0, 1324, 37474),
(163427, 0, 0, 0, 1321, 37474),
(159915, 0, 0, 0, 1323, 37474),
(159917, 0, 0, 0, 1323, 37474),
(168464, 0, 0, 0, 743, 37474),
(160184, 0, 0, 0, 1323, 37474),
(169195, 0, 0, 0, 743, 37474),
(160022, 0, 0, 0, 1323, 37474),
(159835, 0, 0, 0, 1323, 37474),
(160255, 0, 0, 0, 1323, 37474),
(159697, 0, 0, 0, 1323, 37474),
(159675, 0, 0, 0, 1323, 37474),
(168402, 0, 0, 0, 1321, 37474),
(159641, 0, 0, 0, 1323, 37474),
(159289, 0, 0, 0, 1323, 37474),
(160189, 0, 0, 0, 1323, 37474),
(159609, 0, 0, 0, 1323, 37474),
(159192, 0, 0, 0, 1323, 37474),
(160437, 0, 0, 0, 1321, 37474),
(160882, 0, 2, 2, 1318, 37474),
(160881, 0, 0, 0, 1318, 37474),
(174605, 0, 0, 0, 1318, 37474),
(160879, 0, 0, 0, 1318, 37474),
(160877, 0, 0, 0, 1318, 37474),
(160875, 0, 0, 0, 1318, 37474),
(164805, 0, 0, 0, 1322, 37474),
(168887, 0, 0, 0, 743, 37474),
(168634, 0, 0, 0, 743, 37474),
(158290, 0, 0, 0, 1322, 37474),
(158319, 0, 0, 0, 1322, 37474),
(158256, 0, 0, 0, 1322, 37474),
(158238, 0, 0, 0, 1322, 37474),
(158162, 0, 0, 0, 1322, 37474),
(158161, 0, 0, 0, 1322, 37474),
(158247, 0, 0, 0, 1322, 37474),
(166237, 0, 0, 0, 1322, 37474),
(158160, 0, 0, 0, 1322, 37474),
(158181, 0, 0, 0, 1322, 37474),
(158178, 0, 0, 0, 1322, 37474),
(158177, 0, 0, 0, 1322, 37474);

INSERT INTO `creature_template_scaling` (`Entry`, `DifficultyID`, `LevelScalingDeltaMin`, `LevelScalingDeltaMax`, `ContentTuningID`, `VerifiedBuild`) VALUES
(158400, 0, 0, 0, 1322, 37474),
(158651, 0, 0, 0, 1322, 37474),
(158624, 0, 0, 0, 1322, 37474),
(173117, 0, 0, 0, 743, 37474),
(164762, 0, 0, 0, 1322, 37474),
(168892, 0, 0, 0, 1321, 37474),
(158619, 0, 0, 0, 1322, 37474),
(164752, 0, 0, 0, 1322, 37474),
(164769, 0, 0, 0, 1322, 37474),
(158610, 0, 0, 0, 1322, 37474),
(171670, 0, 0, 0, 371, 37474),
(158612, 0, 0, 0, 1322, 37474),
(171255, 0, 0, 0, 1322, 37474),
(164693, 0, 0, 0, 1322, 37474),
(158078, 0, 0, 0, 1322, 37474),
(158084, 0, 0, 0, 1322, 37474),
(158159, 0, 0, 0, 1322, 37474),
(158094, 0, 0, 0, 1322, 37474),
(168936, 0, 0, 0, 837, 37474),
(169382, 0, 0, 0, 743, 37474),
(169313, 0, 0, 0, 743, 37474),
(167583, 0, 0, 0, 1324, 37474),
(167584, 0, 0, 0, 1324, 37474),
(171306, 0, 0, 0, 2060, 37474),
(171312, 0, 0, 0, 2060, 37474),
(171314, 0, 0, 0, 2060, 37474),
(171308, 0, 0, 0, 2060, 37474),
(167560, 0, 0, 0, 1324, 37474),
(167559, 0, 0, 0, 1324, 37474),
(167484, 0, 0, 0, 1324, 37474),
(167472, 0, 0, 0, 837, 37474),
(73985, 0, 0, 0, 181, 37474),
(163146, 0, 1, 1, 1291, 37474),
(163135, 0, 0, 0, 1291, 37474),
(167460, 0, 0, 0, 1324, 37474),
(167433, 0, 0, 0, 1324, 37474),
(167432, 0, 0, 0, 1324, 37474),
(167431, 0, 0, 0, 1324, 37474),
(167426, 0, 0, 0, 1324, 37474),
(167423, 0, 0, 0, 1324, 37474),
(167121, 0, 1, 1, 837, 37474),
(167428, 0, 0, 0, 1324, 37474),
(166944, 0, 2, 2, 1709, 37474),
(166937, 0, 0, 0, 1324, 37474),
(169390, 0, 0, 0, 743, 37474),
(166935, 0, 0, 0, 1324, 37474),
(163500, 0, 0, 0, 1324, 37474),
(163499, 0, 0, 0, 837, 37474),
(163473, 0, 0, 0, 1324, 37474),
(163549, 0, 0, 0, 1324, 37474),
(163552, 0, 0, 0, 1324, 37474),
(163447, 0, 0, 0, 1324, 37474),
(167302, 0, 0, 0, 1324, 37474),
(171029, 0, 0, 0, 1324, 37474),
(166962, 0, 0, 0, 1324, 37474),
(166930, 0, 0, 0, 1324, 37474),
(166942, 0, 0, 0, 1324, 37474),
(166961, 0, 0, 0, 1324, 37474),
(166928, 0, 0, 0, 1324, 37474),
(166964, 0, 0, 0, 1324, 37474),
(166932, 0, 0, 0, 745, 37474),
(166926, 0, 0, 0, 1324, 37474),
(167316, 0, 0, 0, 1324, 37474),
(167151, 0, 0, 0, 1324, 37474),
(166936, 0, 0, 0, 1324, 37474),
(166941, 0, 0, 0, 1324, 37474),
(167270, 0, 0, 0, 1324, 37474),
(167314, 0, 0, 0, 1324, 37474),
(166943, 0, 0, 0, 1324, 37474),
(166925, 0, 0, 0, 1324, 37474),
(169690, 0, 0, 0, 81, 37474),
(167269, 0, 0, 0, 1324, 37474),
(170823, 0, 0, 0, 1324, 37474),
(167134, 0, 0, 0, 1324, 37474),
(167135, 0, 0, 0, 1324, 37474),
(167138, 0, 0, 0, 1316, 37474),
(167136, 0, 0, 0, 1324, 37474),
(175091, 0, 0, 0, 1324, 37474),
(170821, 0, 0, 0, 1324, 37474),
(167452, 0, 0, 0, 1324, 37474),
(167919, 0, 0, 0, 1324, 37474),
(167922, 0, 0, 0, 1324, 37474),
(167921, 0, 0, 0, 745, 37474),
(167933, 0, 0, 0, 1324, 37474),
(167932, 0, 0, 0, 1324, 37474),
(167448, 0, 0, 0, 1324, 37474),
(167462, 0, 1, 1, 837, 37474),
(167944, 0, 0, 0, 1324, 37474),
(166945, 0, 2, 2, 1709, 37474),
(167873, 0, 0, 0, 1324, 37474),
(167945, 0, 0, 0, 1324, 37474),
(167887, 0, 0, 0, 1324, 37474),
(167118, 0, 0, 0, 1324, 37474),
(167115, 0, 0, 0, 1324, 37474),
(167119, 0, 0, 0, 1324, 37474),
(167109, 0, 0, 0, 1324, 37474),
(166931, 0, 0, 0, 745, 37474),
(167041, 0, 0, 0, 1324, 37474),
(167026, 0, 0, 0, 1324, 37474),
(167022, 0, 0, 0, 745, 37474),
(167055, 0, 0, 0, 1324, 37474),
(167043, 0, 0, 0, 1324, 37474),
(167064, 0, 0, 0, 1324, 37474),
(167153, 0, 0, 0, 1324, 37474),
(170803, 0, 0, 0, 1324, 37474),
(170780, 0, 0, 0, 1324, 37474),
(167078, 0, 1, 1, 2060, 37474),
(167033, 0, 0, 0, 745, 37474),
(167080, 0, 0, 0, 1324, 37474),
(167155, 0, 0, 0, 1324, 37474),
(169691, 0, 0, 0, 81, 37474),
(170820, 0, 0, 0, 1324, 37474),
(170822, 0, 0, 0, 1324, 37474),
(169755, 0, 0, 0, 743, 37474),
(169692, 0, 0, 0, 743, 37474),
(175785, 0, 24, 24, 371, 37474),
(170325, 0, 0, 0, 743, 37474),
(169263, 0, 0, 0, 743, 37474),
(172124, 0, 0, 0, 743, 37474),
(168240, 0, 0, 0, 1321, 37474),
(165055, 0, 0, 0, 1321, 37474),
(165068, 0, 0, 0, 1321, 37474),
(161499, 0, 0, 0, 1321, 37474),
(160629, 0, 0, 0, 1321, 37474),
(174437, 0, 0, 0, 81, 37474),
(172714, 0, 0, 0, 1321, 37474),
(172196, 0, 0, 0, 2060, 37474),
(168874, 0, 0, 0, 837, 37474),
(168876, 0, 0, 0, 837, 37474),
(170517, 0, 0, 0, 837, 37474),
(170507, 0, 0, 0, 837, 37474),
(168070, 0, 0, 0, 1324, 37474),
(168069, 0, 0, 0, 1316, 37474),
(168038, 0, 0, 0, 1318, 37474),
(167872, 0, 0, 0, 1321, 37474),
(167870, 0, 0, 0, 1321, 37474),
(167869, 0, 0, 0, 1321, 37474),
(175522, 0, 0, 0, 807, 37474),
(175524, 0, 0, 0, 807, 37474),
(175521, 0, 0, 0, 807, 37474),
(175523, 0, 0, 0, 807, 37474),
(153456, 0, 3, 3, 837, 37474),
(154625, 0, 0, 0, 837, 37474),
(175825, 0, 0, 0, 807, 37474),
(154626, 0, 0, 0, 837, 37474),
(154629, 0, 0, 0, 837, 37474),
(154627, 0, 0, 0, 837, 37474),
(175823, 0, 0, 0, 807, 37474),
(153436, 0, 0, 0, 837, 37474),
(174580, 0, 0, 0, 837, 37474),
(174583, 0, 0, 0, 1321, 37474),
(174937, 0, 0, 0, 2060, 37474),
(160037, 0, 0, 0, 837, 37474),
(167867, 0, 0, 0, 1321, 37474),
(167871, 0, 0, 0, 1321, 37474),
(167868, 0, 0, 0, 1321, 37474),
(154580, 0, 2, 2, 837, 37474),
(154564, 0, 0, 0, 837, 37474),
(174269, 0, 0, 0, 181, 37474),
(154585, 0, 2, 2, 837, 37474),
(154586, 0, 3, 3, 837, 37474),
(160325, 0, 0, 0, 837, 37474),
(154583, 0, 3, 3, 837, 37474),
(154567, 0, 0, 0, 837, 37474),
(160212, 0, 0, 0, 837, 37474),
(159421, 0, 0, 0, 837, 37474),
(160387, 0, 0, 0, 837, 37474),
(175493, 0, 0, 0, 1314, 37474),
(154635, 0, 0, 0, 837, 37474),
(168519, 0, 0, 0, 837, 37474),
(164590, 0, 0, 0, 837, 37474),
(175495, 0, 0, 0, 1316, 37474),
(175494, 0, 0, 0, 1324, 37474),
(167745, 0, 0, 0, 837, 37474),
(168517, 0, 0, 0, 2060, 37474),
(164591, 0, 0, 0, 837, 37474),
(174188, 0, 0, 0, 837, 37474),
(176100, 0, 0, 0, 837, 37474),
(158773, 0, 0, 0, 837, 37474),
(170506, 0, 0, 0, 181, 37474),
(171740, 0, 0, 0, 837, 37474),
(171732, 0, 0, 0, 837, 37474),
(168875, 0, 0, 0, 837, 37474),
(171871, 0, 0, 0, 2060, 37474),
(168872, 0, 0, 0, 837, 37474),
(168866, 0, 1, 1, 743, 37474),
(168877, 0, 0, 0, 837, 37474),
(170336, 0, 0, 0, 2060, 37474),
(170337, 0, 0, 0, 2060, 37474),
(170338, 0, 0, 0, 2060, 37474),
(170247, 0, 0, 0, 2060, 37474),
(171703, 0, 0, 0, 371, 37474),
(170333, 0, 0, 0, 2060, 37474),
(170248, 0, 0, 0, 2060, 37474),
(170335, 0, 0, 0, 2060, 37474),
(159420, 0, 0, 0, 1323, 37474),
(158767, 0, 0, 0, 1323, 37474),
(168126, 0, 0, 0, 1323, 37474),
(168125, 0, 0, 0, 1323, 37474),
(175760, 0, 0, 0, 81, 37474),
(159612, 0, 0, 0, 1323, 37474),
(159776, 0, 0, 0, 1323, 37474),
(159775, 0, 0, 0, 1323, 37474),
(159957, 0, 0, 0, 1323, 37474),
(159610, 0, 0, 0, 1323, 37474),
(160597, 0, 0, 0, 1323, 37474),
(159298, 0, 0, 0, 1323, 37474),
(159410, 0, 0, 0, 1323, 37474),
(160608, 0, 0, 0, 1321, 37474),
(165100, 0, 0, 0, 1321, 37474),
(165048, 0, 0, 0, 1321, 37474),
(161536, 0, 0, 0, 1321, 37474),
(169513, 0, 0, 0, 743, 37474),
(167792, 0, 0, 0, 1323, 37474),
(159423, 0, 0, 0, 837, 37474),
(167785, 0, 0, 0, 1323, 37474),
(160432, 0, 0, 0, 1321, 37474),
(160435, 0, 3, 3, 1321, 37474),
(167769, 0, 0, 0, 1323, 37474),
(160434, 0, 2, 2, 1321, 37474),
(167771, 0, 0, 0, 1323, 37474),
(174936, 0, 0, 0, 837, 37474),
(167784, 0, 0, 0, 1323, 37474),
(167777, 0, 0, 0, 1323, 37474),
(160223, 0, 0, 0, 1321, 37474),
(167800, 0, 0, 0, 1323, 37474),
(167774, 0, 0, 0, 1323, 37474),
(167773, 0, 0, 0, 1323, 37474),
(167772, 0, 0, 0, 1323, 37474),
(167775, 0, 0, 0, 1323, 37474),
(167795, 0, 0, 0, 1323, 37474),
(167794, 0, 0, 0, 1323, 37474),
(167798, 0, 0, 0, 1323, 37474),
(167796, 0, 0, 0, 1323, 37474),
(167786, 0, 0, 0, 1323, 37474),
(167791, 0, 0, 0, 1323, 37474),
(167790, 0, 0, 0, 1323, 37474),
(167789, 0, 0, 0, 1323, 37474),
(167779, 0, 0, 0, 1323, 37474),
(167778, 0, 0, 0, 1323, 37474),
(167776, 0, 0, 0, 1323, 37474),
(167783, 0, 0, 0, 1323, 37474),
(167799, 0, 0, 0, 1323, 37474),
(167781, 0, 0, 0, 1323, 37474),
(167797, 0, 0, 0, 1323, 37474),
(167787, 0, 0, 0, 1323, 37474),
(167788, 0, 0, 0, 1323, 37474),
(167782, 0, 0, 0, 1323, 37474),
(167780, 0, 0, 0, 1323, 37474),
(171526, 0, 0, 0, 743, 37474);

INSERT INTO `creature_template_scaling` (`Entry`, `DifficultyID`, `LevelScalingDeltaMin`, `LevelScalingDeltaMax`, `ContentTuningID`, `VerifiedBuild`) VALUES
(160428, 0, 0, 0, 1321, 37474),
(172839, 0, 0, 0, 1321, 37474),
(160470, 0, 0, 0, 837, 37474),
(160174, 0, 0, 0, 1321, 37474),
(160274, 0, 0, 0, 1321, 37474),
(160569, 0, 0, 0, 743, 37474),
(160430, 0, 0, 0, 1321, 37474),
(167893, 0, 0, 0, 1321, 37474),
(62862, 0, 0, 0, 68, 37474),
(160175, 0, 0, 0, 883, 37474),
(160178, 0, 0, 0, 1321, 37474),
(160581, 0, 0, 0, 743, 37474),
(160173, 0, 0, 0, 1321, 37474),
(165043, 0, 0, 0, 1321, 37474),
(165042, 0, 0, 0, 1321, 37474),
(165045, 0, 0, 0, 1321, 37474),
(160285, 0, 0, 0, 1321, 37474),
(175196, 0, 0, 0, 181, 37474),
(160632, 0, 0, 0, 743, 37474),
(169174, 0, 0, 0, 743, 37474),
(174998, 0, 0, 0, 181, 37474),
(160602, 0, 0, 0, 743, 37474),
(159124, 0, 0, 0, 1321, 37474),
(165006, 0, 0, 0, 1321, 37474),
(169509, 0, 0, 0, 743, 37474),
(158254, 0, 0, 0, 1320, 37474),
(169308, 0, 0, 0, 743, 37474),
(160606, 0, 0, 0, 743, 37474),
(176435, 0, 0, 0, 1320, 37474),
(170253, 0, 0, 0, 2060, 37474),
(156586, 0, 0, 0, 743, 37474),
(175038, 0, 0, 0, 1320, 37474),
(175039, 0, 0, 0, 1320, 37474),
(170932, 0, 0, 0, 743, 37474),
(173216, 0, 0, 0, 371, 37474),
(173129, 0, 0, 0, 743, 37474),
(173215, 0, 0, 0, 371, 37474),
(173214, 0, 0, 0, 371, 37474),
(168797, 0, 3, 3, 837, 37474),
(169179, 0, 0, 0, 743, 37474),
(169163, 0, 0, 0, 743, 37474),
(169158, 0, 0, 0, 743, 37474),
(158150, 0, 0, 0, 81, 37474),
(172569, 0, 0, 0, 743, 37474),
(169124, 0, 0, 0, 743, 37474),
(169126, 0, 0, 0, 81, 37474),
(158081, 0, 0, 0, 1320, 37474),
(158054, 0, 0, 0, 1320, 37474),
(158004, 0, 0, 0, 1320, 37474),
(158179, 0, 0, 0, 1320, 37474),
(157967, 0, 0, 0, 81, 37474),
(158427, 0, 0, 0, 743, 37474),
(158110, 0, 0, 0, 1320, 37474),
(157973, 0, 0, 0, 743, 37474),
(157962, 0, 0, 0, 743, 37474),
(167408, 0, 0, 0, 837, 37474),
(167521, 0, 0, 0, 837, 37474),
(167518, 0, 0, 0, 837, 37474),
(167522, 0, 0, 0, 837, 37474),
(167520, 0, 0, 0, 837, 37474),
(167519, 0, 0, 0, 837, 37474),
(167379, 0, 0, 0, 1316, 37474),
(174542, 0, 0, 0, 1314, 37474),
(167515, 0, 0, 0, 1314, 37474),
(167514, 0, 0, 0, 1314, 37474),
(167513, 0, 0, 0, 1314, 37474),
(167511, 0, 0, 0, 1314, 37474),
(167504, 0, 0, 0, 1314, 37474),
(167508, 0, 0, 0, 743, 37474),
(167516, 0, 0, 0, 1314, 37474),
(167446, 0, 0, 0, 1316, 37474),
(167498, 0, 0, 0, 837, 37474),
(174531, 0, 0, 0, 1314, 37474),
(167035, 0, 0, 0, 1314, 37474),
(167499, 0, 0, 0, 1316, 37474),
(167267, 0, 0, 0, 1319, 37474),
(167036, 0, 0, 0, 1314, 37474),
(158768, 0, 0, 0, 1323, 37474),
(157697, 0, 0, 0, 1323, 37474),
(157696, 0, 0, 0, 1323, 37474),
(158765, 0, 0, 0, 1323, 37474),
(167257, 0, 0, 0, 1319, 37474),
(167313, 0, 0, 0, 1318, 37474),
(167312, 0, 0, 0, 1318, 37474),
(167260, 0, 0, 0, 1319, 37474),
(167311, 0, 0, 0, 837, 37474),
(167261, 0, 0, 0, 1318, 37474),
(167387, 0, 0, 0, 1324, 37474),
(167373, 0, 0, 0, 1314, 37474),
(167374, 0, 0, 0, 1314, 37474),
(167365, 0, 0, 0, 1316, 37474),
(171189, 0, 0, 0, 743, 37474),
(167551, 0, 0, 0, 1319, 37474),
(162492, 0, 0, 0, 1319, 37474),
(167459, 0, 0, 0, 1318, 37474),
(166872, 0, 0, 0, 743, 37474),
(167364, 0, 0, 0, 1316, 37474),
(167469, 0, 0, 0, 1319, 37474),
(167039, 0, 0, 0, 1314, 37474),
(166873, 0, 0, 0, 743, 37474),
(166875, 0, 0, 0, 743, 37474),
(167562, 0, 0, 0, 1316, 37474),
(174935, 0, 0, 0, 1316, 37474),
(175651, 0, 0, 0, 743, 37474),
(167211, 0, 0, 0, 1316, 37474),
(166866, 0, 0, 0, 743, 37474),
(166863, 0, 0, 0, 743, 37474),
(166869, 0, 0, 0, 743, 37474),
(167038, 0, 0, 0, 1316, 37474),
(166867, 0, 0, 0, 743, 37474),
(167034, 0, 0, 0, 837, 37474),
(167037, 0, 0, 0, 1314, 37474),
(160869, 0, 0, 0, 1318, 37474);


DELETE FROM `creature_model_info` WHERE `DisplayID` IN (100525, 100528, 100526, 98959, 94139, 94421, 93904, 94419, 99225);
INSERT INTO `creature_model_info` (`DisplayID`, `BoundingRadius`, `CombatReach`, `DisplayID_Other_Gender`, `VerifiedBuild`) VALUES
(100525, 5.158366203308105468, 8.399999618530273437, 0, 37474),
(100528, 6.574573993682861328, 7.0839996337890625, 0, 37474),
(100526, 7.231864452362060546, 9.600000381469726562, 0, 37474),
(98959, 0.462463796138763427, 0.699999988079071044, 0, 37474),
(94139, 0.200000002980232238, 2, 0, 37474),
(94421, 1.633887887001037597, 1.399999976158142089, 0, 37474),
(93904, 1.358899712562561035, 1.149999976158142089, 0, 37474),
(94419, 1.342122197151184082, 1.149999976158142089, 0, 37474),
(99225, 0.450024068355560302, 0.699999988079071044, 0, 37474);

UPDATE `creature_model_info` SET `BoundingRadius`=3.875655651092529296, `CombatReach`=4.049999713897705078, `VerifiedBuild`=37474 WHERE `DisplayID`=96373;
UPDATE `creature_model_info` SET `BoundingRadius`=3.185197830200195312, `CombatReach`=3.432000160217285156, `VerifiedBuild`=37474 WHERE `DisplayID`=93939;
UPDATE `creature_model_info` SET `BoundingRadius`=0.93155074119567871, `CombatReach`=1.5, `VerifiedBuild`=37474 WHERE `DisplayID`=95011;
UPDATE `creature_model_info` SET `BoundingRadius`=1.704095959663391113, `CombatReach`=1.80000007152557373, `VerifiedBuild`=37474 WHERE `DisplayID`=95943;
UPDATE `creature_model_info` SET `BoundingRadius`=1.045066714286804199, `CombatReach`=3.510000228881835937, `VerifiedBuild`=37474 WHERE `DisplayID`=95944;
UPDATE `creature_model_info` SET `BoundingRadius`=3.185197830200195312, `CombatReach`=3.432000160217285156, `VerifiedBuild`=37474 WHERE `DisplayID`=94046;
UPDATE `creature_model_info` SET `BoundingRadius`=0.965654373168945312, `CombatReach`=1.019999980926513671, `VerifiedBuild`=37474 WHERE `DisplayID`=95384;
UPDATE `creature_model_info` SET `BoundingRadius`=0.919484734535217285, `CombatReach`=0.625, `VerifiedBuild`=37474 WHERE `DisplayID`=95788;
UPDATE `creature_model_info` SET `BoundingRadius`=2.300529718399047851, `CombatReach`=2.43000030517578125, `VerifiedBuild`=37474 WHERE `DisplayID`=95379;
UPDATE `creature_model_info` SET `BoundingRadius`=0.629497289657592773, `CombatReach`=1.125, `VerifiedBuild`=37474 WHERE `DisplayID`=98197;
UPDATE `creature_model_info` SET `BoundingRadius`=0.769385576248168945, `CombatReach`=1.375, `VerifiedBuild`=37474 WHERE `DisplayID`=96211;
UPDATE `creature_model_info` SET `BoundingRadius`=0.699441432952880859, `CombatReach`=1.25, `VerifiedBuild`=37474 WHERE `DisplayID`=96208;
UPDATE `creature_model_info` SET `BoundingRadius`=1.103381752967834472, `CombatReach`=0.75, `VerifiedBuild`=37474 WHERE `DisplayID`=95787;
UPDATE `creature_model_info` SET `BoundingRadius`=1.370500564575195312, `CombatReach`=1.199999928474426269, `VerifiedBuild`=37474 WHERE `DisplayID`=11094;
UPDATE `creature_model_info` SET `BoundingRadius`=1.211015939712524414, `CombatReach`=1.949999928474426269, `VerifiedBuild`=37474 WHERE `DisplayID`=95559;
UPDATE `creature_model_info` SET `BoundingRadius`=1.211015939712524414, `CombatReach`=1.949999928474426269, `VerifiedBuild`=37474 WHERE `DisplayID`=94760;
UPDATE `creature_model_info` SET `BoundingRadius`=1.43648529052734375, `CombatReach`=1.80000007152557373, `VerifiedBuild`=37474 WHERE `DisplayID`=95112;
UPDATE `creature_model_info` SET `BoundingRadius`=0.766382217407226562, `CombatReach`=2.574000120162963867, `VerifiedBuild`=37474 WHERE `DisplayID`=95963;
UPDATE `creature_model_info` SET `BoundingRadius`=0.696711122989654541, `CombatReach`=2.340000152587890625, `VerifiedBuild`=37474 WHERE `DisplayID`=98076;
UPDATE `creature_model_info` SET `BoundingRadius`=0.839329779148101806, `CombatReach`=1.5, `VerifiedBuild`=37474 WHERE `DisplayID`=96209;
UPDATE `creature_model_info` SET `BoundingRadius`=1.007195711135864257, `CombatReach`=1.80000007152557373, `VerifiedBuild`=37474 WHERE `DisplayID`=96115;
UPDATE `creature_model_info` SET `BoundingRadius`=0.208800002932548522, `CombatReach`=0.300000011920928955, `VerifiedBuild`=37474 WHERE `DisplayID`=42677;
UPDATE `creature_model_info` SET `BoundingRadius`=1.063486695289611816, `CombatReach`=0.899999976158142089, `VerifiedBuild`=37474 WHERE `DisplayID`=94919;
UPDATE `creature_model_info` SET `BoundingRadius`=0.38573494553565979, `CombatReach`=0.60000002384185791 WHERE `DisplayID`=94304;
UPDATE `creature_model_info` SET `BoundingRadius`=1.167062759399414062, `CombatReach`=1, `VerifiedBuild`=37474 WHERE `DisplayID`=93492;
UPDATE `creature_model_info` SET `BoundingRadius`=9.597417831420898437, `CombatReach`=6, `VerifiedBuild`=37474 WHERE `DisplayID`=95115;
UPDATE `creature_model_info` SET `BoundingRadius`=1.181651949882507324, `CombatReach`=1, `VerifiedBuild`=37474 WHERE `DisplayID`=96142;
UPDATE `creature_model_info` SET `BoundingRadius`=0.849778711795806884, `VerifiedBuild`=37474 WHERE `DisplayID`=77177;
UPDATE `creature_model_info` SET `BoundingRadius`=1.167062759399414062, `CombatReach`=1, `VerifiedBuild`=37474 WHERE `DisplayID`=95547;
UPDATE `creature_model_info` SET `BoundingRadius`=0.450024068355560302, `CombatReach`=0.699999988079071044, `VerifiedBuild`=37474 WHERE `DisplayID`=99322;
UPDATE `creature_model_info` SET `BoundingRadius`=1.795606613159179687, `CombatReach`=2.25, `VerifiedBuild`=37474 WHERE `DisplayID`=95227;
UPDATE `creature_model_info` SET `BoundingRadius`=1.024705767631530761, `CombatReach`=1.649999856948852539, `VerifiedBuild`=37474 WHERE `DisplayID`=95223;
UPDATE `creature_model_info` SET `BoundingRadius`=1.024705886840820312, `CombatReach`=1.65000009536743164, `VerifiedBuild`=37474 WHERE `DisplayID`=95225;
UPDATE `creature_model_info` SET `BoundingRadius`=0.880216360092163085, `CombatReach`=1.80000007152557373, `VerifiedBuild`=37474 WHERE `DisplayID`=95231;
UPDATE `creature_model_info` SET `BoundingRadius`=0.699441432952880859, `CombatReach`=1.25, `VerifiedBuild`=37474 WHERE `DisplayID`=96133;
UPDATE `creature_model_info` SET `BoundingRadius`=1.925473213195800781, `CombatReach`=3.9375, `VerifiedBuild`=37474 WHERE `DisplayID`=94780;
UPDATE `creature_model_info` SET `BoundingRadius`=0.559553146362304687, `CombatReach`=1, `VerifiedBuild`=37474 WHERE `DisplayID`=96059;
UPDATE `creature_model_info` SET `BoundingRadius`=0.652085483074188232, `CombatReach`=1.049999952316284179, `VerifiedBuild`=37474 WHERE `DisplayID`=94757;
UPDATE `creature_model_info` SET `BoundingRadius`=4.040700435638427734, `VerifiedBuild`=37474 WHERE `DisplayID`=95653;
UPDATE `creature_model_info` SET `BoundingRadius`=0.652085483074188232, `CombatReach`=1.049999952316284179, `VerifiedBuild`=37474 WHERE `DisplayID`=94791;
UPDATE `creature_model_info` SET `BoundingRadius`=1.181651949882507324, `CombatReach`=1, `VerifiedBuild`=37474 WHERE `DisplayID`=99134;
UPDATE `creature_model_info` SET `BoundingRadius`=0.827536225318908691, `CombatReach`=0.5625, `VerifiedBuild`=37474 WHERE `DisplayID`=95785;
UPDATE `creature_model_info` SET `BoundingRadius`=0.578602373600006103, `CombatReach`=0.899999976158142089, `VerifiedBuild`=37474 WHERE `DisplayID`=99212;
UPDATE `creature_model_info` SET `BoundingRadius`=0.699441432952880859, `CombatReach`=1.25, `VerifiedBuild`=37474 WHERE `DisplayID`=96060;
UPDATE `creature_model_info` SET `BoundingRadius`=0.594596326351165771, `CombatReach`=0.899999976158142089, `VerifiedBuild`=37474 WHERE `DisplayID`=99209;
UPDATE `creature_model_info` SET `BoundingRadius`=0.578602373600006103, `CombatReach`=0.899999976158142089, `VerifiedBuild`=37474 WHERE `DisplayID`=99211;
UPDATE `creature_model_info` SET `BoundingRadius`=0.347687602043151855, `CombatReach`=0.225000008940696716, `VerifiedBuild`=37474 WHERE `DisplayID`=94404;
UPDATE `creature_model_info` SET `BoundingRadius`=1.164438486099243164, `CombatReach`=1.875, `VerifiedBuild`=37474 WHERE `DisplayID`=94834;
UPDATE `creature_model_info` SET `BoundingRadius`=3.447134733200073242, `CombatReach`=5, `VerifiedBuild`=37474 WHERE `DisplayID`=94924;
UPDATE `creature_model_info` SET `BoundingRadius`=0.594596326351165771, `CombatReach`=0.899999976158142089, `VerifiedBuild`=37474 WHERE `DisplayID`=99208;
UPDATE `creature_model_info` SET `BoundingRadius`=0.347687602043151855, `CombatReach`=0.225000008940696716, `VerifiedBuild`=37474 WHERE `DisplayID`=94406;
UPDATE `creature_model_info` SET `BoundingRadius`=3.447134733200073242, `CombatReach`=5, `VerifiedBuild`=37474 WHERE `DisplayID`=94913;
UPDATE `creature_model_info` SET `BoundingRadius`=0.660662591457366943, `CombatReach`=1, `VerifiedBuild`=37474 WHERE `DisplayID`=99272;
UPDATE `creature_model_info` SET `BoundingRadius`=7.146694183349609375, `CombatReach`=6.75, `VerifiedBuild`=37474 WHERE `DisplayID`=95666;
UPDATE `creature_model_info` SET `BoundingRadius`=1.087128281593322753, `CombatReach`=1.5, `VerifiedBuild`=37474 WHERE `DisplayID`=92676;
UPDATE `creature_model_info` SET `BoundingRadius`=1.004404187202453613, `CombatReach`=0.85000002384185791, `VerifiedBuild`=37474 WHERE `DisplayID`=93535;
UPDATE `creature_model_info` SET `BoundingRadius`=0.629742622375488281, `VerifiedBuild`=37474 WHERE `DisplayID`=99714;
UPDATE `creature_model_info` SET `BoundingRadius`=1.400475382804870605, `CombatReach`=1.20000004768371582, `VerifiedBuild`=37474 WHERE `DisplayID`=93199;
UPDATE `creature_model_info` SET `BoundingRadius`=0.855444133281707763, `CombatReach`=1 WHERE `DisplayID`=94227;
UPDATE `creature_model_info` SET `BoundingRadius`=1.181651949882507324, `CombatReach`=1 WHERE `DisplayID`=93534;
UPDATE `creature_model_info` SET `BoundingRadius`=1.726841688156127929, `VerifiedBuild`=37474 WHERE `DisplayID`=94248;
UPDATE `creature_model_info` SET `BoundingRadius`=0.341110587120056152, `VerifiedBuild`=37474 WHERE `DisplayID`=96577;
UPDATE `creature_model_info` SET `BoundingRadius`=0.816943943500518798, `CombatReach`=0.699999988079071044 WHERE `DisplayID`=93191;
UPDATE `creature_model_info` SET `BoundingRadius`=0.59733593463897705, `VerifiedBuild`=37474 WHERE `DisplayID`=53878;
UPDATE `creature_model_info` SET `BoundingRadius`=5.544991016387939453, `CombatReach`=11.5, `VerifiedBuild`=37474 WHERE `DisplayID`=93500;
UPDATE `creature_model_info` SET `BoundingRadius`=0.190972283482551574, `CombatReach`=0.400000005960464477, `VerifiedBuild`=37474 WHERE `DisplayID`=94167;
UPDATE `creature_model_info` SET `BoundingRadius`=4.03974151611328125, `CombatReach`=1 WHERE `DisplayID`=93472;
UPDATE `creature_model_info` SET `BoundingRadius`=2.826015710830688476, `CombatReach`=2.25, `VerifiedBuild`=37474 WHERE `DisplayID`=94400;
UPDATE `creature_model_info` SET `BoundingRadius`=2.658716917037963867, `CombatReach`=2.25, `VerifiedBuild`=37474 WHERE `DisplayID`=95016;
UPDATE `creature_model_info` SET `BoundingRadius`=2.658716917037963867, `CombatReach`=2.25, `VerifiedBuild`=37474 WHERE `DisplayID`=95013;
UPDATE `creature_model_info` SET `BoundingRadius`=1.167062759399414062, `CombatReach`=1 WHERE `DisplayID`=93241;
UPDATE `creature_model_info` SET `BoundingRadius`=1.413266658782958984, `CombatReach`=1.949999928474426269, `VerifiedBuild`=37474 WHERE `DisplayID`=92661;
UPDATE `creature_model_info` SET `BoundingRadius`=1.367077827453613281, `CombatReach`=3 WHERE `DisplayID`=92191;
UPDATE `creature_model_info` SET `BoundingRadius`=0.843031287193298339, `CombatReach`=1.85000002384185791 WHERE `DisplayID`=92192;
UPDATE `creature_model_info` SET `BoundingRadius`=1.342122197151184082, `CombatReach`=1.149999976158142089, `VerifiedBuild`=37474 WHERE `DisplayID`=93494;
UPDATE `creature_model_info` SET `BoundingRadius`=0.450024068355560302, `CombatReach`=0.699999988079071044, `VerifiedBuild`=37474 WHERE `DisplayID`=94136;
UPDATE `creature_model_info` SET `BoundingRadius`=0.842577219009399414, `CombatReach`=1 WHERE `DisplayID`=94277;
UPDATE `creature_model_info` SET `BoundingRadius`=1.413266658782958984, `CombatReach`=1.949999928474426269, `VerifiedBuild`=37474 WHERE `DisplayID`=92677;
UPDATE `creature_model_info` SET `BoundingRadius`=1.358899712562561035, `CombatReach`=1.149999976158142089, `VerifiedBuild`=37474 WHERE `DisplayID`=94918;
UPDATE `creature_model_info` SET `BoundingRadius`=1.012805461883544921, `CombatReach`=1.20000004768371582 WHERE `DisplayID`=92664;
UPDATE `creature_model_info` SET `BoundingRadius`=1.582508563995361328, `CombatReach`=1.875 WHERE `DisplayID`=92534;
UPDATE `creature_model_info` SET `BoundingRadius`=0.558530092239379882, `CombatReach`=1.5 WHERE `DisplayID`=98493;
UPDATE `creature_model_info` SET `BoundingRadius`=3.635767221450805664, `CombatReach`=0.899999976158142089 WHERE `DisplayID`=93470;
UPDATE `creature_model_info` SET `BoundingRadius`=1.65574193000793457, `CombatReach`=0.75 WHERE `DisplayID`=93496;
UPDATE `creature_model_info` SET `BoundingRadius`=0.441531181335449218, `CombatReach`=0.200000002980232238 WHERE `DisplayID`=93498;

DELETE FROM `creature_equip_template` WHERE (`ID`=1 AND `CreatureID` IN (160882,160881,160879,160875,158651,158619,154635)) OR (`ID`=7 AND `CreatureID`=166964) OR (`ID`=6 AND `CreatureID`=166964) OR (`ID`=5 AND `CreatureID`=166964);
INSERT INTO `creature_equip_template` (`CreatureID`, `ID`, `ItemID1`, `AppearanceModID1`, `ItemVisual1`, `ItemID2`, `AppearanceModID2`, `ItemVisual2`, `ItemID3`, `AppearanceModID3`, `ItemVisual3`) VALUES
(160882, 1, 28739, 0, 0, 0, 0, 0, 0, 0, 0), -- Nikara Blackheart
(160881, 1, 171945, 0, 0, 0, 0, 0, 107793, 0, 0), -- Trueshot Hurler
(160879, 1, 171131, 0, 0, 124446, 0, 0, 0, 0, 0), -- Forsworn Guardsman
(160875, 1, 182151, 0, 0, 0, 0, 0, 0, 0, 0), -- Sophia
(158651, 1, 152342, 0, 0, 0, 0, 0, 0, 0, 0), -- Agthia
(158619, 1, 171944, 0, 0, 0, 0, 0, 0, 0, 0), -- Agthian Defender
(166964, 7, 176065, 0, 0, 174403, 0, 0, 0, 0, 0), -- Disciple of Courage
(166964, 6, 174388, 0, 0, 176818, 0, 0, 0, 0, 0), -- Disciple of Courage
(166964, 5, 174416, 0, 0, 174433, 0, 0, 0, 0, 0), -- Disciple of Courage
(154635, 1, 174424, 0, 0, 0, 0, 0, 0, 0, 0); -- Pidenos

UPDATE `creature_equip_template` SET `ItemID1`=176546, `ItemID2`=176724 WHERE (`CreatureID`=163041 AND `ID`=2); -- Arena Prospect
UPDATE `creature_equip_template` SET `ItemID2`=176724, `ItemID3`=0 WHERE (`CreatureID`=157671 AND `ID`=2); -- Prime Bladeguard
UPDATE `creature_equip_template` SET `ItemID1`=174413 WHERE (`CreatureID`=174676 AND `ID`=1); -- Thenios
UPDATE `creature_equip_template` SET `ItemID1`=176074, `ItemID2`=171132 WHERE (`CreatureID`=166964 AND `ID`=4); -- Disciple of Courage
UPDATE `creature_equip_template` SET `ItemID1`=174403, `ItemID2`=0 WHERE (`CreatureID`=170517 AND `ID`=6); -- Inspired Trainee
UPDATE `creature_equip_template` SET `ItemID1`=174388, `ItemID2`=176818 WHERE (`CreatureID`=170517 AND `ID`=5); -- Inspired Trainee
UPDATE `creature_equip_template` SET `ItemID1`=176065, `ItemID2`=174403 WHERE (`CreatureID`=170517 AND `ID`=4); -- Inspired Trainee
UPDATE `creature_equip_template` SET `ItemID1`=174416, `ItemID2`=174433 WHERE (`CreatureID`=170517 AND `ID`=3); -- Inspired Trainee
UPDATE `creature_equip_template` SET `ItemID1`=171946, `ItemID2`=0 WHERE (`CreatureID`=170517 AND `ID`=2); -- Inspired Trainee
UPDATE `creature_equip_template` SET `ItemID1`=174442 WHERE (`CreatureID`=170517 AND `ID`=1); -- Inspired Trainee

DELETE FROM `gossip_menu` WHERE (`MenuId`=26420 AND `TextId`=41904) OR (`MenuId`=25663 AND `TextId`=40500) OR (`MenuId`=25591 AND `TextId`=7778) OR (`MenuId`=24812 AND `TextId`=40519) OR (`MenuId`=25646 AND `TextId`=40482) OR (`MenuId`=26686 AND `TextId`=11714) OR (`MenuId`=25903 AND `TextId`=41022) OR (`MenuId`=26284 AND `TextId`=41729) OR (`MenuId`=25690 AND `TextId`=40563) OR (`MenuId`=25574 AND `TextId`=40399) OR (`MenuId`=25551 AND `TextId` IN (40406,40364,40346,40345)) OR (`MenuId`=25332 AND `TextId`=39956) OR (`MenuId`=26682 AND `TextId`=42423) OR (`MenuId`=24803 AND `TextId`=39067) OR (`MenuId`=25568 AND `TextId`=40391);
INSERT INTO `gossip_menu` (`MenuId`, `TextId`, `VerifiedBuild`) VALUES
(26420, 41904, 37474), -- 158765 (Pelodis)
(25663, 40500, 37474), -- 167873 (Thanikos)
(25591, 7778, 37474), -- 159421 (Cassius)
(24812, 40519, 37474), -- 160037 (Polemarch Adrestes)
(25646, 40482, 37474), -- 167790 (Bola)
(26686, 11714, 37474), -- 160173 (Inkiep)
(25903, 41022, 37474), -- 158004 (Zosime)
(26284, 41729, 37474), -- 159478
(25690, 40563, 37474), -- 157696 (Nemea)
(25574, 40399, 37474), -- 167460 (Thanikos)
(25551, 40406, 37474), -- 167498 (Mikanikos)
(25551, 40364, 37474), -- 167034
(25551, 40346, 37474), -- 167034
(25332, 39956, 37474), -- 165048 (Polemarch Adrestes)
(25551, 40345, 37474), -- 167034
(26682, 42423, 37474), -- 175132 (Pathscribe Roh-Avonavi)
(24803, 39067, 37474), -- 158765 (Pelodis)
(25568, 40391, 37474); -- 167423 (Thanikos)

DELETE FROM `gossip_menu_option` WHERE (`OptionIndex`=0 AND `MenuId` IN (25663,25591,26686,25903,26682,25690,24803,25574,25568,25332,25551,26284,25646)) OR (`OptionIndex`=2 AND `MenuId` IN (25591,24812,25551)) OR (`OptionIndex`=1 AND `MenuId` IN (26686,25690,25551)) OR (`OptionIndex`=18 AND `MenuId`=25502);
INSERT INTO `gossip_menu_option` (`MenuId`, `OptionIndex`, `OptionIcon`, `OptionText`, `OptionBroadcastTextId`, `VerifiedBuild`) VALUES
(25663, 0, 0, 'I am with you.', 174338, 37474),
(25591, 2, 0, 'I need to go to the Temple of Courage.', 0, 37474),
(25591, 0, 2, 'Show me where I can fly.', 158191, 37474),
(24812, 2, 0, 'I am ready to speak to the Archon.', 0, 37474),
(26686, 1, 1, 'I\'d like to browse your goods.', 0, 37474),
(26686, 0, 5, 'Make this inn your home.', 162070, 37474),
(25903, 0, 0, 'What is this place?', 136659, 37474),
(26682, 0, 0, 'I am ready. Send me to Maldraxxus.', 0, 37474),
(25690, 1, 0, 'I choose the larion.', 0, 37474),
(25690, 0, 0, 'Why should I stand with the larion?', 0, 37474),
(24803, 0, 0, 'Everything is in place for the repair.', 0, 37474),
(25574, 0, 0, 'I am ready.', 169003, 37474),
(25568, 0, 0, 'I am ready.', 169003, 37474),
(25332, 0, 0, 'I am ready to go to Elysian Hold.', 0, 37474),
(25551, 1, 0, 'I am ready.', 169003, 37474), 
(25502, 18, 0, '|cFF0000FF(Quest)|r I need you to fix the Beacon of Invocation.', 0, 37474),
(25551, 0, 0, 'I am ready.', 169003, 37474), 
(26284, 0, 0, 'Maldraxxus has attacked Bastion.', 0, 37474),
(25646, 0, 0, 'I need assistance.', 0, 37474),
(25551, 2, 0, 'What do we do now?', 0, 37474);

DELETE FROM `gossip_menu_option_action` WHERE (`MenuId`=25591 AND `OptionIndex`=0);
INSERT INTO `gossip_menu_option_action` (`MenuId`, `OptionIndex`, `ActionMenuId`, `ActionPoiId`) VALUES
(25591, 0, 25591, 0);

UPDATE `creature_template` SET `unit_flags`=536903680 WHERE `entry`=166649; -- Champion Rin'mar
UPDATE `creature_template` SET `speed_walk`=1, `speed_run`=1.142857193946838378 WHERE `entry`=166602; -- Bladesworn Combatant
UPDATE `creature_template` SET `unit_flags2`=35653632 WHERE `entry`=166614; -- Stitched Pitfighter
UPDATE `creature_template` SET `unit_flags`=33280 WHERE `entry`=166611; -- Skeletal Competitor
UPDATE `creature_template` SET `maxlevel`=54 WHERE `entry`=172581; -- Slimelet
UPDATE `creature_template` SET `npcflag`=0 WHERE `entry`=170191; -- Stringy Spore
UPDATE `creature_template` SET `gossip_menu_id`=26284 WHERE `entry`=159478; -- -0-
UPDATE `creature_template` SET `unit_flags2`=2048 WHERE `entry`=164803; -- -0-
UPDATE `creature_template` SET `unit_flags2`=4229120 WHERE `entry`=156698; -- -0-
UPDATE `creature_template` SET `unit_flags2`=32768, `dynamicflags`=128 WHERE `entry`=166165; -- -0-
UPDATE `creature_template` SET `unit_flags`=32768 WHERE `entry`=166755; -- Loyal Acolyte
UPDATE `creature_template` SET `gossip_menu_id`=9821 WHERE `entry`=175444; -- Beastkeeper Ismene
UPDATE `creature_template` SET `gossip_menu_id`=9868 WHERE `entry`=175621; -- Caretaker Kristina
UPDATE `creature_template` SET `gossip_menu_id`=6944 WHERE `entry`=175457; -- Adrina
UPDATE `creature_template` SET `gossip_menu_id`=6944 WHERE `entry`=159125; -- Klassia
UPDATE `creature_template` SET `unit_flags`=32784 WHERE `entry`=164371; -- Forsworn Looter
UPDATE `creature_template` SET `minlevel`=52, `maxlevel`=52, `npcflag`=16777216, `speed_run`=0.992062866687774658, `BaseAttackTime`=2000, `unit_flags`=32768, `unit_flags2`=2048 WHERE `entry`=159915; -- Gatamatos
UPDATE `creature_template` SET `minlevel`=52, `maxlevel`=52, `npcflag`=16777216, `speed_run`=0.992062866687774658, `BaseAttackTime`=2000, `unit_flags`=32768, `unit_flags2`=2048 WHERE `entry`=159917; -- Gatamatos
UPDATE `creature_template` SET `minlevel`=52, `maxlevel`=52, `BaseAttackTime`=2000, `unit_flags`=33554432, `unit_flags2`=2048 WHERE `entry`=160184; -- Flight Training Ring
UPDATE `creature_template` SET `minlevel`=52, `maxlevel`=52, `speed_run`=1, `BaseAttackTime`=2000, `unit_flags`=768, `unit_flags2`=67143680, `unit_flags3`=1 WHERE `entry`=160022; -- Training Gem
UPDATE `creature_template` SET `minlevel`=52, `maxlevel`=52, `speed_run`=0.992062866687774658, `BaseAttackTime`=2000, `unit_flags`=32768, `unit_flags2`=2048, `dynamicflags`=128 WHERE `entry`=159835; -- Gatamatos
UPDATE `creature_template` SET `npcflag`=0 WHERE `entry`=160255; -- Andira
UPDATE `creature_template` SET `minlevel`=52, `maxlevel`=52, `npcflag`=16777216, `speed_run`=0.992062866687774658, `BaseAttackTime`=2000, `unit_flags`=32768, `unit_flags2`=2048 WHERE `entry`=159675; -- Gatamatos
UPDATE `creature_template` SET `minlevel`=52, `maxlevel`=52, `npcflag`=16777216, `speed_run`=0.992062866687774658, `BaseAttackTime`=2000, `unit_flags`=32768, `unit_flags2`=2048 WHERE `entry`=159641; -- Gatamatos
UPDATE `creature_template` SET `minlevel`=52, `maxlevel`=52, `faction`=1665, `BaseAttackTime`=2000, `unit_flags`=32768, `unit_flags2`=2048 WHERE `entry`=160189; -- Andira
UPDATE `creature_template` SET `unit_flags`=67125248, `unit_flags3`=131072 WHERE `entry`=157277; -- -0-
UPDATE `creature_template` SET `minlevel`=51, `maxlevel`=51, `faction`=3169, `BaseAttackTime`=2000, `unit_flags`=32768, `unit_flags2`=2048, `HoverHeight`=3.5 WHERE `entry`=160882; -- Nikara Blackheart
UPDATE `creature_template` SET `minlevel`=51, `maxlevel`=51, `faction`=3169, `BaseAttackTime`=2000, `unit_flags`=32832, `unit_flags2`=33556480, `HoverHeight`=2.5 WHERE `entry`=160881; -- Trueshot Hurler
UPDATE `creature_template` SET `minlevel`=51, `maxlevel`=51, `faction`=3169, `BaseAttackTime`=2000, `unit_flags`=32768, `unit_flags2`=33556480, `HoverHeight`=2.875 WHERE `entry`=174605; -- Forsworn Anima-Weaver
UPDATE `creature_template` SET `minlevel`=51, `maxlevel`=51, `faction`=3169, `BaseAttackTime`=2000, `unit_flags`=32832, `unit_flags2`=33556480 WHERE `entry`=160879; -- Forsworn Guardsman
UPDATE `creature_template` SET `minlevel`=51, `maxlevel`=51, `faction`=3169, `BaseAttackTime`=2000, `unit_flags`=67141632, `unit_flags2`=33556480 WHERE `entry`=160877; -- Forsworn Vanguard
UPDATE `creature_template` SET `minlevel`=51, `maxlevel`=51, `faction`=2803, `BaseAttackTime`=2000, `unit_flags`=33536, `unit_flags2`=33556480 WHERE `entry`=160875; -- Sophia
UPDATE `creature_template` SET `unit_flags`=16384, `unit_flags3`=0 WHERE `entry`=168634; -- Soulwing Glimmerfly
UPDATE `creature_template` SET `unit_flags2`=2048 WHERE `entry`=158290; -- Tezulat the Annihilator
UPDATE `creature_template` SET `npcflag`=16777216, `dynamicflags`=0 WHERE `entry`=158319; -- Wounded Defender
UPDATE `creature_template` SET `unit_flags`=32832 WHERE `entry`=158256; -- Corrupted Cloudfeather
UPDATE `creature_template` SET `npcflag`=16777216 WHERE `entry`=158238; -- Void Portal
UPDATE `creature_template` SET `unit_flags2`=2048 WHERE `entry`=158161; -- Voidguard Invader
UPDATE `creature_template` SET `npcflag`=0 WHERE `entry`=166237; -- Void Gateway
UPDATE `creature_template` SET `unit_flags2`=2048 WHERE `entry`=158160; -- Seething Voidripper
UPDATE `creature_template` SET `npcflag`=2 WHERE `entry`=158178; -- Agthian Defender
UPDATE `creature_template` SET `minlevel`=52, `maxlevel`=52, `faction`=3166, `BaseAttackTime`=2000, `unit_flags`=33040, `unit_flags2`=2048 WHERE `entry`=158651; -- Agthia
UPDATE `creature_template` SET `minlevel`=52, `maxlevel`=52, `faction`=14, `speed_run`=1, `BaseAttackTime`=2000, `unit_flags`=64, `unit_flags2`=2048 WHERE `entry`=158624; -- Void Lasher
UPDATE `creature_template` SET `minlevel`=52, `maxlevel`=52, `faction`=2110, `BaseAttackTime`=2000, `unit_flags`=32768, `unit_flags2`=2048 WHERE `entry`=158619; -- Agthian Defender
UPDATE `creature_template` SET `faction`=3166, `unit_flags`=33088 WHERE `entry`=171255; -- Echo of Aella
UPDATE `creature_template` SET `gossip_menu_id`=26579 WHERE `entry`=156228; -- -0-
UPDATE `creature_template` SET `minlevel`=60, `maxlevel`=60, `faction`=16, `BaseAttackTime`=1500, `unit_flags`=32832, `unit_flags2`=2048 WHERE `entry`=171306; -- Stitched Vanguard
UPDATE `creature_template` SET `minlevel`=60, `maxlevel`=60, `faction`=16, `BaseAttackTime`=1500, `unit_flags`=32768, `unit_flags2`=2048 WHERE `entry`=171312; -- Patchwerk Soldier
UPDATE `creature_template` SET `minlevel`=60, `maxlevel`=60, `faction`=16, `BaseAttackTime`=1500, `unit_flags`=32768, `unit_flags2`=2048 WHERE `entry`=171314; -- Rot Flinger
UPDATE `creature_template` SET `minlevel`=60, `unit_flags2`=67635201 WHERE `entry`=163146; -- Collapsed Goliath
UPDATE `creature_template` SET `minlevel`=60, `unit_flags`=570458880, `unit_flags2`=67635201 WHERE `entry`=163135; -- Ascended Corpse
UPDATE `creature_template` SET `gossip_menu_id`=25574 WHERE `entry`=167460; -- Thanikos
UPDATE `creature_template` SET `npcflag`=3 WHERE `entry`=167423; -- Thanikos
UPDATE `creature_template` SET `faction`=14 WHERE `entry`=169390; -- Copperfur Vulpin
UPDATE `creature_template` SET `unit_flags`=33536, `unit_flags3`=8192 WHERE `entry`=163499; -- Temple Tender
UPDATE `creature_template` SET `unit_flags`=0 WHERE `entry`=163447; -- Stewart
UPDATE `creature_template` SET `unit_flags`=32768 WHERE `entry`=166930; -- Skullboar Spinebreaker
UPDATE `creature_template` SET `npcflag`=2, `unit_flags2`=34816 WHERE `entry`=167135; -- Mikanikos
UPDATE `creature_template` SET `maxlevel`=53 WHERE `entry`=175091; -- Necrotic Droplet
UPDATE `creature_template` SET `unit_flags2`=67584 WHERE `entry`=170821; -- Cackling Stitchsurgeon
UPDATE `creature_template` SET `unit_flags`=32768 WHERE `entry`=172124; -- Silverplume Drifter
UPDATE `creature_template` SET `npcflag`=2 WHERE `entry`=154629; -- Thenios
UPDATE `creature_template` SET `gossip_menu_id`=9821, `minlevel`=60, `maxlevel`=60, `faction`=3166, `npcflag`=1, `BaseAttackTime`=2000, `unit_flags`=32768, `unit_flags2`=2048 WHERE `entry`=174580; -- Beastkeeper Krista
UPDATE `creature_template` SET `gossip_menu_id`=10181, `minlevel`=52, `maxlevel`=52, `faction`=3166, `npcflag`=129, `BaseAttackTime`=2000, `unit_flags`=32768, `unit_flags2`=2048 WHERE `entry`=174583; -- Kostas
UPDATE `creature_template` SET `minlevel`=0, `maxlevel`=0 WHERE `entry`=174269; -- Auric Spiritguide
UPDATE `creature_template` SET `minlevel`=60, `maxlevel`=60, `faction`=3166, `npcflag`=4224, `BaseAttackTime`=2000, `unit_flags`=32768, `unit_flags2`=2048 WHERE `entry`=154635; -- Pidenos
UPDATE `creature_template` SET `minlevel`=60, `maxlevel`=60, `faction`=3166, `npcflag`=2, `BaseAttackTime`=2000, `unit_flags`=33536, `unit_flags2`=2048 WHERE `entry`=168519; -- Sika
UPDATE `creature_template` SET `BaseAttackTime`=1600 WHERE `entry`=170338; -- Ravenous Invader
UPDATE `creature_template` SET `faction`=2952 WHERE `entry`=170333; -- Goldenpaw Prowler
UPDATE `creature_template` SET `unit_flags`=32768, `unit_flags2`=2048, `unit_flags3`=0 WHERE `entry`=170335; -- Silverplume Grazer
UPDATE `creature_template` SET `dynamicflags`=0 WHERE `entry`=158767; -- Tamed Larion
UPDATE `creature_template` SET `speed_walk`=0.5, `speed_run`=0.571428596973419189 WHERE `entry`=159612; -- Leonid
UPDATE `creature_template` SET `unit_flags`=67141632 WHERE `entry`=159298; -- Gilded Cloudstrider
UPDATE `creature_template` SET `npcflag`=3 WHERE `entry`=165048; -- Polemarch Adrestes
UPDATE `creature_template` SET `gossip_menu_id`=25646 WHERE `entry`=167792; -- Deka
UPDATE `creature_template` SET `gossip_menu_id`=6944 WHERE `entry`=159423; -- Navarros
UPDATE `creature_template` SET `gossip_menu_id`=25646 WHERE `entry`=167784; -- Syla
UPDATE `creature_template` SET `gossip_menu_id`=10181 WHERE `entry`=160223; -- Zotimos
UPDATE `creature_template` SET `gossip_menu_id`=25646 WHERE `entry`=167800; -- Mupu
UPDATE `creature_template` SET `gossip_menu_id`=25646 WHERE `entry`=167773; -- Bumos
UPDATE `creature_template` SET `gossip_menu_id`=25646 WHERE `entry`=167795; -- Akiris
UPDATE `creature_template` SET `gossip_menu_id`=25646 WHERE `entry`=167794; -- Koukis
UPDATE `creature_template` SET `gossip_menu_id`=25646 WHERE `entry`=167786; -- Korinthe
UPDATE `creature_template` SET `gossip_menu_id`=25646 WHERE `entry`=167791; -- Apa
UPDATE `creature_template` SET `gossip_menu_id`=25646 WHERE `entry`=167790; -- Bola
UPDATE `creature_template` SET `gossip_menu_id`=25646 WHERE `entry`=167789; -- Laratis
UPDATE `creature_template` SET `gossip_menu_id`=25646 WHERE `entry`=167779; -- Pico
UPDATE `creature_template` SET `gossip_menu_id`=25646 WHERE `entry`=167780; -- Haka
UPDATE `creature_template` SET `gossip_menu_id`=10181 WHERE `entry`=160428; -- Taerlina
UPDATE `creature_template` SET `gossip_menu_id`=10181 WHERE `entry`=160174; -- Craftsman Repa
UPDATE `creature_template` SET `gossip_menu_id`=10181 WHERE `entry`=160430; -- Pocimos
UPDATE `creature_template` SET `gossip_menu_id`=9821 WHERE `entry`=160178; -- Eumelia
UPDATE `creature_template` SET `unit_flags`=33024 WHERE `entry`=160581; -- Giant Glimmerfly
UPDATE `creature_template` SET `gossip_menu_id`=26686 WHERE `entry`=160173; -- Inkiep
UPDATE `creature_template` SET `unit_flags`=32768, `unit_flags2`=2048, `unit_flags3`=0 WHERE `entry`=169509; -- Spirited Cloudracer
UPDATE `creature_template` SET `unit_flags`=67141632, `unit_flags3`=131072 WHERE `entry`=170932; -- Cloudfeather Guardian
UPDATE `creature_template` SET `gossip_menu_id`=25903 WHERE `entry`=158004; -- Zosime
UPDATE `creature_template` SET `unit_flags`=67141632, `unit_flags3`=131072 WHERE `entry`=158427; -- River Terrapin
UPDATE `creature_template` SET `unit_flags`=67141632 WHERE `entry`=158110; -- Anima-Starved Cloudfeather
UPDATE `creature_template` SET `faction`=3166 WHERE `entry`=156376; -- -0-
UPDATE `creature_template` SET `minlevel`=120, `maxlevel`=120 WHERE `entry`=157697; -- Lentios
UPDATE `creature_template` SET `npcflag`=16777216 WHERE `entry`=158637; -- -0-
UPDATE `creature_template` SET `HoverHeight`=2.5 WHERE `entry`=164183; -- -0-
UPDATE `creature_template` SET `unit_flags`=32768 WHERE `entry`=171189; -- Bookkeeper Mnemis
UPDATE `creature_template` SET `unit_flags3`=1 WHERE `entry`=162492; -- Forsworn Memory Fragment
UPDATE `creature_template` SET `unit_flags3`=0 WHERE `entry`=167459; -- Memory Fragment
UPDATE `creature_template` SET `unit_flags`=32768 WHERE `entry`=166872; -- Umbral Phalynx
UPDATE `creature_template` SET `unit_flags`=33587968 WHERE `entry`=167039; -- Anima Conduit
UPDATE `creature_template` SET `unit_flags`=32848 WHERE `entry`=166875; -- Dark Vault-Seeker
UPDATE `creature_template` SET `unit_flags`=33024 WHERE `entry`=166866; -- Misled Steward
UPDATE `creature_template` SET `unit_flags3`=0 WHERE `entry`=166867; -- Converted Praetor
UPDATE `creature_template` SET `faction`=14, `unit_flags`=32768 WHERE `entry`=168943; -- -0-
UPDATE `creature_template` SET `unit_flags`=33536 WHERE `entry`=160921; -- -0-
UPDATE `creature_template` SET `unit_flags`=33536, `unit_flags3`=524800 WHERE `entry`=158618; -- -0-
UPDATE `creature_template` SET `unit_flags`=32768 WHERE `entry`=168442; -- -0-
UPDATE `creature_template` SET `unit_flags`=32768, `unit_flags3`=0 WHERE `entry`=157274; -- -0-
UPDATE `creature_template` SET `unit_flags`=32768 WHERE `entry`=168407; -- -0-
UPDATE `creature_template` SET `npcflag`=2, `unit_flags2`=34816 WHERE `entry`=160637; -- -0-
UPDATE `creature_template` SET `unit_flags2`=34816 WHERE `entry`=159853; -- -0-
UPDATE `creature_template` SET `unit_flags`=33536 WHERE `entry`=157681; -- -0-

DELETE FROM `gameobject_template` WHERE `entry` IN (338620 /*Anima Barrel*/, 364884 /*Anima Gateway*/, 364986 /*Mailbox*/, 353806 /*Forge*/, 338635 /*Reinforced Armor*/, 339625 /*Sophia's Gift*/, 361387 /*Cultivated Windblossom*/, 358463 /*Oven*/, 358039 /*Anvil*/);
INSERT INTO `gameobject_template` (`entry`, `type`, `displayId`, `name`, `IconName`, `castBarCaption`, `unk1`, `size`, `Data0`, `Data1`, `Data2`, `Data3`, `Data4`, `Data5`, `Data6`, `Data7`, `Data8`, `Data9`, `Data10`, `Data11`, `Data12`, `Data13`, `Data14`, `Data15`, `Data16`, `Data17`, `Data18`, `Data19`, `Data20`, `Data21`, `Data22`, `Data23`, `Data24`, `Data25`, `Data26`, `Data27`, `Data28`, `Data29`, `Data30`, `Data31`, `Data32`, `Data33`, `ContentTuningId`, `VerifiedBuild`) VALUES
(338620, 10, 58899, 'Anima Barrel', 'questinteract', '', '', 0.5, 0, 0, 0, 1, 0, 0, 0, 0, 0, 0, 323329, 0, 0, 0, 0, 0, 0, 0, 0, 0, 1, 0, 74030, 1, 0, 0, 0, 0, 0, 0, 0, 0, 0, 0, 0, 37474), -- Anima Barrel
(364884, 22, 61216, 'Anima Gateway', 'interact', '', '', 1, 346169, -1, 0, 0, 0, 0, 1, 0, 0, 0, 0, 0, 0, 0, 0, 0, 0, 0, 0, 0, 0, 0, 0, 0, 0, 0, 0, 0, 0, 0, 0, 0, 0, 0, 0, 37474), -- Anima Gateway
(364986, 19, 59558, 'Mailbox', '', '', '', 1, 4383, 0, 0, 0, 0, 0, 0, 0, 0, 0, 0, 0, 0, 0, 0, 0, 0, 0, 0, 0, 0, 0, 0, 0, 0, 0, 0, 0, 0, 0, 0, 0, 0, 0, 0, 37474), -- Mailbox
(353806, 8, 59597, 'Forge', '', '', '', 1, 3, 10, 0, 0, 0, 0, 0, 0, 0, 0, 0, 0, 0, 0, 0, 0, 0, 0, 0, 0, 0, 0, 0, 0, 0, 0, 0, 0, 0, 0, 0, 0, 0, 0, 0, 37474), -- Forge
(338635, 10, 59138, 'Reinforced Armor', 'questinteract', '', '', 0.60000002384185791, 3294, 0, 0, 1, 0, 0, 0, 0, 0, 0, 311305, 0, 0, 0, 0, 0, 0, 1, 0, 0, 1, 0, 74038, 1, 0, 0, 0, 0, 0, 0, 0, 0, 0, 0, 0, 37474), -- Reinforced Armor
(339625, 3, 59988, 'Sophia\'s Gift', '', '', '', 0.649999976158142089, 0, 0, 1, 0, 0, 0, 0, 0, 0, 0, 0, 0, 0, 1, 0, 0, 0, 0, 743, 2, 0, 0, 0, 0, 0, 0, 0, 0, 0, 4005, 99642, 0, 0, 0, 743, 37474), -- Sophia's Gift
(361387, 3, 65591, 'Cultivated Windblossom', 'questinteract', 'Collecting', '', 0.5, 1690, 0, 0, 0, 0, 0, 0, 0, 0, 0, 0, 0, 0, 0, 19676, 0, 0, 0, 0, 0, 0, 0, 0, 0, 0, 0, 0, 0, 0, 0, 105938, 1, 0, 0, 743, 37474), -- Cultivated Windblossom
(358463, 8, 60499, 'Oven', '', '', '', 0.998394727706909179, 4, 10, 2061, 0, 0, 0, 0, 0, 0, 0, 0, 0, 0, 0, 0, 0, 0, 0, 0, 0, 0, 0, 0, 0, 0, 0, 0, 0, 0, 0, 0, 0, 0, 0, 0, 37474), -- Oven
(358039, 8, 58510, 'Anvil', '', '', '', 1, 1, 10, 0, 0, 0, 0, 0, 0, 0, 0, 0, 0, 0, 0, 0, 0, 0, 0, 0, 0, 0, 0, 0, 0, 0, 0, 0, 0, 0, 0, 0, 0, 0, 0, 0, 37474); -- Anvil


DELETE FROM `gameobject_questitem` WHERE (`GameObjectEntry`=339625 AND `Idx` IN (1,0)) OR (`GameObjectEntry`=361387 AND `Idx`=0);
INSERT INTO `gameobject_questitem` (`GameObjectEntry`, `Idx`, `ItemId`, `VerifiedBuild`) VALUES
(339625, 1, 179321, 37474), -- Sophia's Gift
(339625, 0, 179327, 37474), -- Sophia's Gift
(361387, 0, 183967, 37474); -- Cultivated Windblossom

UPDATE `gameobject_questitem` SET `ItemId`=178047, `VerifiedBuild`=37474 WHERE (`GameObjectEntry`=350065 AND `Idx`=0); -- Creased Scroll
UPDATE `gameobject_questitem` SET `ItemId`=178049, `VerifiedBuild`=37474 WHERE (`GameObjectEntry`=350064 AND `Idx`=0); -- Battered Scrollcase
UPDATE `gameobject_questitem` SET `ItemId`=178048, `VerifiedBuild`=37474 WHERE (`GameObjectEntry`=350067 AND `Idx`=0); -- Tattered Scroll
UPDATE `gameobject_questitem` SET `ItemId`=178050, `VerifiedBuild`=37474 WHERE (`GameObjectEntry`=350066 AND `Idx`=0); -- Dusty Scroll Bundle

